"eventname","userid","timecreated"
"\core\event\course_viewed","1001","1717071230"
"\core\event\course_viewed","1001","1717071238"
"\mod_forum\event\discussion_viewed","1001","1717071295"
"\core\event\course_viewed","1001","1717071310"
"\core\event\course_viewed","1001","1717071320"
"\core\event\course_viewed","1001","1717071325"
"\core\event\course_viewed","1001","1717071328"
"\core\event\course_viewed","1001","1717071332"
"\core\event\course_viewed","1001","1717071340"
"\core\event\course_viewed","1001","1717071345"
"\core\event\course_viewed","1001","1717071348"
"\mod_workshop\event\course_module_viewed","1001","1717071358"
"\mod_workshop\event\course_module_viewed","1001","1717071512"
"\core\event\course_viewed","1001","1717071520"
"\core\event\course_viewed","1001","1717071528"
"\core\event\course_viewed","1001","1717165915"
"\mod_workshop\event\course_module_viewed","1001","1717165920"
"\core\event\course_viewed","1001","1717167878"
"\core\event\course_viewed","1001","1717167932"
"\core\event\course_viewed","1001","1717344312"
"\core\event\course_viewed","1001","1717345690"
"\core\event\course_viewed","1001","1717345695"
"\core\event\course_viewed","1001","1717345698"
"\core\event\course_viewed","1001","1717345700"
"\core\event\course_viewed","1001","1717345702"
"\core\event\course_viewed","1001","1717345705"
"\core\event\course_viewed","1001","1717345715"
"\core\event\course_viewed","1001","1717345748"
"\core\event\course_viewed","1001","1717345752"
"\gradereport_user\event\grade_report_viewed","1001","1717345770"
"\core\event\course_viewed","1001","1717345790"
"\mod_resource\event\course_module_viewed","1001","1717346932"
"\core\event\course_viewed","1001","1717347020"
"\core\event\course_viewed","1001","1717357205"
"\core\event\course_viewed","1001","1718169868"
"\core\event\course_viewed","1001","1718169870"
"\core\event\course_viewed","1001","1718169872"
"\core\event\course_viewed","1001","1718169878"
"\core\event\course_viewed","1001","1718169885"
"\core\event\user_list_viewed","1001","1718169898"
"\core\event\course_viewed","1001","1718169902"
"\core\event\course_viewed","1001","1718169905"
"\core\event\course_viewed","1001","1718169915"
"\mod_workshop\event\course_module_viewed","1001","1718169918"
"\core\event\course_viewed","1001","1718290958"
"\mod_workshop\event\course_module_viewed","1001","1718290972"
"\mod_resource\event\course_module_viewed","1001","1718290985"
"\core\event\course_viewed","1001","1718291395"
"\mod_resource\event\course_module_viewed","1001","1718291405"
"\core\event\course_viewed","1001","1718500645"
"\core\event\course_viewed","1001","1718500650"
"\mod_workshop\event\course_module_viewed","1001","1718500658"
"\mod_workshop\event\submission_assessed","1001","1718500660"
"\mod_workshop\event\submission_reassessed","1001","1718500675"
"\mod_workshop\event\course_module_viewed","1001","1718500678"
"\mod_workshop\event\submission_created","1001","1718500698"
"\mod_workshop\event\submission_updated","1001","1718500700"
"\mod_workshop\event\assessable_uploaded","1001","1718500710"
"\mod_workshop\event\submission_viewed","1001","1718500712"
"\core\event\course_viewed","1001","1718501030"
"\core\event\course_viewed","1001","1718501378"
"\core\event\course_viewed","1001","1718501382"
"\mod_workshop\event\course_module_viewed","1001","1718501390"
"\core\event\course_viewed","1001","1718501402"
"\mod_resource\event\course_module_viewed","1001","1718501445"
"\core\event\course_viewed","1001","1718501470"
"\mod_forum\event\course_module_viewed","1001","1718501475"
"\core\event\course_viewed","1001","1718510452"
"\mod_workshop\event\course_module_viewed","1001","1718510465"
"\core\event\course_viewed","1001","1718510478"
"\mod_workshop\event\course_module_viewed","1001","1718510485"
"\mod_workshop\event\submission_updated","1001","1718510490"
"\mod_workshop\event\assessable_uploaded","1001","1718510492"
"\core\event\course_viewed","1001","1718517455"
"\mod_workshop\event\course_module_viewed","1001","1718517465"
"\mod_workshop\event\course_module_viewed","1001","1718517528"
"\mod_workshop\event\submission_reassessed","1001","1718517535"
"\mod_workshop\event\course_module_viewed","1001","1718517538"
"\core\event\course_viewed","1001","1718691325"
"\core\event\course_viewed","1001","1718691438"
"\mod_resource\event\course_module_viewed","1001","1718691440"
"\mod_resource\event\course_module_viewed","1001","1718691452"
"\core\event\course_viewed","1001","1718691458"
"\core\event\course_viewed","1001","1718691462"
"\core\event\course_viewed","1001","1718691475"
"\core\event\course_viewed","1001","1718691480"
"\mod_resource\event\course_module_viewed","1001","1718691490"
"\core\event\course_viewed","1001","1718693568"
"\core\event\course_viewed","1001","1718759772"
"\mod_forum\event\course_module_viewed","1001","1718759775"
"\mod_forum\event\discussion_viewed","1001","1718759780"
"\core\event\course_viewed","1001","1718759840"
"\mod_resource\event\course_module_viewed","1001","1718760128"
"\core\event\course_viewed","1001","1718760188"
"\core\event\course_viewed","1001","1718760190"
"\mod_resource\event\course_module_viewed","1001","1718760192"
"\mod_workshop\event\submission_created","1001","1718770292"
"\mod_workshop\event\submission_updated","1001","1718770298"
"\mod_workshop\event\submission_created","1001","1718770300"
"\core\event\course_viewed","1001","1718783258"
"\mod_resource\event\course_module_viewed","1001","1718783268"
"\mod_resource\event\course_module_viewed","1001","1718783272"
"\core\event\course_viewed","1001","1718800595"
"\gradereport_user\event\grade_report_viewed","1001","1718800598"
"\mod_workshop\event\course_module_viewed","1001","1718800610"
"\core\event\course_viewed","1001","1718800640"
"\core\event\course_viewed","1001","1718800678"
"\mod_workshop\event\course_module_viewed","1001","1718801022"
"\core\event\user_profile_viewed","1001","1718801032"
"\core\event\course_viewed","1001","1719040070"
"\core\event\course_viewed","1001","1719040078"
"\mod_resource\event\course_module_viewed","1001","1719040085"
"\core\event\course_viewed","1001","1720161675"
"\core\event\course_viewed","1001","1720161685"
"\core\event\course_viewed","1001","1720167782"
"\core\event\course_viewed","1001","1720167788"
"\core\event\course_viewed","1001","1720167790"
"\mod_resource\event\course_module_viewed","1001","1720169725"
"\core\event\course_viewed","1001","1720177590"
"\mod_resource\event\course_module_viewed","1001","1720182612"
"\core\event\course_viewed","1001","1720182625"
"\core\event\course_viewed","1001","1720182750"
"\mod_workshop\event\course_module_viewed","1001","1720182762"
"\mod_workshop\event\submission_viewed","1001","1720182778"
"\mod_workshop\event\submission_updated","1001","1720182788"
"\mod_workshop\event\submission_created","1001","1720182790"
"\mod_workshop\event\assessable_uploaded","1001","1720182792"
"\core\event\course_viewed","1001","1720182818"
"\mod_workshop\event\course_module_viewed","1001","1720182825"
"\core\event\course_viewed","1001","1720183162"
"\core\event\course_viewed","1001","1720183170"
"\core\event\course_viewed","1001","1720183192"
"\mod_forum\event\course_module_viewed","1001","1720183198"
"\core\event\course_viewed","1001","1720183218"
"\core\event\course_viewed","1001","1720183238"
"\core\event\course_viewed","1001","1720183242"
"\core\event\course_viewed","1001","1720183262"
"\core\event\course_viewed","1001","1720183268"
"\mod_resource\event\course_module_viewed","1001","1720183278"
"\mod_resource\event\course_module_viewed","1001","1720183280"
"\core\event\course_viewed","1001","1720187435"
"\core\event\course_viewed","1001","1720187692"
"\mod_resource\event\course_module_viewed","1001","1720187750"
"\core\event\course_viewed","1001","1720191202"
"\core\event\course_viewed","1001","1720959095"
"\core\event\course_viewed","1001","1720959102"
"\core\event\course_viewed","1001","1720959110"
"\core\event\course_viewed","1001","1720959115"
"\core\event\course_viewed","1001","1720959122"
"\core\event\course_viewed","1001","1720959142"
"\core\event\course_viewed","1001","1720959168"
"\core\event\course_viewed","1001","1720959170"
"\core\event\course_viewed","1001","1720959180"
"\core\event\course_viewed","1001","1720959185"
"\gradereport_user\event\grade_report_viewed","1001","1720959210"
"\core\event\course_viewed","1001","1721318838"
"\mod_resource\event\course_module_viewed","1001","1721318850"
"\mod_resource\event\course_module_viewed","1001","1721318852"
"\core\event\course_viewed","1001","1721320220"
"\core\event\course_viewed","1001","1721320228"
"\core\event\course_viewed","1001","1721323322"
"\mod_workshop\event\course_module_viewed","1001","1721323328"
"\core\event\course_viewed","1001","1721323360"
"\core\event\course_viewed","1001","1721323362"
"\mod_workshop\event\course_module_viewed","1001","1721323375"
"\mod_workshop\event\submission_assessed","1001","1721323378"
"\mod_workshop\event\submission_assessed","1001","1721324372"
"\mod_workshop\event\course_module_viewed","1001","1721324388"
"\core\event\course_viewed","1001","1721324395"
"\core\event\course_viewed","1001","1721324398"
"\gradereport_user\event\grade_report_viewed","1001","1721324402"
"\core\event\course_viewed","1001","1721324422"
"\core\event\course_viewed","1001","1721324435"
"\core\event\course_viewed","1001","1721324440"
"\mod_workshop\event\course_module_viewed","1001","1721324448"
"\core\event\course_viewed","1001","1721324482"
"\core\event\course_viewed","1001","1721324488"
"\core\event\course_viewed","1001","1721324515"
"\mod_url\event\course_module_viewed","1001","1721324522"
"\core\event\course_viewed","1001","1721324675"
"\core\event\course_viewed","1001","1721324680"
"\core\event\course_viewed","1001","1721324728"
"\core\event\course_viewed","1001","1721324732"
"\mod_mail\event\course_module_viewed","1001","1721324765"
"\mod_mail\event\course_module_viewed","1001","1721324772"
"\mod_mail\event\course_module_viewed","1001","1721324778"
"\core\event\course_viewed","1001","1721324832"
"\core\event\course_viewed","1001","1721324835"
"\core\event\course_viewed","1001","1721324852"
"\mod_workshop\event\course_module_viewed","1001","1721324878"
"\core\event\course_viewed","1001","1721324885"
"\mod_url\event\course_module_viewed","1001","1721324895"
"\mod_resource\event\course_module_viewed","1001","1721324908"
"\core\event\course_viewed","1001","1721324925"
"\core\event\course_viewed","1001","1721324948"
"\core\event\course_viewed","1001","1721324960"
"\mod_resource\event\course_module_viewed","1001","1721324968"
"\mod_url\event\course_module_viewed","1001","1721325100"
"\core\event\course_viewed","1001","1721329378"
"\core\event\course_viewed","1001","1721329380"
"\core\event\course_viewed","1001","1721329388"
"\core\event\course_viewed","1001","1721329438"
"\core\event\course_viewed","1001","1721329440"
"\mod_resource\event\course_module_viewed","1001","1721329442"
"\core\event\course_viewed","1001","1721329450"
"\mod_resource\event\course_module_viewed","1001","1721329492"
"\core\event\course_viewed","1001","1721329500"
"\core\event\course_viewed","1001","1721329582"
"\mod_workshop\event\course_module_viewed","1001","1721329612"
"\core\event\course_viewed","1001","1721329625"
"\core\event\course_viewed","1001","1721558395"
"\core\event\course_viewed","1001","1721558402"
"\mod_resource\event\course_module_viewed","1001","1721558448"
"\mod_workshop\event\course_module_viewed","1001","1721558452"
"\mod_workshop\event\assessable_uploaded","1001","1721561510"
"\mod_workshop\event\submission_viewed","1001","1721561512"
"\mod_workshop\event\assessable_uploaded","1001","1721561522"
"\mod_workshop\event\submission_updated","1001","1721561525"
"\core\event\course_viewed","1001","1721636568"
"\core\event\course_viewed","1001","1721641865"
"\core\event\course_viewed","1001","1721641868"
"\core\event\course_viewed","1001","1721641878"
"\core\event\course_viewed","1001","1721641885"
"\core\event\course_viewed","1001","1721641888"
"\core\event\course_viewed","1001","1722250878"
"\mod_workshop\event\course_module_viewed","1001","1722250882"
"\core\event\course_viewed","1001","1722250892"
"\mod_resource\event\course_module_viewed","1001","1722250900"
"\core\event\course_viewed","1001","1722251420"
"\mod_mail\event\course_module_viewed","1001","1722251425"
"\core\event\course_viewed","1001","1722251712"
"\core\event\course_viewed","1001","1722251725"
"\core\event\course_viewed","1001","1722251730"
"\mod_workshop\event\course_module_viewed","1001","1722251760"
"\core\event\course_viewed","1001","1722251850"
"\mod_workshop\event\course_module_viewed","1001","1722253500"
"\mod_workshop\event\submission_viewed","1001","1722257532"
"\core\event\course_viewed","1001","1722257548"
"\core\event\course_viewed","1001","1722257552"
"\core\event\course_viewed","1001","1722257572"
"\core\event\course_viewed","1001","1722257575"
"\core\event\course_viewed","1001","1722257582"
"\core\event\course_viewed","1001","1722257712"
"\core\event\course_viewed","1001","1722257730"
"\mod_resource\event\course_module_viewed","1001","1722257738"
"\core\event\course_viewed","1001","1722265792"
"\core\event\course_viewed","1001","1722265795"
"\core\event\course_viewed","1001","1722265820"
"\core\event\course_viewed","1001","1722265822"
"\mod_resource\event\course_module_viewed","1001","1722266118"
"\mod_resource\event\course_module_viewed","1001","1722266122"
"\core\event\course_viewed","1001","1722266128"
"\core\event\course_viewed","1001","1722266158"
"\core\event\course_viewed","1001","1722266175"
"\core\event\course_viewed","1001","1722266242"
"\mod_workshop\event\course_module_viewed","1001","1722266252"
"\core\event\course_viewed","1001","1722266432"
"\mod_resource\event\course_module_viewed","1001","1722266550"
"\mod_resource\event\course_module_viewed","1001","1722266585"
"\mod_resource\event\course_module_viewed","1001","1722266588"
"\core\event\course_viewed","1001","1722373430"
"\mod_mail\event\course_module_viewed","1001","1722373432"
"\mod_mail\event\course_module_viewed","1001","1722373445"
"\core\event\course_viewed","1001","1722381425"
"\mod_resource\event\course_module_viewed","1001","1722381432"
"\core\event\course_viewed","1001","1722386170"
"\core\event\course_viewed","1001","1722386175"
"\mod_resource\event\course_module_viewed","1001","1722386192"
"\core\event\course_viewed","1001","1722386220"
"\mod_workshop\event\course_module_viewed","1001","1722386222"
"\core\event\course_viewed","1001","1723448412"
"\mod_resource\event\course_module_viewed","1001","1723448415"
"\core\event\course_viewed","1001","1723448465"
"\mod_resource\event\course_module_viewed","1001","1723448488"
"\core\event\course_viewed","1001","1723449560"
"\mod_resource\event\course_module_viewed","1001","1723449605"
"\mod_workshop\event\course_module_viewed","1001","1723458565"
"\core\event\course_viewed","1001","1723458568"
"\core\event\course_viewed","1001","1723538760"
"\core\event\course_viewed","1001","1723538765"
"\core\event\course_viewed","1001","1723538780"
"\mod_resource\event\course_module_viewed","1001","1723538790"
"\mod_resource\event\course_module_viewed","1001","1723543662"
"\mod_resource\event\course_module_viewed","1001","1723543670"
"\mod_workshop\event\course_module_viewed","1001","1723545178"
"\mod_resource\event\course_module_viewed","1001","1723545185"
"\mod_url\event\course_module_viewed","1001","1723545188"
"\core\event\course_viewed","1001","1723545720"
"\core\event\course_viewed","1001","1723545725"
"\core\event\course_viewed","1001","1723545738"
"\core\event\course_viewed","1001","1723545750"
"\mod_workshop\event\course_module_viewed","1001","1723545758"
"\mod_workshop\event\submission_viewed","1001","1723545818"
"\mod_workshop\event\assessable_uploaded","1001","1723545820"
"\mod_workshop\event\submission_viewed","1001","1723545822"
"\mod_workshop\event\assessable_uploaded","1001","1723545830"
"\mod_workshop\event\submission_updated","1001","1723545832"
"\mod_workshop\event\submission_created","1001","1723545875"
"\core\event\course_viewed","1001","1723545888"
"\mod_workshop\event\course_module_viewed","1001","1723545912"
"\core\event\course_viewed","1001","1723545922"
"\core\event\course_viewed","1001","1723634792"
"\core\event\course_viewed","1001","1723637912"
"\core\event\course_viewed","1001","1723637920"
"\core\event\course_viewed","1001","1723637925"
"\core\event\course_viewed","1001","1723637935"
"\core\event\course_viewed","1001","1723637940"
"\core\event\course_viewed","1001","1723638035"
"\mod_resource\event\course_module_viewed","1001","1723638042"
"\mod_workshop\event\submission_assessed","1001","1723638222"
"\mod_workshop\event\course_module_viewed","1001","1723638225"
"\mod_workshop\event\submission_updated","1001","1723638228"
"\mod_workshop\event\assessable_uploaded","1001","1723638230"
"\mod_workshop\event\submission_created","1001","1723638245"
"\core\event\course_viewed","1001","1723638278"
"\mod_url\event\course_module_viewed","1001","1723638292"
"\core\event\course_viewed","1001","1723640275"
"\core\event\course_viewed","1001","1723640355"
"\core\event\course_viewed","1001","1723640362"
"\mod_workshop\event\course_module_viewed","1001","1723640368"
"\mod_workshop\event\submission_assessed","1001","1723640442"
"\core\event\course_viewed","1001","1723936315"
"\mod_resource\event\course_module_viewed","1001","1723936322"
"\core\event\course_viewed","1001","1723936810"
"\mod_resource\event\course_module_viewed","1001","1723936822"
"\core\event\course_viewed","1001","1723940238"
"\mod_quiz\event\course_module_viewed","1001","1723940240"
"\mod_quiz\event\attempt_started","1001","1723940248"
"\mod_quiz\event\attempt_updated","1001","1723940298"
"\mod_quiz\event\attempt_summary_viewed","1001","1723940305"
"\core\event\user_graded","1001","1723940325"
"\mod_quiz\event\attempt_submitted","1001","1723940328"
"\core\event\user_graded","1001","1723940330"
"\core\event\course_viewed","1001","1723998682"
"\core\event\course_viewed","1001","1724003345"
"\mod_workshop\event\course_module_viewed","1001","1724003350"
"\mod_workshop\event\course_module_viewed","1001","1724003410"
"\mod_forum\event\discussion_viewed","1001","1724003472"
"\mod_forum\event\discussion_viewed","1001","1724004050"
"\core\event\course_viewed","1001","1724004060"
"\core\event\course_viewed","1001","1724004080"
"\mod_workshop\event\course_module_viewed","1001","1724004085"
"\core\event\course_viewed","1001","1724004098"
"\core\event\course_viewed","1001","1724004102"
"\mod_quiz\event\attempt_updated","1001","1724004165"
"\mod_quiz\event\attempt_updated","1001","1724004438"
"\mod_quiz\event\attempt_viewed","1001","1724004498"
"\mod_quiz\event\attempt_updated","1001","1724004500"
"\mod_quiz\event\attempt_viewed","1001","1724004502"
"\mod_quiz\event\attempt_viewed","1001","1724004552"
"\mod_quiz\event\attempt_viewed","1001","1724005098"
"\mod_quiz\event\attempt_updated","1001","1724005258"
"\mod_quiz\event\attempt_autosaved","1001","1724005480"
"\mod_quiz\event\attempt_updated","1001","1724005505"
"\mod_quiz\event\attempt_viewed","1001","1724005508"
"\mod_quiz\event\attempt_updated","1001","1724005510"
"\core\event\course_viewed","1001","1724138262"
"\core\event\course_viewed","1001","1724138288"
"\core\event\course_viewed","1001","1724138292"
"\mod_workshop\event\course_module_viewed","1001","1724138682"
"\core\event\course_viewed","1001","1724443782"
"\core\event\course_viewed","1002","1708800962"
"\core\event\course_viewed","1002","1708801316"
"\gradereport_user\event\grade_report_viewed","1002","1708801326"
"\core\event\course_viewed","1002","1708801461"
"\gradereport_user\event\grade_report_viewed","1002","1708801480"
"\core\event\course_viewed","1002","1708906341"
"\mod_resource\event\course_module_viewed","1002","1708906343"
"\core\event\course_viewed","1002","1708906434"
"\mod_workshop\event\course_module_viewed","1002","1708906443"
"\mod_workshop\event\submission_viewed","1002","1708906453"
"\mod_workshop\event\course_module_viewed","1002","1708906462"
"\mod_workshop\event\course_module_viewed","1002","1708906474"
"\core\event\course_viewed","1002","1708907057"
"\core\event\course_viewed","1002","1708907066"
"\mod_resource\event\course_module_viewed","1002","1708907068"
"\core\event\course_viewed","1002","1709410073"
"\core\event\course_viewed","1002","1709410082"
"\mod_resource\event\course_module_viewed","1002","1709410089"
"\mod_resource\event\course_module_viewed","1002","1709410098"
"\core\event\course_viewed","1002","1709422183"
"\core\event\course_viewed","1002","1709422192"
"\core\event\course_viewed","1002","1709422204"
"\mod_workshop\event\submission_viewed","1002","1709422208"
"\mod_workshop\event\submission_updated","1002","1709422211"
"\mod_workshop\event\assessable_uploaded","1002","1709422222"
"\core\event\course_viewed","1002","1709422330"
"\gradereport_user\event\grade_report_viewed","1002","1709422337"
"\core\event\course_viewed","1002","1709422353"
"\mod_workshop\event\course_module_viewed","1002","1709422355"
"\mod_workshop\event\course_module_viewed","1002","1709422465"
"\core\event\course_viewed","1002","1709422477"
"\core\event\course_viewed","1002","1709431369"
"\mod_resource\event\course_module_viewed","1002","1709576417"
"\core\event\course_viewed","1002","1709576422"
"\core\event\course_viewed","1002","1709576431"
"\core\event\course_viewed","1002","1709576438"
"\mod_workshop\event\course_module_viewed","1002","1709576459"
"\mod_workshop\event\submission_viewed","1002","1709578315"
"\core\event\course_viewed","1002","1709732617"
"\core\event\course_viewed","1002","1709732638"
"\core\event\course_viewed","1002","1709732664"
"\core\event\course_viewed","1002","1709732668"
"\core\event\course_viewed","1002","1709732678"
"\core\event\course_viewed","1002","1709732680"
"\mod_resource\event\course_module_viewed","1002","1709732703"
"\core\event\course_viewed","1002","1709732717"
"\core\event\course_viewed","1002","1709732724"
"\mod_resource\event\course_module_viewed","1002","1709732727"
"\mod_resource\event\course_module_viewed","1002","1709821133"
"\core\event\course_viewed","1002","1709822777"
"\mod_resource\event\course_module_viewed","1002","1709822782"
"\core\event\course_viewed","1002","1709828421"
"\core\event\course_viewed","1002","1709828423"
"\mod_forum\event\discussion_viewed","1002","1709828430"
"\gradereport_user\event\grade_report_viewed","1002","1709828484"
"\core\event\course_viewed","1002","1709828574"
"\core\event\course_viewed","1002","1709828581"
"\mod_url\event\course_module_viewed","1002","1709828591"
"\core\event\course_viewed","1002","1709831238"
"\mod_resource\event\course_module_viewed","1002","1709831256"
"\core\event\course_viewed","1002","1709831324"
"\mod_resource\event\course_module_viewed","1002","1709831331"
"\core\event\course_viewed","1002","1709832026"
"\core\event\course_viewed","1002","1709832975"
"\gradereport_user\event\grade_report_viewed","1002","1709832982"
"\core\event\course_viewed","1002","1709833136"
"\core\event\course_viewed","1002","1709833141"
"\core\event\course_viewed","1002","1709833150"
"\core\event\course_viewed","1002","1709833157"
"\mod_resource\event\course_module_viewed","1002","1709833159"
"\core\event\course_viewed","1002","1710327547"
"\mod_workshop\event\course_module_viewed","1002","1710327554"
"\mod_workshop\event\submission_assessed","1002","1710327556"
"\core\event\course_viewed","1002","1710390352"
"\core\event\course_viewed","1002","1710390378"
"\mod_workshop\event\course_module_viewed","1002","1710390397"
"\mod_workshop\event\course_module_viewed","1002","1710390677"
"\mod_workshop\event\submission_assessed","1002","1710390891"
"\mod_workshop\event\course_module_viewed","1002","1710390898"
"\core\event\course_viewed","1002","1710441295"
"\core\event\course_viewed","1002","1710441302"
"\mod_workshop\event\course_module_viewed","1002","1710441314"
"\mod_workshop\event\assessable_uploaded","1002","1710445689"
"\mod_workshop\event\submission_viewed","1002","1710445700"
"\mod_workshop\event\submission_viewed","1002","1710445712"
"\mod_workshop\event\submission_viewed","1002","1710445714"
"\core\event\course_viewed","1002","1710445773"
"\core\event\course_viewed","1002","1710445791"
"\mod_mail\event\course_module_viewed","1002","1710445796"
"\core\event\course_viewed","1002","1710445966"
"\core\event\course_viewed","1002","1711480738"
"\mod_resource\event\course_module_viewed","1002","1711480873"
"\core\event\course_viewed","1002","1711683818"
"\core\event\course_viewed","1002","1711683825"
"\core\event\course_viewed","1002","1711683835"
"\core\event\course_viewed","1002","1711683839"
"\mod_workshop\event\course_module_viewed","1002","1711683846"
"\core\event\course_viewed","1002","1711683872"
"\core\event\course_viewed","1002","1711861939"
"\core\event\course_viewed","1002","1711866158"
"\core\event\course_viewed","1002","1711866172"
"\core\event\course_viewed","1002","1711866174"
"\core\event\course_viewed","1002","1711866181"
"\core\event\course_viewed","1002","1711866214"
"\mod_workshop\event\course_module_viewed","1002","1711866221"
"\core\event\course_viewed","1002","1711866223"
"\core\event\course_viewed","1002","1711866232"
"\core\event\course_viewed","1002","1711866239"
"\core\event\course_viewed","1002","1711866246"
"\core\event\course_viewed","1002","1711866251"
"\core\event\course_viewed","1002","1711866326"
"\mod_resource\event\course_module_viewed","1002","1712092547"
"\mod_resource\event\course_module_viewed","1002","1712092579"
"\core\event\course_viewed","1002","1712099494"
"\mod_workshop\event\course_module_viewed","1002","1712099510"
"\mod_workshop\event\submission_viewed","1002","1712099522"
"\mod_workshop\event\submission_viewed","1002","1712099524"
"\mod_workshop\event\submission_viewed","1002","1712099545"
"\core\event\course_viewed","1002","1712099564"
"\core\event\course_viewed","1002","1712099566"
"\mod_resource\event\course_module_viewed","1002","1712099573"
"\core\event\course_viewed","1002","1712106431"
"\core\event\course_viewed","1002","1712106770"
"\core\event\course_viewed","1002","1712106774"
"\core\event\course_viewed","1002","1712106791"
"\core\event\course_viewed","1002","1712106800"
"\core\event\course_viewed","1002","1712347032"
"\core\event\course_viewed","1002","1712347034"
"\mod_resource\event\course_module_viewed","1002","1712347041"
"\core\event\course_viewed","1002","1712354960"
"\mod_url\event\course_module_viewed","1002","1712354965"
"\core\event\course_viewed","1002","1712355828"
"\core\event\course_viewed","1002","1712355840"
"\mod_resource\event\course_module_viewed","1002","1712355860"
"\core\event\course_viewed","1002","1712357008"
"\mod_resource\event\course_module_viewed","1002","1712357201"
"\core\event\course_viewed","1002","1712361007"
"\core\event\course_viewed","1002","1712464807"
"\core\event\course_viewed","1002","1712464816"
"\mod_forum\event\course_module_viewed","1002","1712464823"
"\core\event\course_viewed","1002","1712464828"
"\mod_resource\event\course_module_viewed","1002","1712464835"
"\mod_resource\event\course_module_viewed","1002","1712464837"
"\core\event\course_viewed","1002","1712464844"
"\core\event\course_viewed","1002","1712464849"
"\core\event\course_viewed","1002","1712464851"
"\core\event\course_viewed","1002","1712464861"
"\core\event\course_viewed","1002","1712567189"
"\mod_resource\event\course_module_viewed","1002","1712567248"
"\core\event\course_viewed","1002","1712567252"
"\mod_quiz\event\course_module_viewed","1002","1712567257"
"\mod_quiz\event\attempt_started","1002","1712567299"
"\core\event\course_viewed","1002","1712567303"
"\mod_workshop\event\course_module_viewed","1002","1712570445"
"\mod_workshop\event\submission_viewed","1002","1712570592"
"\core\event\course_viewed","1002","1712587723"
"\mod_quiz\event\course_module_viewed","1002","1712587734"
"\mod_quiz\event\attempt_viewed","1002","1712587744"
"\core\event\course_viewed","1002","1712791442"
"\mod_workshop\event\submission_assessed","1002","1712791859"
"\mod_workshop\event\submission_assessed","1002","1712791864"
"\mod_workshop\event\submission_assessed","1002","1712792529"
"\mod_workshop\event\course_module_viewed","1002","1712792533"
"\core\event\course_viewed","1002","1712792543"
"\core\event\course_viewed","1002","1712792545"
"\mod_workshop\event\course_module_viewed","1002","1712792550"
"\mod_workshop\event\course_module_viewed","1002","1712792561"
"\core\event\course_viewed","1002","1712792610"
"\gradereport_user\event\grade_report_viewed","1002","1712792615"
"\core\event\course_viewed","1002","1712792641"
"\core\event\course_viewed","1002","1712952574"
"\mod_choicegroup\event\course_module_viewed","1002","1712952581"
"\mod_choicegroup\event\course_module_viewed","1002","1712952584"
"\mod_choicegroup\event\course_module_viewed","1002","1712952586"
"\core\event\course_viewed","1002","1712952595"
"\core\event\course_viewed","1002","1712952989"
"\mod_resource\event\course_module_viewed","1002","1712954235"
"\core\event\course_viewed","1002","1712954258"
"\mod_resource\event\course_module_viewed","1002","1712954260"
"\core\event\course_viewed","1002","1712954270"
"\core\event\course_viewed","1002","1712954281"
"\mod_workshop\event\course_module_viewed","1002","1712954444"
"\mod_workshop\event\course_module_viewed","1002","1712954463"
"\mod_workshop\event\submission_reassessed","1002","1712954468"
"\mod_workshop\event\course_module_viewed","1002","1712954472"
"\mod_workshop\event\submission_assessed","1002","1712954475"
"\mod_workshop\event\course_module_viewed","1002","1712954477"
"\core\event\course_viewed","1002","1713424596"
"\core\event\course_viewed","1002","1713424598"
"\mod_resource\event\course_module_viewed","1002","1713424773"
"\core\event\course_viewed","1002","1713426631"
"\core\event\course_viewed","1002","1713426662"
"\core\event\course_viewed","1002","1713426671"
"\mod_workshop\event\course_module_viewed","1002","1713426769"
"\core\event\course_viewed","1002","1713427137"
"\mod_resource\event\course_module_viewed","1002","1713427144"
"\core\event\course_viewed","1002","1713427165"
"\core\event\course_viewed","1002","1713582839"
"\core\event\course_viewed","1002","1713589471"
"\gradereport_user\event\grade_report_viewed","1002","1713591765"
"\core\event\course_viewed","1002","1713591772"
"\core\event\course_viewed","1002","1713591777"
"\core\event\course_viewed","1002","1713775075"
"\core\event\course_viewed","1002","1713775276"
"\core\event\course_viewed","1002","1713778804"
"\core\event\course_viewed","1002","1713778832"
"\core\event\course_viewed","1002","1713778834"
"\core\event\course_viewed","1002","1713779613"
"\core\event\course_viewed","1002","1713779623"
"\core\event\course_viewed","1002","1713779627"
"\mod_quiz\event\course_module_viewed","1002","1713779758"
"\core\event\course_viewed","1002","1713779776"
"\mod_resource\event\course_module_viewed","1002","1713779781"
"\mod_resource\event\course_module_viewed","1002","1713779788"
"\core\event\course_viewed","1002","1713779830"
"\core\event\course_viewed","1002","1714480136"
"\core\event\course_viewed","1002","1714480141"
"\core\event\course_viewed","1002","1714480148"
"\core\event\course_viewed","1002","1714480150"
"\core\event\course_viewed","1002","1714480155"
"\core\event\course_viewed","1002","1714480160"
"\mod_resource\event\course_module_viewed","1002","1714480563"
"\core\event\course_viewed","1002","1714480570"
"\core\event\course_viewed","1002","1714480582"
"\core\event\course_viewed","1002","1714480586"
"\core\event\course_viewed","1002","1714480596"
"\core\event\course_viewed","1002","1714480598"
"\mod_workshop\event\course_module_viewed","1002","1714480600"
"\core\event\course_viewed","1002","1714485292"
"\core\event\course_viewed","1002","1714491220"
"\mod_workshop\event\course_module_viewed","1002","1714491227"
"\core\event\course_viewed","1002","1714491230"
"\gradereport_user\event\grade_report_viewed","1002","1714491234"
"\core\event\course_viewed","1002","1714491307"
"\core\event\course_viewed","1002","1714491318"
"\core\event\course_viewed","1002","1714491327"
"\core\event\course_viewed","1002","1714491857"
"\gradereport_user\event\grade_report_viewed","1002","1714491862"
"\core\event\course_viewed","1002","1714491866"
"\core\event\course_viewed","1002","1714491894"
"\core\event\course_viewed","1002","1714491896"
"\core\event\course_viewed","1002","1714491901"
"\core\event\course_viewed","1002","1714491906"
"\mod_resource\event\course_module_viewed","1002","1714491915"
"\mod_resource\event\course_module_viewed","1002","1714492036"
"\core\event\course_viewed","1002","1714504216"
"\mod_resource\event\course_module_viewed","1002","1714504233"
"\core\event\course_viewed","1002","1714686750"
"\core\event\course_viewed","1002","1714686785"
"\core\event\course_viewed","1002","1714686789"
"\core\event\course_viewed","1002","1714686792"
"\mod_resource\event\course_module_viewed","1002","1714686801"
"\mod_workshop\event\submission_created","1002","1714689086"
"\mod_workshop\event\assessable_uploaded","1002","1714689443"
"\core\event\course_viewed","1002","1714689448"
"\core\event\course_viewed","1002","1714793740"
"\mod_resource\event\course_module_viewed","1002","1714793756"
"\core\event\course_viewed","1002","1714793793"
"\mod_quiz\event\course_module_viewed","1002","1714793800"
"\core\event\course_viewed","1002","1714793805"
"\core\event\course_viewed","1002","1714793824"
"\mod_workshop\event\course_module_viewed","1002","1714793947"
"\core\event\course_viewed","1002","1714794491"
"\core\event\course_viewed","1002","1714794502"
"\mod_resource\event\course_module_viewed","1002","1714794509"
"\mod_resource\event\course_module_viewed","1002","1714797144"
"\core\event\course_viewed","1002","1714797172"
"\mod_workshop\event\course_module_viewed","1002","1714797177"
"\core\event\course_viewed","1002","1714797214"
"\core\event\course_viewed","1002","1714797219"
"\core\event\course_viewed","1002","1714797221"
"\core\event\course_viewed","1002","1714797231"
"\core\event\course_viewed","1002","1714797268"
"\gradereport_user\event\grade_report_viewed","1002","1714797301"
"\core\event\course_viewed","1002","1714797676"
"\core\event\course_viewed","1002","1714797678"
"\gradereport_user\event\grade_report_viewed","1002","1714797685"
"\gradereport_user\event\grade_report_viewed","1002","1714797688"
"\core\event\course_viewed","1002","1714797781"
"\mod_resource\event\course_module_viewed","1002","1714797814"
"\core\event\course_viewed","1002","1714798159"
"\core\event\course_viewed","1002","1714798161"
"\core\event\course_viewed","1002","1714798173"
"\core\event\course_viewed","1002","1714799402"
"\core\event\course_viewed","1002","1714799483"
"\core\event\course_viewed","1002","1714799504"
"\mod_scheduler\event\booking_form_viewed","1002","1714799507"
"\core\event\course_viewed","1002","1714799509"
"\mod_url\event\course_module_viewed","1002","1714799514"
"\core\event\course_viewed","1002","1714799721"
"\core\event\course_viewed","1002","1714799747"
"\mod_url\event\course_module_viewed","1002","1714799759"
"\mod_url\event\course_module_viewed","1002","1714799770"
"\core\event\course_viewed","1002","1714801599"
"\core\event\course_viewed","1002","1714801603"
"\mod_resource\event\course_module_viewed","1002","1714801617"
"\core\event\course_viewed","1002","1714801624"
"\core\event\course_viewed","1002","1714801664"
"\mod_workshop\event\course_module_viewed","1002","1714801671"
"\mod_workshop\event\submission_viewed","1002","1714801673"
"\mod_workshop\event\assessable_uploaded","1002","1714801676"
"\mod_workshop\event\submission_viewed","1002","1714801683"
"\core\event\course_viewed","1002","1714801909"
"\core\event\course_viewed","1002","1714801913"
"\gradereport_user\event\grade_report_viewed","1002","1714801918"
"\core\event\course_viewed","1002","1714801927"
"\core\event\course_viewed","1002","1714801937"
"\core\event\course_viewed","1002","1714801944"
"\mod_url\event\course_module_viewed","1002","1714801951"
"\mod_url\event\course_module_viewed","1002","1715693908"
"\mod_quiz\event\attempt_summary_viewed","1002","1715693943"
"\core\event\course_viewed","1002","1716431976"
"\core\event\course_viewed","1002","1716431986"
"\core\event\course_viewed","1002","1716431997"
"\core\event\course_viewed","1002","1716432002"
"\mod_url\event\course_module_viewed","1002","1716432018"
"\core\event\course_viewed","1002","1716432884"
"\mod_workshop\event\course_module_viewed","1002","1716432888"
"\mod_workshop\event\submission_viewed","1002","1716433161"
"\core\event\course_viewed","1002","1716433247"
"\core\event\course_viewed","1002","1716433254"
"\mod_quiz\event\course_module_viewed","1002","1716433261"
"\mod_quiz\event\attempt_viewed","1002","1716433271"
"\mod_quiz\event\attempt_updated","1002","1716433273"
"\mod_quiz\event\attempt_viewed","1002","1716433275"
"\mod_quiz\event\attempt_updated","1002","1716433287"
"\mod_quiz\event\attempt_updated","1002","1716433289"
"\mod_quiz\event\attempt_viewed","1002","1716433292"
"\mod_quiz\event\attempt_autosaved","1002","1716433294"
"\mod_quiz\event\attempt_updated","1002","1716433588"
"\mod_quiz\event\attempt_updated","1002","1716433707"
"\mod_quiz\event\attempt_updated","1002","1716433749"
"\mod_quiz\event\attempt_viewed","1002","1716434332"
"\mod_quiz\event\attempt_viewed","1002","1716434334"
"\mod_quiz\event\attempt_updated","1002","1716434343"
"\mod_quiz\event\attempt_viewed","1002","1716434346"
"\mod_quiz\event\attempt_viewed","1002","1716434353"
"\mod_quiz\event\attempt_updated","1002","1716434355"
"\mod_quiz\event\attempt_viewed","1002","1716434357"
"\mod_quiz\event\attempt_started","1002","1716434362"
"\mod_quiz\event\attempt_viewed","1002","1716434364"
"\mod_quiz\event\attempt_updated","1002","1716434367"
"\core\event\course_viewed","1002","1716549796"
"\mod_workshop\event\course_module_viewed","1002","1716549808"
"\core\event\course_viewed","1002","1716554325"
"\core\event\course_viewed","1002","1716554330"
"\mod_workshop\event\course_module_viewed","1002","1716554344"
"\core\event\course_viewed","1002","1716554348"
"\core\event\course_viewed","1002","1716554353"
"\mod_resource\event\course_module_viewed","1002","1716554470"
"\mod_resource\event\course_module_viewed","1002","1716554519"
"\mod_resource\event\course_module_viewed","1002","1716554523"
"\mod_url\event\course_module_viewed","1002","1716554526"
"\mod_url\event\course_module_viewed","1002","1716554812"
"\core\event\course_viewed","1002","1716564770"
"\core\event\course_viewed","1002","1716564775"
"\mod_workshop\event\course_module_viewed","1002","1716564817"
"\core\event\course_viewed","1002","1716565141"
"\core\event\course_viewed","1002","1716565146"
"\core\event\course_viewed","1002","1716565430"
"\core\event\course_viewed","1002","1716565432"
"\core\event\course_viewed","1002","1716565442"
"\gradereport_user\event\grade_report_viewed","1002","1716565446"
"\gradereport_user\event\grade_report_viewed","1002","1716565558"
"\core\event\course_viewed","1002","1716565586"
"\mod_workshop\event\course_module_viewed","1002","1716565589"
"\core\event\course_viewed","1002","1716565624"
"\core\event\course_viewed","1002","1716565645"
"\core\event\course_viewed","1002","1716565652"
"\core\event\course_viewed","1002","1716565750"
"\core\event\course_viewed","1002","1716570675"
"\core\event\course_viewed","1002","1716570686"
"\core\event\course_viewed","1002","1716779795"
"\mod_workshop\event\course_module_viewed","1002","1716779800"
"\core\event\course_viewed","1002","1716779828"
"\core\event\course_viewed","1002","1716916003"
"\mod_workshop\event\course_module_viewed","1002","1716916094"
"\core\event\course_viewed","1002","1716916196"
"\core\event\course_viewed","1002","1716916229"
"\core\event\course_viewed","1002","1716916234"
"\mod_workshop\event\course_module_viewed","1002","1716916236"
"\core\event\course_viewed","1002","1717152478"
"\core\event\course_viewed","1002","1717152482"
"\core\event\course_viewed","1002","1717152515"
"\core\event\course_viewed","1002","1717152520"
"\mod_resource\event\course_module_viewed","1002","1717152550"
"\mod_resource\event\course_module_viewed","1002","1717152557"
"\core\event\course_viewed","1002","1717153182"
"\core\event\course_viewed","1002","1717153184"
"\core\event\course_viewed","1002","1717157564"
"\core\event\course_viewed","1002","1717157568"
"\core\event\user_list_viewed","1002","1717157956"
"\core\event\course_viewed","1002","1717158513"
"\core\event\course_viewed","1002","1717158532"
"\core\event\course_viewed","1002","1717265827"
"\mod_quiz\event\attempt_viewed","1002","1717265836"
"\mod_quiz\event\attempt_updated","1002","1717265839"
"\mod_quiz\event\attempt_updated","1002","1717265855"
"\mod_quiz\event\attempt_viewed","1002","1717265857"
"\mod_quiz\event\attempt_viewed","1002","1717265874"
"\mod_quiz\event\attempt_viewed","1002","1717265883"
"\mod_quiz\event\attempt_updated","1002","1717265923"
"\mod_quiz\event\attempt_viewed","1002","1717266405"
"\mod_quiz\event\attempt_viewed","1002","1717266555"
"\mod_quiz\event\attempt_updated","1002","1717266562"
"\core\event\course_viewed","1002","1717266790"
"\core\event\course_viewed","1002","1717266800"
"\core\event\course_viewed","1002","1717474985"
"\core\event\course_viewed","1002","1717474994"
"\core\event\course_viewed","1002","1717474996"
"\core\event\course_viewed","1002","1717475001"
"\core\event\course_viewed","1002","1717475003"
"\core\event\course_viewed","1002","1717475020"
"\mod_resource\event\course_module_viewed","1002","1717475027"
"\core\event\course_viewed","1002","1717475050"
"\core\event\course_viewed","1002","1718457797"
"\mod_workshop\event\course_module_viewed","1002","1718457802"
"\mod_workshop\event\assessable_uploaded","1002","1718459014"
"\mod_workshop\event\submission_viewed","1002","1718459017"
"\mod_workshop\event\assessable_uploaded","1002","1718459019"
"\mod_workshop\event\submission_created","1002","1718459063"
"\mod_workshop\event\submission_updated","1002","1718459066"
"\mod_workshop\event\submission_created","1002","1718459068"
"\mod_workshop\event\submission_updated","1002","1718459070"
"\mod_workshop\event\submission_created","1002","1718459133"
"\core\event\course_viewed","1002","1718459166"
"\core\event\course_viewed","1002","1718459171"
"\mod_quiz\event\course_module_viewed","1002","1718459220"
"\core\event\course_viewed","1002","1718459227"
"\mod_resource\event\course_module_viewed","1002","1718459429"
"\core\event\course_viewed","1002","1718459443"
"\core\event\course_viewed","1002","1718459446"
"\core\event\course_viewed","1002","1718459457"
"\mod_resource\event\course_module_viewed","1002","1718459474"
"\core\event\course_viewed","1002","1718459476"
"\core\event\course_viewed","1002","1718459478"
"\core\event\course_viewed","1002","1718459504"
"\mod_workshop\event\course_module_viewed","1002","1718459513"
"\core\event\user_profile_viewed","1002","1718459530"
"\core\event\user_profile_viewed","1002","1718459539"
"\mod_workshop\event\submission_viewed","1002","1718459567"
"\core\event\course_viewed","1002","1718459614"
"\core\event\course_viewed","1002","1718459623"
"\core\event\course_viewed","1002","1718459635"
"\core\event\course_viewed","1002","1718459639"
"\core\event\course_viewed","1002","1718459653"
"\core\event\course_viewed","1002","1718459658"
"\core\event\course_viewed","1002","1718459670"
"\mod_resource\event\course_module_viewed","1002","1718459686"
"\mod_resource\event\course_module_viewed","1002","1718459973"
"\mod_resource\event\course_module_viewed","1002","1718574188"
"\core\event\course_viewed","1002","1718588662"
"\core\event\course_viewed","1002","1718588669"
"\core\event\course_viewed","1002","1718588674"
"\core\event\course_viewed","1002","1718588676"
"\mod_resource\event\course_module_viewed","1002","1718588681"
"\core\event\course_viewed","1002","1718589511"
"\core\event\course_viewed","1002","1718589516"
"\mod_resource\event\course_module_viewed","1002","1718589518"
"\core\event\course_viewed","1002","1718596458"
"\core\event\course_viewed","1002","1718596463"
"\core\event\course_viewed","1002","1718596472"
"\core\event\course_viewed","1002","1718596698"
"\core\event\course_viewed","1002","1718596705"
"\mod_resource\event\course_module_viewed","1002","1718596708"
"\core\event\course_viewed","1002","1718596710"
"\mod_resource\event\course_module_viewed","1002","1718596719"
"\core\event\course_viewed","1002","1718600453"
"\core\event\course_viewed","1002","1718605586"
"\core\event\course_viewed","1002","1719817242"
"\core\event\course_viewed","1002","1719820528"
"\mod_workshop\event\course_module_viewed","1002","1719820666"
"\core\event\course_viewed","1002","1719820696"
"\mod_choicegroup\event\course_module_viewed","1002","1719820703"
"\mod_choicegroup\event\course_module_viewed","1002","1719820708"
"\mod_choicegroup\event\course_module_viewed","1002","1719820710"
"\mod_choicegroup\event\choice_updated","1002","1719820726"
"\mod_choicegroup\event\course_module_viewed","1002","1719820729"
"\mod_choicegroup\event\course_module_viewed","1002","1719820731"
"\mod_choicegroup\event\course_module_viewed","1002","1719820743"
"\mod_choicegroup\event\course_module_viewed","1002","1719820745"
"\core\event\course_viewed","1002","1719820754"
"\core\event\course_viewed","1002","1719820941"
"\mod_page\event\course_module_viewed","1002","1719820950"
"\core\event\course_viewed","1002","1719820971"
"\mod_choicegroup\event\course_module_viewed","1002","1719820976"
"\core\event\course_viewed","1002","1719820981"
"\core\event\course_viewed","1002","1719820990"
"\core\event\course_viewed","1002","1719821009"
"\core\event\course_viewed","1002","1719821018"
"\core\event\course_viewed","1002","1719821051"
"\mod_resource\event\course_module_viewed","1002","1719822935"
"\mod_resource\event\course_module_viewed","1002","1719822942"
"\mod_resource\event\course_module_viewed","1002","1719822974"
"\core\event\course_viewed","1002","1719835017"
"\mod_url\event\course_module_viewed","1002","1719835019"
"\core\event\course_viewed","1002","1719835176"
"\core\event\course_viewed","1002","1720047505"
"\core\event\course_viewed","1002","1720047624"
"\mod_url\event\course_module_viewed","1002","1720047645"
"\core\event\course_viewed","1002","1720047649"
"\core\event\course_viewed","1002","1720047652"
"\core\event\course_viewed","1002","1720047684"
"\core\event\course_viewed","1002","1720047689"
"\core\event\course_viewed","1002","1720047694"
"\core\event\course_viewed","1002","1720048169"
"\mod_resource\event\course_module_viewed","1002","1720048176"
"\core\event\course_viewed","1002","1720048958"
"\mod_resource\event\course_module_viewed","1002","1720048960"
"\mod_workshop\event\course_module_viewed","1002","1720052066"
"\core\event\course_viewed","1002","1720052087"
"\core\event\course_viewed","1002","1720052089"
"\core\event\course_viewed","1002","1720052092"
"\mod_workshop\event\course_module_viewed","1002","1720052344"
"\core\event\course_viewed","1002","1720052351"
"\core\event\course_viewed","1002","1720052407"
"\mod_resource\event\course_module_viewed","1002","1720052616"
"\core\event\course_viewed","1002","1720052623"
"\core\event\course_viewed","1002","1720052628"
"\mod_workshop\event\course_module_viewed","1002","1720052649"
"\core\event\course_viewed","1002","1720055487"
"\mod_resource\event\course_module_viewed","1002","1720055732"
"\mod_workshop\event\submission_assessed","1002","1720055739"
"\core\event\user_profile_viewed","1002","1720055748"
"\core\event\user_profile_viewed","1002","1720055779"
"\core\event\course_viewed","1002","1720142058"
"\core\event\course_viewed","1002","1720142147"
"\mod_resource\event\course_module_viewed","1002","1720142151"
"\mod_resource\event\course_module_viewed","1002","1720142163"
"\core\event\course_viewed","1002","1720142464"
"\core\event\course_viewed","1002","1720142466"
"\core\event\course_viewed","1002","1720293009"
"\mod_workshop\event\submission_assessed","1002","1720293566"
"\mod_workshop\event\submission_assessed","1002","1720293569"
"\core\event\course_viewed","1002","1720293594"
"\core\event\course_viewed","1002","1720343970"
"\core\event\course_viewed","1002","1720343982"
"\mod_workshop\event\course_module_viewed","1002","1720343994"
"\mod_workshop\event\submission_created","1002","1720345782"
"\mod_workshop\event\submission_updated","1002","1720345785"
"\mod_workshop\event\assessable_uploaded","1002","1720345789"
"\mod_workshop\event\submission_viewed","1002","1720345792"
"\mod_workshop\event\submission_assessed","1002","1720346046"
"\mod_workshop\event\submission_assessed","1002","1720346109"
"\mod_workshop\event\submission_assessed","1002","1720346139"
"\core\event\course_viewed","1002","1720446052"
"\core\event\course_viewed","1002","1720446056"
"\core\event\course_viewed","1002","1720639020"
"\core\event\course_viewed","1002","1720639025"
"\mod_workshop\event\course_module_viewed","1002","1720639030"
"\core\event\course_viewed","1002","1720639039"
"\core\event\course_viewed","1002","1720639048"
"\core\event\course_viewed","1002","1720639100"
"\mod_scheduler\event\booking_form_viewed","1002","1720639102"
"\core\event\course_viewed","1002","1720639111"
"\core\event\course_viewed","1002","1720639114"
"\core\event\course_viewed","1002","1720639706"
"\mod_resource\event\course_module_viewed","1002","1720639711"
"\core\event\course_viewed","1002","1720639718"
"\core\event\course_viewed","1002","1720639720"
"\mod_resource\event\course_module_viewed","1002","1720736405"
"\core\event\course_viewed","1002","1720736407"
"\core\event\course_viewed","1002","1720736412"
"\core\event\course_viewed","1002","1720736417"
"\core\event\course_viewed","1002","1720736426"
"\mod_resource\event\course_module_viewed","1002","1720736438"
"\mod_workshop\event\course_module_viewed","1002","1720738177"
"\mod_workshop\event\submission_viewed","1002","1720738184"
"\mod_workshop\event\course_module_viewed","1002","1720739199"
"\core\event\course_viewed","1002","1720739355"
"\core\event\course_viewed","1002","1720739357"
"\core\event\course_viewed","1002","1720739413"
"\core\event\course_viewed","1002","1720813606"
"\core\event\course_viewed","1002","1720813611"
"\core\event\course_viewed","1002","1720813613"
"\mod_workshop\event\course_module_viewed","1002","1720813620"
"\core\event\course_viewed","1002","1720813629"
"\gradereport_user\event\grade_report_viewed","1002","1720813636"
"\core\event\course_viewed","1002","1720813741"
"\core\event\course_viewed","1002","1720815332"
"\mod_resource\event\course_module_viewed","1002","1720815341"
"\mod_quiz\event\course_module_viewed","1002","1720815350"
"\mod_quiz\event\attempt_viewed","1002","1720815357"
"\mod_quiz\event\attempt_updated","1002","1720815360"
"\mod_forum\event\discussion_viewed","1002","1721038001"
"\mod_forum\event\discussion_viewed","1002","1721038003"
"\core\event\course_viewed","1002","1721038036"
"\mod_workshop\event\submission_reassessed","1002","1721038041"
"\core\event\course_viewed","1002","1721038206"
"\core\event\course_viewed","1002","1721038209"
"\mod_resource\event\course_module_viewed","1002","1721038213"
"\mod_workshop\event\course_module_viewed","1002","1721038223"
"\core\event\course_viewed","1002","1721038234"
"\mod_workshop\event\course_module_viewed","1002","1721038241"
"\mod_workshop\event\submission_created","1002","1721039909"
"\mod_workshop\event\submission_viewed","1002","1721039918"
"\mod_workshop\event\assessable_uploaded","1002","1721039920"
"\mod_workshop\event\course_module_viewed","1002","1721039951"
"\mod_workshop\event\course_module_viewed","1002","1721039962"
"\core\event\course_viewed","1002","1721040576"
"\core\event\course_viewed","1002","1721040578"
"\core\event\course_viewed","1002","1721040585"
"\core\event\course_viewed","1002","1721040587"
"\core\event\course_viewed","1002","1721040613"
"\core\event\course_viewed","1002","1721040620"
"\mod_url\event\course_module_viewed","1002","1721040638"
"\mod_url\event\course_module_viewed","1002","1721040643"
"\core\event\course_viewed","1002","1721040645"
"\mod_resource\event\course_module_viewed","1002","1721040697"
"\core\event\course_viewed","1002","1721051893"
"\mod_resource\event\course_module_viewed","1002","1721502555"
"\core\event\course_viewed","1002","1721502558"
"\core\event\course_viewed","1002","1721502562"
"\mod_resource\event\course_module_viewed","1002","1721502565"
"\core\event\course_viewed","1002","1721503553"
"\mod_resource\event\course_module_viewed","1002","1721503556"
"\core\event\course_viewed","1002","1721503675"
"\core\event\course_viewed","1002","1721503817"
"\core\event\course_viewed","1002","1721503822"
"\core\event\course_viewed","1002","1721503824"
"\core\event\course_viewed","1002","1721503826"
"\core\event\course_viewed","1002","1721503831"
"\mod_url\event\course_module_viewed","1002","1721503859"
"\core\event\course_viewed","1002","1721505727"
"\core\event\course_viewed","1002","1721726577"
"\core\event\course_viewed","1002","1721726586"
"\core\event\course_viewed","1002","1721727246"
"\core\event\course_viewed","1002","1721727249"
"\core\event\course_viewed","1002","1721728494"
"\mod_resource\event\course_module_viewed","1002","1721728501"
"\core\event\course_viewed","1002","1721731185"
"\core\event\course_viewed","1002","1721731187"
"\core\event\course_viewed","1002","1721731241"
"\core\event\course_viewed","1002","1721731253"
"\core\event\course_viewed","1002","1721731260"
"\core\event\course_viewed","1002","1721731269"
"\core\event\course_viewed","1002","1721731276"
"\core\event\course_viewed","1002","1721731295"
"\mod_resource\event\course_module_viewed","1002","1721731297"
"\mod_resource\event\course_module_viewed","1002","1721731302"
"\mod_resource\event\course_module_viewed","1002","1721731376"
"\core\event\course_viewed","1002","1721731999"
"\mod_url\event\course_module_viewed","1002","1721732006"
"\core\event\course_viewed","1002","1721732029"
"\mod_quiz\event\attempt_updated","1002","1721732034"
"\mod_quiz\event\attempt_viewed","1002","1721732036"
"\mod_quiz\event\attempt_updated","1002","1721732069"
"\mod_quiz\event\attempt_viewed","1002","1721732165"
"\mod_quiz\event\attempt_updated","1002","1721732169"
"\mod_quiz\event\attempt_viewed","1002","1721732172"
"\mod_quiz\event\attempt_updated","1002","1722128727"
"\mod_quiz\event\attempt_updated","1002","1722128732"
"\mod_quiz\event\attempt_viewed","1002","1722128885"
"\mod_quiz\event\attempt_updated","1002","1722128888"
"\mod_quiz\event\attempt_viewed","1002","1722128913"
"\mod_quiz\event\attempt_updated","1002","1722128916"
"\core\event\course_viewed","1002","1722660296"
"\core\event\course_viewed","1002","1722660303"
"\core\event\course_viewed","1002","1722660308"
"\core\event\course_viewed","1002","1722660310"
"\core\event\course_viewed","1002","1722660317"
"\mod_workshop\event\course_module_viewed","1002","1722660324"
"\core\event\course_viewed","1002","1722660329"
"\core\event\course_viewed","1002","1722660336"
"\mod_resource\event\course_module_viewed","1002","1722661616"
"\mod_forum\event\discussion_viewed","1002","1722663871"
"\mod_forum\event\discussion_viewed","1002","1722663873"
"\core\event\course_viewed","1002","1722663908"
"\core\event\course_viewed","1002","1722663913"
"\core\event\course_viewed","1002","1722663915"
"\core\event\course_viewed","1002","1722663934"
"\core\event\course_viewed","1002","1723480092"
"\core\event\course_viewed","1002","1723480101"
"\core\event\course_viewed","1002","1723480106"
"\mod_workshop\event\course_module_viewed","1002","1723480110"
"\core\event\course_viewed","1002","1723480117"
"\mod_resource\event\course_module_viewed","1002","1723480180"
"\core\event\course_viewed","1002","1723480192"
"\core\event\course_viewed","1002","1723480197"
"\core\event\course_viewed","1002","1723480236"
"\core\event\course_viewed","1002","1723480241"
"\mod_workshop\event\course_module_viewed","1002","1723480283"
"\core\event\course_viewed","1002","1723480323"
"\core\event\course_viewed","1002","1723807034"
"\core\event\course_viewed","1002","1723807114"
"\core\event\course_viewed","1002","1723807135"
"\gradereport_user\event\grade_report_viewed","1002","1723807142"
"\core\event\course_viewed","1002","1723808025"
"\core\event\course_viewed","1002","1723808028"
"\core\event\course_viewed","1002","1723808030"
"\gradereport_user\event\grade_report_viewed","1002","1723808315"
"\core\event\course_viewed","1002","1723808331"
"\mod_quiz\event\course_module_viewed","1002","1723808343"
"\core\event\course_viewed","1002","1723810001"
"\mod_resource\event\course_module_viewed","1002","1723810012"
"\mod_workshop\event\assessable_uploaded","1002","1723811619"
"\mod_workshop\event\submission_updated","1002","1723811621"
"\core\event\course_viewed","1002","1723811745"
"\core\event\course_viewed","1002","1723811754"
"\core\event\course_viewed","1002","1723811761"
"\core\event\course_viewed","1002","1723811766"
"\gradereport_user\event\grade_report_viewed","1002","1723811768"
"\mod_resource\event\course_module_viewed","1002","1723811775"
"\mod_resource\event\course_module_viewed","1002","1723811778"
"\core\event\course_viewed","1002","1723924908"
"\core\event\course_viewed","1002","1723924915"
"\core\event\course_viewed","1002","1723924920"
"\core\event\course_viewed","1002","1723924931"
"\core\event\course_viewed","1002","1723925039"
"\core\event\course_viewed","1002","1723925057"
"\mod_resource\event\course_module_viewed","1002","1723925060"
"\core\event\course_viewed","1002","1723931447"
"\core\event\course_viewed","1002","1725566510"
"\core\event\course_viewed","1002","1725566517"
"\mod_workshop\event\course_module_viewed","1002","1725566526"
"\core\event\course_viewed","1002","1725566538"
"\mod_workshop\event\course_module_viewed","1002","1725566540"
"\core\event\course_viewed","1002","1725566554"
"\core\event\course_viewed","1002","1725566559"
"\core\event\course_viewed","1002","1725566561"
"\core\event\course_viewed","1003","1711010603"
"\core\event\course_viewed","1003","1711010613"
"\mod_resource\event\course_module_viewed","1003","1711010632"
"\core\event\course_viewed","1003","1711010635"
"\mod_url\event\course_module_viewed","1003","1711010671"
"\core\event\course_viewed","1003","1711010692"
"\core\event\course_viewed","1003","1711191443"
"\mod_workshop\event\course_module_viewed","1003","1711191447"
"\core\event\course_viewed","1003","1711191455"
"\core\event\course_viewed","1003","1711191459"
"\core\event\course_viewed","1003","1711191460"
"\core\event\course_viewed","1003","1711191467"
"\mod_choice\event\course_module_viewed","1003","1711191510"
"\core\event\course_viewed","1003","1711191512"
"\core\event\course_viewed","1003","1711191513"
"\core\event\course_viewed","1003","1711191535"
"\mod_resource\event\course_module_viewed","1003","1711191544"
"\core\event\course_viewed","1003","1711247243"
"\gradereport_user\event\grade_report_viewed","1003","1711247250"
"\mod_quiz\event\course_module_viewed","1003","1711247282"
"\mod_quiz\event\attempt_started","1003","1711247304"
"\mod_quiz\event\attempt_viewed","1003","1711247306"
"\mod_quiz\event\attempt_updated","1003","1711247577"
"\mod_quiz\event\attempt_viewed","1003","1711247591"
"\mod_quiz\event\attempt_updated","1003","1711247657"
"\mod_quiz\event\attempt_viewed","1003","1711247683"
"\mod_quiz\event\attempt_updated","1003","1711247684"
"\mod_quiz\event\attempt_viewed","1003","1711247691"
"\mod_quiz\event\attempt_updated","1003","1711247723"
"\mod_quiz\event\attempt_updated","1003","1711248492"
"\mod_quiz\event\attempt_updated","1003","1711250647"
"\mod_quiz\event\attempt_viewed","1003","1711393369"
"\mod_quiz\event\attempt_viewed","1003","1711393476"
"\mod_quiz\event\attempt_viewed","1003","1711393733"
"\mod_quiz\event\attempt_updated","1003","1711393735"
"\mod_quiz\event\attempt_viewed","1003","1711393737"
"\mod_quiz\event\attempt_updated","1003","1711393739"
"\mod_quiz\event\attempt_viewed","1003","1711393740"
"\mod_quiz\event\attempt_updated","1003","1711393866"
"\mod_quiz\event\attempt_viewed","1003","1711393868"
"\mod_quiz\event\attempt_updated","1003","1711393986"
"\mod_quiz\event\attempt_viewed","1003","1711393987"
"\mod_quiz\event\attempt_updated","1003","1711393989"
"\mod_quiz\event\attempt_viewed","1003","1711393991"
"\core\event\course_viewed","1003","1711394838"
"\core\event\course_viewed","1003","1711878118"
"\mod_workshop\event\course_module_viewed","1003","1711878121"
"\core\event\course_viewed","1003","1711878135"
"\mod_resource\event\course_module_viewed","1003","1711878147"
"\core\event\course_viewed","1003","1712064450"
"\core\event\course_viewed","1003","1712064452"
"\core\event\course_viewed","1003","1712064457"
"\mod_workshop\event\course_module_viewed","1003","1712064462"
"\mod_workshop\event\course_module_viewed","1003","1712065173"
"\core\event\course_viewed","1003","1712166915"
"\core\event\course_viewed","1003","1712166922"
"\mod_resource\event\course_module_viewed","1003","1712166927"
"\core\event\course_viewed","1003","1712166928"
"\core\event\course_viewed","1003","1712166930"
"\mod_resource\event\course_module_viewed","1003","1712166956"
"\mod_resource\event\course_module_viewed","1003","1712166976"
"\core\event\course_viewed","1003","1712166980"
"\mod_workshop\event\course_module_viewed","1003","1712167017"
"\mod_workshop\event\submission_reassessed","1003","1712167019"
"\mod_workshop\event\course_module_viewed","1003","1712167027"
"\mod_workshop\event\submission_created","1003","1712167080"
"\core\event\course_viewed","1003","1712167157"
"\core\event\course_viewed","1003","1712167158"
"\mod_resource\event\course_module_viewed","1003","1712167467"
"\mod_resource\event\course_module_viewed","1003","1712168329"
"\mod_workshop\event\course_module_viewed","1003","1712168928"
"\mod_workshop\event\submission_viewed","1003","1712168936"
"\mod_workshop\event\assessable_uploaded","1003","1712169011"
"\mod_workshop\event\submission_created","1003","1712169013"
"\core\event\course_viewed","1003","1712358161"
"\core\event\course_viewed","1003","1712358163"
"\mod_choicegroup\event\course_module_viewed","1003","1712358166"
"\mod_choicegroup\event\course_module_viewed","1003","1712358178"
"\core\event\group_member_added","1003","1712358180"
"\mod_choicegroup\event\course_module_viewed","1003","1712358182"
"\mod_choicegroup\event\course_module_viewed","1003","1712358183"
"\core\event\course_viewed","1003","1712478465"
"\mod_workshop\event\course_module_viewed","1003","1712478469"
"\core\event\course_viewed","1003","1712478588"
"\mod_resource\event\course_module_viewed","1003","1712478590"
"\core\event\course_viewed","1003","1712478591"
"\core\event\course_viewed","1003","1712478596"
"\core\event\course_viewed","1003","1712478603"
"\core\event\course_viewed","1003","1712480291"
"\core\event\course_viewed","1003","1712480296"
"\mod_workshop\event\course_module_viewed","1003","1712480308"
"\core\event\user_profile_viewed","1003","1712480420"
"\core\event\course_viewed","1003","1712480444"
"\core\event\course_viewed","1003","1712480449"
"\mod_workshop\event\course_module_viewed","1003","1712480480"
"\core\event\course_viewed","1003","1712481630"
"\mod_workshop\event\course_module_viewed","1003","1712481833"
"\core\event\course_viewed","1003","1712481838"
"\core\event\course_viewed","1003","1712481849"
"\core\event\course_viewed","1003","1712481855"
"\core\event\course_viewed","1003","1712481878"
"\mod_workshop\event\course_module_viewed","1003","1712481886"
"\mod_workshop\event\course_module_viewed","1003","1712481890"
"\core\event\course_viewed","1003","1712481896"
"\core\event\course_viewed","1003","1712546612"
"\core\event\course_viewed","1003","1712546624"
"\core\event\course_viewed","1003","1712546626"
"\core\event\course_viewed","1003","1712546634"
"\core\event\course_viewed","1003","1712546812"
"\core\event\course_viewed","1003","1712546815"
"\core\event\course_viewed","1003","1712546819"
"\core\event\course_viewed","1003","1712546820"
"\mod_url\event\course_module_viewed","1003","1712546837"
"\core\event\course_viewed","1003","1712546844"
"\mod_quiz\event\course_module_viewed","1003","1712546846"
"\core\event\course_viewed","1003","1712546849"
"\core\event\course_viewed","1003","1712546851"
"\mod_workshop\event\course_module_viewed","1003","1712546858"
"\core\event\course_viewed","1003","1712553236"
"\core\event\course_viewed","1003","1713126899"
"\core\event\course_viewed","1003","1713126911"
"\core\event\course_viewed","1003","1713127995"
"\core\event\course_viewed","1003","1713127998"
"\core\event\course_viewed","1003","1713128002"
"\mod_url\event\course_module_viewed","1003","1713128008"
"\core\event\course_viewed","1003","1713128022"
"\core\event\course_viewed","1003","1713128036"
"\gradereport_user\event\grade_report_viewed","1003","1713128037"
"\core\event\course_viewed","1003","1713201329"
"\core\event\course_viewed","1003","1713201337"
"\core\event\course_viewed","1003","1713201342"
"\core\event\course_viewed","1003","1713201344"
"\core\event\course_viewed","1003","1713201353"
"\core\event\course_viewed","1003","1713201356"
"\mod_resource\event\course_module_viewed","1003","1713201394"
"\mod_resource\event\course_module_viewed","1003","1713201395"
"\mod_resource\event\course_module_viewed","1003","1713201423"
"\core\event\course_viewed","1003","1713205614"
"\core\event\course_viewed","1003","1713205616"
"\core\event\course_viewed","1003","1713205626"
"\core\event\course_viewed","1003","1713205629"
"\core\event\course_viewed","1003","1713205638"
"\gradereport_user\event\grade_report_viewed","1003","1713590043"
"\core\event\course_viewed","1003","1713590060"
"\mod_url\event\course_module_viewed","1003","1713590062"
"\core\event\course_viewed","1003","1713590376"
"\core\event\course_viewed","1003","1713590393"
"\mod_resource\event\course_module_viewed","1003","1713590394"
"\core\event\course_viewed","1003","1713590401"
"\gradereport_user\event\grade_report_viewed","1003","1713590463"
"\core\event\course_viewed","1003","1713590503"
"\mod_page\event\course_module_viewed","1003","1713671784"
"\core\event\course_viewed","1003","1713671810"
"\core\event\course_viewed","1003","1713671821"
"\mod_forum\event\discussion_viewed","1003","1713671942"
"\mod_forum\event\discussion_viewed","1003","1713671949"
"\core\event\course_viewed","1003","1713673277"
"\mod_workshop\event\course_module_viewed","1003","1713673281"
"\mod_workshop\event\submission_viewed","1003","1713673437"
"\mod_workshop\event\submission_updated","1003","1713673613"
"\core\event\course_viewed","1003","1713673616"
"\mod_resource\event\course_module_viewed","1003","1713673620"
"\core\event\course_viewed","1003","1713673644"
"\mod_workshop\event\course_module_viewed","1003","1713673654"
"\core\event\course_viewed","1003","1713683470"
"\core\event\course_viewed","1003","1713919084"
"\gradereport_user\event\grade_report_viewed","1003","1713919091"
"\core\event\course_viewed","1003","1713919115"
"\core\event\course_viewed","1003","1713919121"
"\core\event\course_viewed","1003","1713919128"
"\core\event\course_viewed","1003","1713922227"
"\core\event\course_viewed","1003","1713922229"
"\core\event\course_viewed","1003","1713922237"
"\mod_resource\event\course_module_viewed","1003","1713922246"
"\core\event\course_viewed","1003","1714382687"
"\core\event\course_viewed","1003","1714382690"
"\mod_workshop\event\course_module_viewed","1003","1714382694"
"\mod_workshop\event\submission_viewed","1003","1714382702"
"\mod_workshop\event\submission_viewed","1003","1714382704"
"\core\event\course_viewed","1003","1714382718"
"\core\event\course_viewed","1003","1714382729"
"\core\event\course_viewed","1003","1714382736"
"\core\event\course_viewed","1003","1715127784"
"\mod_resource\event\course_module_viewed","1003","1715127789"
"\mod_url\event\course_module_viewed","1003","1715127810"
"\core\event\course_viewed","1003","1715127837"
"\mod_workshop\event\course_module_viewed","1003","1715127854"
"\core\event\course_viewed","1003","1715127909"
"\core\event\course_viewed","1003","1715127916"
"\mod_resource\event\course_module_viewed","1003","1715127921"
"\core\event\course_viewed","1003","1715233409"
"\mod_mail\event\course_module_viewed","1003","1715233416"
"\core\event\course_viewed","1003","1715233450"
"\core\event\course_viewed","1003","1715233457"
"\core\event\course_viewed","1003","1715233460"
"\mod_workshop\event\course_module_viewed","1003","1715233470"
"\core\event\user_profile_viewed","1003","1715233475"
"\mod_workshop\event\submission_viewed","1003","1715233484"
"\mod_workshop\event\course_module_viewed","1003","1715234515"
"\core\event\course_viewed","1003","1715234524"
"\core\event\course_viewed","1003","1715234527"
"\mod_workshop\event\course_module_viewed","1003","1715234530"
"\core\event\course_viewed","1003","1715234537"
"\core\event\course_viewed","1003","1715234542"
"\core\event\course_viewed","1003","1715234544"
"\core\event\course_viewed","1003","1715236042"
"\core\event\course_viewed","1003","1715785537"
"\core\event\course_viewed","1003","1715785540"
"\core\event\course_viewed","1003","1715786541"
"\mod_resource\event\course_module_viewed","1003","1715786626"
"\mod_workshop\event\submission_created","1003","1715788736"
"\mod_workshop\event\assessable_uploaded","1003","1715788738"
"\mod_workshop\event\submission_created","1003","1715788739"
"\mod_workshop\event\submission_viewed","1003","1715788767"
"\gradereport_user\event\grade_report_viewed","1003","1715788797"
"\core\event\course_viewed","1003","1715790633"
"\core\event\course_viewed","1003","1715790637"
"\core\event\course_viewed","1003","1715790650"
"\mod_url\event\course_module_viewed","1003","1715790654"
"\core\event\course_viewed","1003","1715790700"
"\core\event\course_viewed","1003","1715790705"
"\core\event\course_viewed","1003","1715790706"
"\mod_choicegroup\event\course_module_viewed","1003","1715790712"
"\mod_choicegroup\event\course_module_viewed","1003","1715796546"
"\mod_choicegroup\event\course_module_viewed","1003","1715796550"
"\mod_choicegroup\event\course_module_viewed","1003","1715796551"
"\mod_choicegroup\event\course_module_viewed","1003","1715796563"
"\mod_choicegroup\event\course_module_viewed","1003","1715796606"
"\mod_choicegroup\event\course_module_viewed","1003","1715796607"
"\core\event\course_viewed","1003","1715796618"
"\mod_resource\event\course_module_viewed","1003","1715796650"
"\mod_resource\event\course_module_viewed","1003","1715796867"
"\core\event\course_viewed","1003","1715798109"
"\core\event\user_list_viewed","1003","1715798111"
"\core\event\user_profile_viewed","1003","1715798130"
"\core\event\course_viewed","1003","1715798203"
"\core\event\course_viewed","1003","1715843700"
"\core\event\course_viewed","1003","1715843739"
"\core\event\course_viewed","1003","1715851432"
"\mod_workshop\event\course_module_viewed","1003","1715851446"
"\core\event\course_viewed","1003","1715851510"
"\mod_quiz\event\course_module_viewed","1003","1715851515"
"\core\event\course_viewed","1003","1715851526"
"\mod_workshop\event\course_module_viewed","1003","1715851534"
"\core\event\course_viewed","1003","1715851538"
"\mod_resource\event\course_module_viewed","1003","1715851543"
"\core\event\course_viewed","1003","1716805701"
"\mod_workshop\event\course_module_viewed","1003","1716805704"
"\core\event\course_viewed","1003","1716805706"
"\mod_url\event\course_module_viewed","1003","1716805835"
"\core\event\course_viewed","1003","1716805885"
"\core\event\course_viewed","1003","1716805892"
"\core\event\course_viewed","1003","1716805897"
"\core\event\course_viewed","1003","1716805905"
"\core\event\course_viewed","1003","1716987177"
"\gradereport_user\event\grade_report_viewed","1003","1716987180"
"\core\event\course_viewed","1003","1716987208"
"\core\event\course_viewed","1003","1716987211"
"\core\event\course_viewed","1003","1716987213"
"\core\event\course_viewed","1003","1716987214"
"\core\event\course_viewed","1003","1716987223"
"\mod_url\event\course_module_viewed","1003","1716987240"
"\core\event\course_viewed","1003","1716987245"
"\mod_workshop\event\course_module_viewed","1003","1716987250"
"\core\event\course_viewed","1003","1716987291"
"\core\event\course_viewed","1003","1716987293"
"\core\event\course_viewed","1003","1716987300"
"\core\event\course_viewed","1003","1716987303"
"\core\event\course_viewed","1003","1716987308"
"\core\event\course_viewed","1003","1716987310"
"\mod_url\event\course_module_viewed","1003","1716987436"
"\core\event\course_viewed","1003","1716987976"
"\mod_workshop\event\course_module_viewed","1003","1716987993"
"\core\event\course_viewed","1003","1716994762"
"\core\event\course_viewed","1003","1716994764"
"\core\event\course_viewed","1003","1716994767"
"\core\event\course_viewed","1003","1716994774"
"\mod_workshop\event\course_module_viewed","1003","1716994796"
"\core\event\course_viewed","1003","1716994815"
"\mod_resource\event\course_module_viewed","1003","1716994822"
"\core\event\course_viewed","1003","1716994823"
"\core\event\course_viewed","1003","1717049034"
"\gradereport_user\event\grade_report_viewed","1003","1717049039"
"\core\event\course_viewed","1003","1717051136"
"\core\event\course_viewed","1003","1717051138"
"\core\event\course_viewed","1003","1717052155"
"\mod_workshop\event\course_module_viewed","1003","1717052157"
"\core\event\course_viewed","1003","1717052164"
"\core\event\course_viewed","1003","1717052218"
"\mod_url\event\course_module_viewed","1003","1717052222"
"\core\event\course_viewed","1003","1717058092"
"\core\event\course_viewed","1003","1717058097"
"\gradereport_user\event\grade_report_viewed","1003","1717058102"
"\core\event\course_viewed","1003","1717058176"
"\core\event\course_viewed","1003","1717058177"
"\mod_resource\event\course_module_viewed","1003","1717058295"
"\core\event\course_viewed","1003","1717058315"
"\mod_workshop\event\course_module_viewed","1003","1717058322"
"\core\event\course_viewed","1003","1717058609"
"\mod_resource\event\course_module_viewed","1003","1717058612"
"\core\event\course_viewed","1003","1717060727"
"\mod_url\event\course_module_viewed","1003","1717060731"
"\core\event\course_viewed","1003","1717060831"
"\core\event\course_viewed","1003","1717060835"
"\core\event\course_viewed","1003","1717060845"
"\core\event\course_viewed","1003","1717060847"
"\mod_url\event\course_module_viewed","1003","1717060882"
"\core\event\course_viewed","1003","1717060896"
"\core\event\course_viewed","1003","1717060901"
"\core\event\course_viewed","1003","1717060906"
"\core\event\course_viewed","1003","1717060908"
"\core\event\course_viewed","1003","1717209183"
"\core\event\course_viewed","1003","1717209187"
"\mod_page\event\course_module_viewed","1003","1717209193"
"\core\event\course_viewed","1003","1717209473"
"\mod_workshop\event\course_module_viewed","1003","1717209480"
"\core\event\course_viewed","1003","1717209483"
"\core\event\course_viewed","1003","1717209490"
"\core\event\user_profile_viewed","1003","1717209492"
"\core\event\user_profile_viewed","1003","1717209493"
"\core\event\course_viewed","1003","1717209497"
"\mod_resource\event\course_module_viewed","1003","1717211080"
"\mod_resource\event\course_module_viewed","1003","1717211568"
"\mod_workshop\event\course_module_viewed","1003","1717211585"
"\core\event\course_viewed","1003","1717211680"
"\mod_workshop\event\course_module_viewed","1003","1717211687"
"\core\event\course_viewed","1003","1717211703"
"\mod_resource\event\course_module_viewed","1003","1717211706"
"\core\event\course_viewed","1003","1717213308"
"\core\event\course_viewed","1003","1717213317"
"\core\event\course_viewed","1003","1717213325"
"\core\event\course_viewed","1003","1717264374"
"\core\event\course_viewed","1003","1717264378"
"\core\event\course_viewed","1003","1717264379"
"\mod_url\event\course_module_viewed","1003","1717264719"
"\mod_url\event\course_module_viewed","1003","1717264722"
"\core\event\course_viewed","1003","1717264724"
"\core\event\course_viewed","1003","1717264725"
"\core\event\course_viewed","1003","1717264729"
"\mod_forum\event\discussion_viewed","1003","1717264736"
"\core\event\course_viewed","1003","1717264737"
"\gradereport_user\event\grade_report_viewed","1003","1717264937"
"\core\event\course_viewed","1003","1717264950"
"\core\event\course_viewed","1003","1717264957"
"\core\event\course_viewed","1003","1717265143"
"\core\event\course_viewed","1003","1717265146"
"\gradereport_user\event\grade_report_viewed","1003","1717265170"
"\core\event\course_viewed","1003","1717265175"
"\core\event\course_viewed","1003","1717265180"
"\core\event\course_viewed","1003","1717265184"
"\core\event\course_viewed","1003","1717265187"
"\mod_resource\event\course_module_viewed","1003","1717265189"
"\core\event\course_viewed","1003","1717265738"
"\core\event\user_profile_viewed","1003","1717265750"
"\core\event\course_viewed","1003","1717265757"
"\core\event\course_viewed","1003","1717265760"
"\core\event\course_viewed","1003","1717265763"
"\core\event\course_viewed","1003","1717265774"
"\mod_workshop\event\course_module_viewed","1003","1717265779"
"\mod_workshop\event\submission_created","1003","1717356899"
"\mod_workshop\event\submission_updated","1003","1717356908"
"\core\event\course_viewed","1003","1717356954"
"\core\event\course_viewed","1003","1717356971"
"\gradereport_user\event\grade_report_viewed","1003","1717356973"
"\core\event\course_viewed","1003","1717357051"
"\core\event\course_viewed","1003","1717358026"
"\core\event\course_viewed","1003","1717358033"
"\core\event\course_viewed","1003","1717358036"
"\core\event\course_viewed","1003","1717359078"
"\core\event\course_viewed","1003","1717443324"
"\core\event\course_viewed","1003","1717443329"
"\core\event\course_viewed","1003","1717443338"
"\mod_workshop\event\course_module_viewed","1003","1717443871"
"\mod_workshop\event\submission_updated","1003","1717443878"
"\mod_workshop\event\submission_created","1003","1717443880"
"\mod_workshop\event\submission_viewed","1003","1717443882"
"\core\event\course_viewed","1003","1717443921"
"\mod_url\event\course_module_viewed","1003","1717447623"
"\mod_workshop\event\assessable_uploaded","1003","1717447642"
"\core\event\course_viewed","1003","1717447645"
"\mod_workshop\event\course_module_viewed","1003","1717447650"
"\core\event\course_viewed","1003","1717447664"
"\mod_url\event\course_module_viewed","1003","1717447669"
"\mod_url\event\course_module_viewed","1003","1717447701"
"\core\event\course_viewed","1003","1717447707"
"\core\event\course_viewed","1003","1717447761"
"\core\event\course_viewed","1003","1717611147"
"\core\event\course_viewed","1003","1717611150"
"\mod_resource\event\course_module_viewed","1003","1717612766"
"\mod_resource\event\course_module_viewed","1003","1717612783"
"\core\event\course_viewed","1003","1717612792"
"\core\event\course_viewed","1003","1717612833"
"\core\event\course_viewed","1003","1717612835"
"\core\event\course_viewed","1003","1717612855"
"\core\event\course_viewed","1003","1718244443"
"\gradereport_user\event\grade_report_viewed","1003","1718244456"
"\gradereport_user\event\grade_report_viewed","1003","1718244608"
"\core\event\course_viewed","1003","1718246021"
"\core\event\course_viewed","1003","1718246023"
"\mod_workshop\event\course_module_viewed","1003","1718246026"
"\mod_workshop\event\submission_viewed","1003","1718246031"
"\core\event\course_viewed","1003","1718246103"
"\core\event\course_viewed","1003","1718246110"
"\core\event\course_viewed","1003","1718246111"
"\mod_url\event\course_module_viewed","1003","1718246117"
"\core\event\course_viewed","1003","1718246125"
"\mod_workshop\event\course_module_viewed","1003","1718246130"
"\core\event\course_viewed","1003","1718246169"
"\mod_workshop\event\course_module_viewed","1003","1718246181"
"\core\event\course_viewed","1003","1718246764"
"\core\event\course_viewed","1003","1718246769"
"\mod_resource\event\course_module_viewed","1003","1718246771"
"\core\event\course_viewed","1003","1718246783"
"\core\event\course_viewed","1003","1718246786"
"\mod_workshop\event\course_module_viewed","1003","1718246793"
"\core\event\course_viewed","1003","1718246815"
"\core\event\course_viewed","1003","1718289466"
"\core\event\course_viewed","1003","1718289470"
"\mod_resource\event\course_module_viewed","1003","1718289476"
"\core\event\course_viewed","1003","1718289478"
"\mod_url\event\course_module_viewed","1003","1718289650"
"\core\event\course_viewed","1003","1718289882"
"\core\event\course_viewed","1003","1718289885"
"\core\event\course_viewed","1003","1718289889"
"\core\event\course_viewed","1003","1718290000"
"\mod_workshop\event\course_module_viewed","1003","1718290007"
"\mod_workshop\event\course_module_viewed","1003","1718290027"
"\core\event\course_viewed","1003","1718290165"
"\core\event\course_viewed","1003","1719009323"
"\mod_resource\event\course_module_viewed","1003","1719009328"
"\core\event\course_viewed","1003","1719009369"
"\core\event\course_viewed","1003","1719009379"
"\mod_resource\event\course_module_viewed","1003","1719009381"
"\core\event\course_viewed","1003","1719016652"
"\mod_resource\event\course_module_viewed","1003","1719016656"
"\mod_resource\event\course_module_viewed","1003","1719016664"
"\core\event\course_viewed","1003","1719016797"
"\core\event\course_viewed","1003","1719016804"
"\mod_resource\event\course_module_viewed","1003","1719016852"
"\mod_resource\event\course_module_viewed","1003","1719016855"
"\mod_resource\event\course_module_viewed","1003","1719016859"
"\core\event\course_viewed","1003","1719019976"
"\mod_resource\event\course_module_viewed","1003","1719020145"
"\core\event\course_viewed","1003","1719021169"
"\mod_workshop\event\course_module_viewed","1003","1719021173"
"\core\event\course_viewed","1003","1719021180"
"\core\event\course_viewed","1003","1719021183"
"\mod_resource\event\course_module_viewed","1003","1719021188"
"\core\event\course_viewed","1003","1719021197"
"\gradereport_user\event\grade_report_viewed","1003","1719021212"
"\core\event\course_viewed","1003","1719762040"
"\mod_workshop\event\course_module_viewed","1003","1719762055"
"\core\event\course_viewed","1003","1719764407"
"\core\event\course_viewed","1003","1719764409"
"\core\event\course_viewed","1003","1719764412"
"\mod_workshop\event\course_module_viewed","1003","1719764428"
"\mod_workshop\event\course_module_viewed","1003","1720192432"
"\mod_workshop\event\assessable_uploaded","1003","1720192444"
"\mod_workshop\event\submission_viewed","1003","1720192450"
"\mod_workshop\event\submission_viewed","1003","1720192469"
"\core\event\course_viewed","1003","1720192476"
"\core\event\course_viewed","1003","1720192478"
"\core\event\course_viewed","1003","1720192481"
"\mod_resource\event\course_module_viewed","1003","1720192496"
"\core\event\course_viewed","1003","1720192684"
"\core\event\course_viewed","1003","1720192691"
"\core\event\course_viewed","1003","1720192694"
"\core\event\course_viewed","1003","1720192696"
"\mod_mail\event\course_module_viewed","1003","1720192715"
"\mod_mail\event\course_module_viewed","1003","1720192723"
"\mod_mail\event\course_module_viewed","1003","1720192875"
"\mod_mail\event\course_module_viewed","1003","1720192878"
"\mod_mail\event\course_module_viewed","1003","1720192885"
"\mod_resource\event\course_module_viewed","1003","1720192887"
"\core\event\course_viewed","1003","1720192888"
"\gradereport_user\event\grade_report_viewed","1003","1720192894"
"\core\event\course_viewed","1003","1720193001"
"\core\event\course_viewed","1003","1720193015"
"\core\event\course_viewed","1003","1720193021"
"\core\event\course_viewed","1003","1720193023"
"\mod_workshop\event\course_module_viewed","1003","1720193025"
"\core\event\course_viewed","1003","1720193032"
"\mod_workshop\event\course_module_viewed","1003","1720193033"
"\mod_workshop\event\submission_viewed","1003","1720193038"
"\mod_workshop\event\submission_created","1003","1720193040"
"\mod_workshop\event\submission_viewed","1003","1720193042"
"\mod_workshop\event\submission_created","1003","1720195766"
"\core\event\course_viewed","1003","1720195790"
"\mod_workshop\event\course_module_viewed","1003","1720195795"
"\mod_workshop\event\submission_assessed","1003","1720195796"
"\mod_workshop\event\submission_assessed","1003","1720195798"
"\mod_workshop\event\course_module_viewed","1003","1720195800"
"\core\event\course_viewed","1003","1720195825"
"\core\event\course_viewed","1003","1720195830"
"\mod_workshop\event\course_module_viewed","1003","1720195834"
"\mod_workshop\event\submission_assessed","1003","1720195836"
"\mod_workshop\event\course_module_viewed","1003","1720196188"
"\mod_workshop\event\submission_viewed","1003","1720196192"
"\core\event\course_viewed","1003","1720196197"
"\core\event\course_viewed","1003","1720196364"
"\mod_resource\event\course_module_viewed","1003","1720196369"
"\core\event\course_viewed","1003","1720196401"
"\core\event\course_viewed","1003","1720196403"
"\core\event\course_viewed","1003","1720196408"
"\core\event\course_viewed","1003","1720196410"
"\mod_resource\event\course_module_viewed","1003","1720196418"
"\mod_forum\event\course_module_viewed","1003","1720196425"
"\mod_forum\event\discussion_viewed","1003","1720196430"
"\core\event\course_viewed","1003","1720196449"
"\mod_resource\event\course_module_viewed","1003","1720196454"
"\core\event\course_viewed","1003","1720197554"
"\core\event\course_viewed","1003","1720197557"
"\mod_url\event\course_module_viewed","1003","1720197564"
"\core\event\course_viewed","1003","1720197605"
"\core\event\course_viewed","1003","1720197608"
"\mod_resource\event\course_module_viewed","1003","1720197612"
"\core\event\user_profile_viewed","1003","1720197625"
"\mod_workshop\event\submission_assessed","1003","1720198089"
"\core\event\course_viewed","1003","1720201639"
"\mod_resource\event\course_module_viewed","1003","1720201646"
"\core\event\course_viewed","1003","1720201662"
"\mod_workshop\event\course_module_viewed","1003","1720201665"
"\mod_workshop\event\course_module_viewed","1003","1720201680"
"\core\event\user_profile_viewed","1003","1720201723"
"\core\event\user_profile_viewed","1003","1720201730"
"\core\event\user_list_viewed","1003","1720201732"
"\core\event\course_viewed","1003","1720238558"
"\mod_forum\event\discussion_viewed","1003","1720238566"
"\core\event\course_viewed","1003","1720241282"
"\core\event\course_viewed","1003","1720241283"
"\mod_page\event\course_module_viewed","1003","1720241287"
"\core\event\course_viewed","1003","1720241306"
"\core\event\course_viewed","1003","1720241328"
"\core\event\user_list_viewed","1003","1720241566"
"\core\event\user_profile_viewed","1003","1720241597"
"\core\event\user_profile_viewed","1003","1720241607"
"\mod_mail\event\course_module_viewed","1003","1720241614"
"\mod_mail\event\course_module_viewed","1003","1720241617"
"\mod_mail\event\course_module_viewed","1003","1720241653"
"\core\event\course_viewed","1003","1720241658"
"\core\event\course_viewed","1003","1720241660"
"\gradereport_user\event\grade_report_viewed","1003","1720241664"
"\gradereport_user\event\grade_report_viewed","1003","1720542315"
"\core\event\course_viewed","1003","1720548716"
"\mod_resource\event\course_module_viewed","1003","1720548719"
"\core\event\course_viewed","1003","1720557100"
"\core\event\course_viewed","1003","1720557122"
"\mod_resource\event\course_module_viewed","1003","1720557128"
"\mod_workshop\event\submission_created","1003","1720557307"
"\core\event\course_viewed","1003","1720557315"
"\core\event\course_viewed","1003","1720762430"
"\core\event\course_viewed","1003","1720762435"
"\mod_resource\event\course_module_viewed","1003","1720765806"
"\core\event\course_viewed","1003","1720765827"
"\mod_workshop\event\submission_assessed","1003","1720765939"
"\core\event\course_viewed","1003","1720766011"
"\core\event\course_viewed","1003","1720766013"
"\mod_url\event\course_module_viewed","1003","1720766021"
"\core\event\course_viewed","1003","1720767719"
"\core\event\course_viewed","1003","1720767724"
"\mod_resource\event\course_module_viewed","1003","1720767726"
"\core\event\course_viewed","1003","1720767778"
"\core\event\course_viewed","1003","1720767785"
"\core\event\course_viewed","1003","1720767812"
"\core\event\course_viewed","1003","1720767818"
"\core\event\course_viewed","1003","1720767821"
"\gradereport_user\event\grade_report_viewed","1003","1720767826"
"\core\event\course_viewed","1003","1720767831"
"\mod_resource\event\course_module_viewed","1003","1720767845"
"\mod_url\event\course_module_viewed","1003","1720768975"
"\core\event\course_viewed","1003","1720768985"
"\mod_forum\event\discussion_viewed","1003","1720774949"
"\core\event\course_viewed","1003","1720775556"
"\core\event\course_viewed","1003","1720775558"
"\core\event\course_viewed","1003","1720775570"
"\mod_resource\event\course_module_viewed","1003","1720776390"
"\core\event\course_viewed","1003","1720776391"
"\mod_workshop\event\course_module_viewed","1003","1720776403"
"\mod_workshop\event\course_module_viewed","1003","1720776417"
"\core\event\course_viewed","1003","1722267931"
"\core\event\course_viewed","1003","1722272220"
"\mod_resource\event\course_module_viewed","1003","1722272221"
"\core\event\course_viewed","1003","1722540443"
"\core\event\course_viewed","1003","1722540492"
"\core\event\course_viewed","1003","1722540496"
"\core\event\course_viewed","1003","1722540504"
"\mod_workshop\event\course_module_viewed","1003","1722547631"
"\core\event\course_viewed","1003","1723042239"
"\core\event\course_viewed","1003","1723042254"
"\core\event\course_viewed","1003","1723042268"
"\mod_resource\event\course_module_viewed","1003","1723042270"
"\mod_forum\event\discussion_viewed","1003","1723055270"
"\core\event\course_viewed","1003","1723055313"
"\core\event\course_viewed","1003","1723055316"
"\core\event\course_viewed","1003","1723055321"
"\core\event\course_viewed","1003","1723055323"
"\core\event\course_viewed","1003","1723055327"
"\core\event\course_viewed","1003","1723055328"
"\core\event\course_viewed","1003","1723055332"
"\core\event\course_viewed","1003","1723055340"
"\mod_workshop\event\course_module_viewed","1003","1723055344"
"\mod_workshop\event\submission_viewed","1003","1723055981"
"\core\event\course_viewed","1003","1723055991"
"\gradereport_user\event\grade_report_viewed","1003","1723055993"
"\core\event\course_viewed","1003","1723056019"
"\core\event\course_viewed","1003","1723056027"
"\core\event\user_list_viewed","1003","1723056063"
"\core\event\course_viewed","1003","1723056075"
"\mod_url\event\course_module_viewed","1003","1723056112"
"\core\event\course_viewed","1003","1723056117"
"\core\event\course_viewed","1003","1723144291"
"\core\event\course_viewed","1003","1723149042"
"\core\event\course_viewed","1003","1723149062"
"\core\event\course_viewed","1003","1723149071"
"\mod_resource\event\course_module_viewed","1003","1723149074"
"\core\event\course_viewed","1003","1723154148"
"\core\event\course_viewed","1003","1723157939"
"\core\event\course_viewed","1003","1723157944"
"\mod_workshop\event\course_module_viewed","1003","1723157948"
"\mod_workshop\event\assessable_uploaded","1003","1723161065"
"\core\event\course_viewed","1003","1723164348"
"\core\event\course_viewed","1003","1723164352"
"\core\event\course_viewed","1003","1723164365"
"\core\event\course_viewed","1003","1723164369"
"\core\event\course_viewed","1003","1723164370"
"\core\event\course_viewed","1003","1723164404"
"\core\event\course_viewed","1003","1723456124"
"\core\event\course_viewed","1003","1723456394"
"\core\event\course_viewed","1003","1723456399"
"\core\event\course_viewed","1003","1723456402"
"\core\event\course_viewed","1003","1723456414"
"\mod_scheduler\event\booking_form_viewed","1003","1723456421"
"\core\event\course_viewed","1003","1723456423"
"\mod_choicegroup\event\course_module_viewed","1003","1723456428"
"\mod_choicegroup\event\course_module_viewed","1003","1723457079"
"\mod_choicegroup\event\course_module_viewed","1003","1723457082"
"\mod_quiz\event\attempt_viewed","1003","1723457089"
"\mod_quiz\event\attempt_updated","1003","1723457091"
"\core\event\course_viewed","1003","1723557789"
"\mod_workshop\event\course_module_viewed","1003","1723557796"
"\core\event\course_viewed","1003","1723557815"
"\mod_resource\event\course_module_viewed","1003","1723557817"
"\core\event\course_viewed","1003","1723561394"
"\mod_workshop\event\course_module_viewed","1003","1723561403"
"\mod_workshop\event\course_module_viewed","1003","1723561454"
"\mod_workshop\event\assessable_uploaded","1003","1723563482"
"\core\event\course_viewed","1003","1725084127"
"\core\event\course_viewed","1003","1725084165"
"\mod_workshop\event\course_module_viewed","1003","1725084166"
"\mod_workshop\event\course_module_viewed","1003","1725084168"
"\core\event\course_viewed","1003","1725084170"
"\core\event\course_viewed","1003","1725120989"
"\core\event\course_viewed","1003","1725121011"
"\core\event\course_viewed","1003","1725121013"
"\core\event\course_viewed","1003","1725121022"
"\mod_workshop\event\course_module_viewed","1003","1725121023"
"\mod_workshop\event\submission_assessed","1003","1725121030"
"\mod_workshop\event\submission_assessed","1003","1725131276"
"\mod_workshop\event\course_module_viewed","1003","1725131278"
"\core\event\user_profile_viewed","1003","1725131366"
"\core\event\user_profile_viewed","1003","1725131370"
"\mod_workshop\event\submission_viewed","1003","1725131375"
"\mod_workshop\event\submission_viewed","1003","1725131380"
"\core\event\course_viewed","1003","1725131389"
"\core\event\course_viewed","1003","1725131394"
"\mod_resource\event\course_module_viewed","1003","1725131402"
"\mod_quiz\event\attempt_viewed","1003","1725131581"
"\mod_quiz\event\attempt_updated","1003","1725131588"
"\mod_quiz\event\attempt_viewed","1003","1725131590"
"\core\event\course_viewed","1003","1725131593"
"\core\event\course_viewed","1003","1725131595"
"\mod_resource\event\course_module_viewed","1003","1725131600"
"\core\event\course_viewed","1003","1725140203"
"\gradereport_user\event\grade_report_viewed","1003","1725140208"
"\core\event\course_viewed","1003","1725140782"
"\core\event\course_viewed","1003","1725140784"
"\core\event\course_viewed","1003","1725140803"
"\core\event\course_viewed","1003","1725140806"
"\core\event\course_viewed","1003","1725140815"
"\mod_resource\event\course_module_viewed","1003","1725140821"
"\core\event\course_viewed","1003","1725140830"
"\core\event\course_viewed","1003","1725140833"
"\mod_quiz\event\course_module_viewed","1003","1725140867"
"\core\event\course_viewed","1003","1725142085"
"\mod_workshop\event\course_module_viewed","1003","1725142253"
"\core\event\course_viewed","1003","1725142255"
"\mod_workshop\event\course_module_viewed","1003","1725142267"
"\mod_workshop\event\submission_assessed","1003","1725142269"
"\core\event\course_viewed","1003","1725142274"
"\mod_resource\event\course_module_viewed","1003","1725142275"
"\core\event\course_viewed","1003","1725148439"
"\mod_resource\event\course_module_viewed","1003","1725148494"
"\mod_resource\event\course_module_viewed","1003","1725149707"
"\core\event\course_viewed","1003","1725149714"
"\mod_resource\event\course_module_viewed","1003","1725149731"
"\mod_workshop\event\course_module_viewed","1003","1725158116"
"\core\event\course_viewed","1003","1725158174"
"\core\event\course_viewed","1003","1725158668"
"\core\event\course_viewed","1003","1725158676"
"\core\event\course_viewed","1003","1725158717"
"\core\event\course_viewed","1003","1725158738"
"\core\event\course_viewed","1003","1725158739"
"\core\event\course_viewed","1003","1725158748"
"\mod_url\event\course_module_viewed","1003","1725158757"
"\core\event\course_viewed","1003","1725158782"
"\core\event\course_viewed","1003","1725158786"
"\core\event\course_viewed","1003","1725158821"
"\gradereport_user\event\grade_report_viewed","1003","1725159016"
"\core\event\course_viewed","1003","1725167233"
"\core\event\course_viewed","1003","1725167245"
"\mod_resource\event\course_module_viewed","1003","1725167248"
"\mod_resource\event\course_module_viewed","1003","1725167688"
"\core\event\course_viewed","1003","1725173825"
"\mod_resource\event\course_module_viewed","1003","1725173828"
"\core\event\course_viewed","1003","1725177610"
"\core\event\course_viewed","1003","1725177619"
"\core\event\course_viewed","1003","1725177621"
"\core\event\course_viewed","1003","1725177634"
"\core\event\course_viewed","1003","1725177638"
"\core\event\course_viewed","1003","1725177650"
"\core\event\course_viewed","1003","1725177651"
"\core\event\course_viewed","1003","1725177665"
"\core\event\course_viewed","1003","1725177680"
"\core\event\course_viewed","1003","1725177696"
"\core\event\course_viewed","1003","1725177973"
"\mod_workshop\event\course_module_viewed","1003","1725177977"
"\core\event\course_viewed","1003","1725177989"
"\core\event\course_viewed","1003","1725177992"
"\mod_resource\event\course_module_viewed","1003","1725177996"
"\core\event\course_viewed","1003","1725178004"
"\core\event\course_viewed","1003","1725178011"
"\core\event\course_viewed","1003","1725178021"
"\core\event\course_viewed","1003","1725178025"
"\mod_workshop\event\course_module_viewed","1003","1725178493"
"\core\event\course_viewed","1003","1725178500"
"\mod_workshop\event\course_module_viewed","1003","1725178655"
"\mod_workshop\event\submission_viewed","1003","1725178660"
"\mod_workshop\event\assessable_uploaded","1003","1725179155"
"\mod_workshop\event\submission_updated","1003","1725179156"
"\core\event\course_viewed","1003","1725179175"
"\core\event\course_viewed","1003","1725179182"
"\mod_workshop\event\course_module_viewed","1003","1725179199"
"\core\event\course_viewed","1003","1725179206"
"\core\event\course_viewed","1003","1725179211"
"\core\event\course_viewed","1003","1725179214"
"\mod_resource\event\course_module_viewed","1003","1725179226"
"\core\event\course_viewed","1003","1725182986"
"\core\event\course_viewed","1003","1725182998"
"\mod_resource\event\course_module_viewed","1003","1725183017"
"\core\event\course_viewed","1003","1725183251"
"\core\event\course_viewed","1003","1725183980"
"\mod_resource\event\course_module_viewed","1003","1725184268"
"\mod_resource\event\course_module_viewed","1003","1725184357"
"\core\event\course_viewed","1003","1725185635"
"\core\event\course_viewed","1003","1725185642"
"\core\event\course_viewed","1003","1725185656"
"\mod_workshop\event\course_module_viewed","1003","1725185780"
"\mod_quiz\event\attempt_updated","1003","1725185784"
"\mod_quiz\event\attempt_summary_viewed","1003","1725185785"
"\core\event\course_viewed","1003","1725290327"
"\core\event\course_viewed","1003","1725290331"
"\core\event\course_viewed","1003","1725290343"
"\mod_quiz\event\attempt_viewed","1003","1725290348"
"\mod_quiz\event\attempt_updated","1003","1725290350"
"\mod_quiz\event\attempt_viewed","1003","1725290355"
"\mod_quiz\event\attempt_updated","1003","1725290356"
"\mod_quiz\event\attempt_viewed","1003","1725290358"
"\mod_quiz\event\attempt_updated","1003","1725290362"
"\mod_quiz\event\attempt_viewed","1003","1725297209"
"\mod_quiz\event\attempt_updated","1003","1725297214"
"\mod_quiz\event\attempt_viewed","1003","1725297215"
"\mod_quiz\event\attempt_updated","1003","1725297272"
"\mod_quiz\event\attempt_viewed","1003","1725297273"
"\mod_quiz\event\attempt_updated","1003","1725297275"
"\mod_quiz\event\attempt_updated","1003","1725297381"
"\mod_quiz\event\attempt_viewed","1003","1725977474"
"\mod_quiz\event\attempt_updated","1003","1725977529"
"\mod_quiz\event\attempt_viewed","1003","1725977531"
"\mod_quiz\event\attempt_updated","1003","1725977532"
"\mod_quiz\event\attempt_viewed","1003","1725977536"
"\mod_quiz\event\attempt_updated","1003","1725977652"
"\core\event\user_graded","1003","1725977660"
"\mod_quiz\event\attempt_submitted","1003","1725977662"
"\mod_quiz\event\attempt_reviewed","1003","1725977669"
"\core\event\course_viewed","1003","1725988668"
"\core\event\course_viewed","1003","1725988670"
"\core\event\course_viewed","1003","1725988673"
"\core\event\course_viewed","1003","1725988680"
"\core\event\course_viewed","1003","1725988687"
"\core\event\course_viewed","1003","1725988690"
"\core\event\course_viewed","1003","1725988712"
"\mod_scheduler\event\booking_form_viewed","1003","1725988716"
"\core\event\course_viewed","1003","1725988898"
"\mod_workshop\event\course_module_viewed","1003","1725988901"
"\mod_workshop\event\submission_created","1003","1725988903"
"\mod_workshop\event\submission_updated","1003","1725988905"
"\core\event\course_viewed","1003","1725988927"
"\core\event\course_viewed","1003","1725988941"
"\core\event\course_viewed","1003","1725988942"
"\mod_resource\event\course_module_viewed","1003","1725988947"
"\core\event\course_viewed","1003","1725988958"
"\mod_resource\event\course_module_viewed","1003","1725988961"
"\core\event\course_viewed","1003","1725988999"
"\core\event\course_viewed","1003","1725989002"
"\mod_workshop\event\course_module_viewed","1003","1725989106"
"\mod_workshop\event\submission_viewed","1003","1725989411"
"\core\event\user_profile_viewed","1003","1725989461"
"\core\event\course_viewed","1003","1725989469"
"\mod_workshop\event\course_module_viewed","1003","1725989478"
"\core\event\course_viewed","1003","1725996337"
"\core\event\course_viewed","1003","1725996412"
"\core\event\course_viewed","1003","1725996415"
"\mod_workshop\event\course_module_viewed","1003","1725996420"
"\mod_workshop\event\submission_viewed","1003","1725996424"
"\mod_workshop\event\submission_viewed","1003","1725996429"
"\mod_workshop\event\submission_assessed","1003","1725996528"
"\mod_workshop\event\submission_reassessed","1003","1725996539"
"\mod_workshop\event\course_module_viewed","1003","1725996541"
"\mod_workshop\event\course_module_viewed","1003","1725996674"
"\core\event\course_viewed","1003","1725996679"
"\core\event\course_viewed","1003","1726076218"
"\core\event\course_viewed","1003","1726076225"
"\mod_resource\event\course_module_viewed","1003","1726076320"
"\core\event\course_viewed","1003","1726076359"
"\mod_mail\event\course_module_viewed","1003","1726076397"
"\mod_mail\event\course_module_viewed","1003","1726076412"
"\mod_mail\event\course_module_viewed","1003","1726076419"
"\mod_mail\event\course_module_viewed","1003","1726076422"
"\core\event\course_viewed","1003","1726078870"
"\core\event\course_viewed","1003","1726078880"
"\core\event\course_viewed","1003","1726078882"
"\core\event\course_viewed","1003","1726078884"
"\core\event\course_viewed","1003","1726078885"
"\mod_resource\event\course_module_viewed","1003","1726078887"
"\core\event\course_viewed","1003","1726079224"
"\mod_workshop\event\course_module_viewed","1003","1726079231"
"\mod_workshop\event\submission_viewed","1003","1726079238"
"\mod_workshop\event\course_module_viewed","1003","1726079328"
"\mod_workshop\event\submission_updated","1003","1726079409"
"\mod_workshop\event\assessable_uploaded","1003","1726079410"
"\mod_workshop\event\submission_viewed","1003","1726079412"
"\mod_workshop\event\submission_viewed","1003","1726079438"
"\mod_mail\event\course_module_viewed","1003","1726079443"
"\mod_mail\event\course_module_viewed","1003","1726079448"
"\mod_mail\event\course_module_viewed","1003","1726079451"
"\mod_mail\event\course_module_viewed","1003","1726079465"
"\mod_mail\event\course_module_viewed","1003","1726079470"
"\mod_mail\event\course_module_viewed","1003","1726079475"
"\core\event\course_viewed","1003","1726087445"
"\core\event\course_viewed","1003","1726087447"
"\mod_resource\event\course_module_viewed","1003","1726087456"
"\mod_resource\event\course_module_viewed","1003","1726087515"
"\core\event\course_viewed","1003","1726087686"
"\core\event\course_viewed","1003","1726252551"
"\mod_workshop\event\course_module_viewed","1003","1726252555"
"\mod_workshop\event\submission_assessed","1003","1726252563"
"\mod_workshop\event\course_module_viewed","1003","1726252657"
"\mod_workshop\event\submission_assessed","1003","1726252660"
"\mod_workshop\event\course_module_viewed","1003","1726252831"
"\core\event\course_viewed","1003","1726252839"
"\core\event\course_viewed","1003","1726252846"
"\mod_resource\event\course_module_viewed","1003","1726252851"
"\core\event\course_viewed","1003","1726252860"
"\core\event\course_viewed","1003","1726252945"
"\core\event\course_viewed","1003","1726252952"
"\core\event\course_viewed","1003","1726252959"
"\mod_resource\event\course_module_viewed","1003","1726252967"
"\core\event\course_viewed","1003","1726709663"
"\core\event\course_viewed","1003","1726709667"
"\core\event\course_viewed","1003","1726709672"
"\mod_resource\event\course_module_viewed","1003","1726709689"
"\core\event\course_viewed","1003","1726711566"
"\core\event\course_viewed","1003","1726711569"
"\core\event\course_viewed","1003","1726711571"
"\core\event\course_viewed","1003","1726711572"
"\core\event\course_viewed","1003","1726711584"
"\mod_url\event\course_module_viewed","1003","1726711593"
"\core\event\course_viewed","1003","1726714247"
"\core\event\course_viewed","1003","1726714259"
"\core\event\course_viewed","1003","1726714274"
"\core\event\course_viewed","1003","1726786319"
"\mod_scheduler\event\booking_form_viewed","1003","1726786323"
"\mod_scheduler\event\booking_form_viewed","1003","1726786326"
"\core\event\course_viewed","1003","1726786367"
"\core\event\course_viewed","1003","1726786371"
"\core\event\course_viewed","1003","1726786379"
"\core\event\course_viewed","1003","1727429667"
"\mod_resource\event\course_module_viewed","1003","1727429672"
"\mod_resource\event\course_module_viewed","1003","1727429674"
"\mod_quiz\event\course_module_viewed","1003","1727429708"
"\core\event\course_viewed","1003","1727429709"
"\core\event\course_viewed","1003","1727429714"
"\core\event\course_viewed","1003","1727429723"
"\core\event\course_viewed","1004","1707503061"
"\core\event\course_viewed","1004","1707503063"
"\core\event\course_viewed","1004","1707503069"
"\mod_resource\event\course_module_viewed","1004","1707503082"
"\core\event\course_viewed","1004","1707503196"
"\core\event\course_viewed","1004","1707503199"
"\core\event\course_viewed","1004","1707503298"
"\core\event\course_viewed","1004","1707503302"
"\mod_resource\event\course_module_viewed","1004","1707503307"
"\core\event\course_viewed","1004","1707504084"
"\mod_workshop\event\course_module_viewed","1004","1707504088"
"\core\event\course_viewed","1004","1707505228"
"\core\event\course_viewed","1004","1707505230"
"\mod_resource\event\course_module_viewed","1004","1707505232"
"\core\event\course_viewed","1004","1707505562"
"\mod_resource\event\course_module_viewed","1004","1707505573"
"\core\event\course_viewed","1004","1707505575"
"\core\event\course_viewed","1004","1707505579"
"\core\event\course_viewed","1004","1707505594"
"\core\event\course_viewed","1004","1707505596"
"\core\event\course_viewed","1004","1707704273"
"\core\event\course_viewed","1004","1707704283"
"\core\event\course_viewed","1004","1707704287"
"\core\event\course_viewed","1004","1707712829"
"\mod_url\event\course_module_viewed","1004","1707712855"
"\core\event\course_viewed","1004","1707712958"
"\core\event\course_viewed","1004","1707712971"
"\mod_resource\event\course_module_viewed","1004","1707712977"
"\core\event\course_viewed","1004","1707712979"
"\mod_workshop\event\submission_viewed","1004","1707713016"
"\core\event\course_viewed","1004","1707713126"
"\mod_workshop\event\course_module_viewed","1004","1707713130"
"\mod_workshop\event\submission_assessed","1004","1707713132"
"\mod_workshop\event\course_module_viewed","1004","1707713138"
"\core\event\course_viewed","1004","1707713852"
"\core\event\course_viewed","1004","1707713856"
"\core\event\course_viewed","1004","1707783240"
"\mod_choicegroup\event\course_module_viewed","1004","1707783242"
"\core\event\course_viewed","1004","1707843205"
"\mod_workshop\event\course_module_viewed","1004","1707843406"
"\core\event\course_viewed","1004","1707843421"
"\core\event\course_viewed","1004","1707843427"
"\mod_resource\event\course_module_viewed","1004","1707843450"
"\core\event\course_viewed","1004","1707843454"
"\core\event\course_viewed","1004","1707843937"
"\core\event\course_viewed","1004","1707843975"
"\mod_url\event\course_module_viewed","1004","1707843984"
"\core\event\course_viewed","1004","1707853108"
"\mod_url\event\course_module_viewed","1004","1707853144"
"\mod_url\event\course_module_viewed","1004","1707853186"
"\mod_url\event\course_module_viewed","1004","1707853188"
"\core\event\course_viewed","1004","1707853189"
"\core\event\course_viewed","1004","1707853193"
"\mod_resource\event\course_module_viewed","1004","1707853218"
"\core\event\course_viewed","1004","1707853299"
"\mod_workshop\event\course_module_viewed","1004","1707853307"
"\core\event\course_viewed","1004","1707853309"
"\mod_resource\event\course_module_viewed","1004","1707853313"
"\mod_resource\event\course_module_viewed","1004","1707853316"
"\core\event\course_viewed","1004","1707855412"
"\mod_resource\event\course_module_viewed","1004","1707861878"
"\core\event\course_viewed","1004","1708695921"
"\core\event\course_viewed","1004","1708695927"
"\core\event\course_viewed","1004","1708695931"
"\core\event\course_viewed","1004","1708695938"
"\gradereport_user\event\grade_report_viewed","1004","1708696223"
"\core\event\course_viewed","1004","1708696224"
"\core\event\course_viewed","1004","1708696230"
"\core\event\course_viewed","1004","1708696240"
"\mod_quiz\event\course_module_viewed","1004","1708696243"
"\mod_quiz\event\attempt_viewed","1004","1708696251"
"\mod_quiz\event\attempt_updated","1004","1708696253"
"\mod_quiz\event\attempt_submitted","1004","1708696260"
"\mod_quiz\event\attempt_reviewed","1004","1708696262"
"\mod_quiz\event\attempt_submitted","1004","1708696268"
"\core\event\user_graded","1004","1708696270"
"\mod_quiz\event\course_module_viewed","1004","1708696302"
"\mod_quiz\event\attempt_viewed","1004","1708696315"
"\mod_quiz\event\attempt_updated","1004","1708696323"
"\mod_quiz\event\attempt_viewed","1004","1708696325"
"\mod_quiz\event\attempt_viewed","1004","1708696653"
"\mod_quiz\event\attempt_viewed","1004","1708696675"
"\mod_quiz\event\attempt_viewed","1004","1708696685"
"\core\event\course_viewed","1004","1708696774"
"\core\event\course_viewed","1004","1708696780"
"\core\event\course_viewed","1004","1708696789"
"\mod_workshop\event\course_module_viewed","1004","1708696791"
"\core\event\course_viewed","1004","1708696793"
"\core\event\course_viewed","1004","1708696810"
"\core\event\course_viewed","1004","1708696816"
"\mod_workshop\event\course_module_viewed","1004","1708696825"
"\mod_workshop\event\submission_viewed","1004","1708696834"
"\core\event\course_viewed","1004","1708696852"
"\core\event\course_viewed","1004","1708697594"
"\core\event\course_viewed","1004","1708697598"
"\core\event\course_viewed","1004","1708781989"
"\mod_resource\event\course_module_viewed","1004","1708782038"
"\core\event\course_viewed","1004","1708782046"
"\mod_workshop\event\course_module_viewed","1004","1708782053"
"\core\event\course_viewed","1004","1708782063"
"\core\event\course_viewed","1004","1708782069"
"\core\event\course_viewed","1004","1708782070"
"\core\event\course_viewed","1004","1708782074"
"\mod_resource\event\course_module_viewed","1004","1708782078"
"\mod_workshop\event\submission_assessed","1004","1708782576"
"\mod_workshop\event\submission_assessed","1004","1708782747"
"\mod_workshop\event\submission_assessed","1004","1708782840"
"\core\event\course_viewed","1004","1708790014"
"\core\event\course_viewed","1004","1708790020"
"\core\event\course_viewed","1004","1708790410"
"\mod_resource\event\course_module_viewed","1004","1708790416"
"\mod_resource\event\course_module_viewed","1004","1708790429"
"\core\event\course_viewed","1004","1708790433"
"\core\event\course_viewed","1004","1708790437"
"\core\event\course_viewed","1004","1708790446"
"\core\event\course_viewed","1004","1708790456"
"\core\event\course_viewed","1004","1708791147"
"\core\event\course_viewed","1004","1708791395"
"\mod_resource\event\course_module_viewed","1004","1708791744"
"\core\event\course_viewed","1004","1708791761"
"\core\event\user_list_viewed","1004","1708791920"
"\core\event\course_viewed","1004","1708791926"
"\core\event\course_viewed","1004","1708791930"
"\core\event\course_viewed","1004","1708791964"
"\mod_workshop\event\course_module_viewed","1004","1708792003"
"\core\event\course_viewed","1004","1708792011"
"\mod_resource\event\course_module_viewed","1004","1708792017"
"\mod_resource\event\course_module_viewed","1004","1708792026"
"\core\event\course_viewed","1004","1708794451"
"\core\event\course_viewed","1004","1708794462"
"\mod_forum\event\discussion_viewed","1004","1708794464"
"\mod_forum\event\course_module_viewed","1004","1708794495"
"\mod_forum\event\discussion_viewed","1004","1708806201"
"\core\event\course_viewed","1004","1708806207"
"\core\event\course_viewed","1004","1708806218"
"\core\event\course_viewed","1004","1708806220"
"\gradereport_user\event\grade_report_viewed","1004","1708806396"
"\mod_workshop\event\course_module_viewed","1004","1708806441"
"\core\event\course_viewed","1004","1708806466"
"\core\event\course_viewed","1004","1708806472"
"\mod_resource\event\course_module_viewed","1004","1708806915"
"\core\event\course_viewed","1004","1708806919"
"\mod_workshop\event\course_module_viewed","1004","1708807014"
"\core\event\course_viewed","1004","1708807483"
"\mod_url\event\course_module_viewed","1004","1708807491"
"\core\event\course_viewed","1004","1708807586"
"\mod_quiz\event\course_module_viewed","1004","1708807591"
"\mod_quiz\event\attempt_updated","1004","1708807641"
"\mod_quiz\event\attempt_viewed","1004","1708984868"
"\mod_quiz\event\attempt_updated","1004","1708984872"
"\mod_quiz\event\attempt_viewed","1004","1708984874"
"\mod_quiz\event\attempt_updated","1004","1708984971"
"\mod_quiz\event\attempt_updated","1004","1708984978"
"\mod_quiz\event\attempt_viewed","1004","1708985012"
"\mod_quiz\event\attempt_updated","1004","1708985014"
"\mod_quiz\event\attempt_viewed","1004","1708985020"
"\mod_quiz\event\attempt_autosaved","1004","1708985283"
"\mod_quiz\event\attempt_updated","1004","1708985285"
"\mod_quiz\event\attempt_updated","1004","1708985291"
"\mod_quiz\event\attempt_summary_viewed","1004","1708985293"
"\mod_quiz\event\attempt_viewed","1004","1708985299"
"\mod_quiz\event\attempt_updated","1004","1708985300"
"\mod_quiz\event\attempt_viewed","1004","1708985355"
"\mod_quiz\event\attempt_updated","1004","1708985357"
"\mod_quiz\event\attempt_summary_viewed","1004","1708985367"
"\mod_quiz\event\attempt_submitted","1004","1708985374"
"\core\event\user_graded","1004","1708985376"
"\mod_quiz\event\attempt_reviewed","1004","1708985378"
"\core\event\course_viewed","1004","1708985549"
"\core\event\course_viewed","1004","1708985552"
"\core\event\course_viewed","1004","1708985558"
"\core\event\course_viewed","1004","1708985566"
"\core\event\course_viewed","1004","1708985594"
"\core\event\course_viewed","1004","1708985604"
"\core\event\course_viewed","1004","1709079954"
"\core\event\course_viewed","1004","1709079958"
"\core\event\course_viewed","1004","1709079965"
"\core\event\course_viewed","1004","1709079973"
"\mod_url\event\course_module_viewed","1004","1709080051"
"\mod_url\event\course_module_viewed","1004","1709080378"
"\mod_workshop\event\course_module_viewed","1004","1709080799"
"\core\event\course_viewed","1004","1709080829"
"\core\event\course_viewed","1004","1709080837"
"\core\event\course_viewed","1004","1709080841"
"\mod_choicegroup\event\course_module_viewed","1004","1709080844"
"\mod_choicegroup\event\course_module_viewed","1004","1709080846"
"\mod_choicegroup\event\course_module_viewed","1004","1709084277"
"\mod_choicegroup\event\course_module_viewed","1004","1709084281"
"\mod_choicegroup\event\course_module_viewed","1004","1709084283"
"\core\event\course_viewed","1004","1709086424"
"\core\event\course_viewed","1004","1709086443"
"\core\event\course_viewed","1004","1709095104"
"\mod_url\event\course_module_viewed","1004","1709095127"
"\core\event\course_viewed","1004","1709095131"
"\core\event\course_viewed","1004","1709095140"
"\core\event\course_viewed","1004","1709095144"
"\core\event\course_viewed","1004","1709095146"
"\core\event\course_viewed","1004","1709095171"
"\core\event\course_viewed","1004","1709095173"
"\mod_workshop\event\course_module_viewed","1004","1709095178"
"\mod_workshop\event\course_module_viewed","1004","1709095182"
"\mod_workshop\event\submission_assessed","1004","1709095184"
"\mod_workshop\event\course_module_viewed","1004","1709095379"
"\mod_workshop\event\submission_viewed","1004","1709095394"
"\mod_workshop\event\assessable_uploaded","1004","1709095396"
"\mod_workshop\event\submission_updated","1004","1709095398"
"\mod_workshop\event\submission_viewed","1004","1709095425"
"\mod_workshop\event\submission_viewed","1004","1709095430"
"\core\event\course_viewed","1004","1709095483"
"\core\event\course_viewed","1004","1709095487"
"\mod_workshop\event\course_module_viewed","1004","1709095491"
"\mod_workshop\event\submission_updated","1004","1709095521"
"\core\event\course_viewed","1004","1710863366"
"\core\event\course_viewed","1004","1710863370"
"\core\event\course_viewed","1004","1710876025"
"\core\event\course_viewed","1004","1710876033"
"\mod_workshop\event\course_module_viewed","1004","1710876038"
"\mod_workshop\event\submission_assessed","1004","1710877677"
"\mod_workshop\event\submission_assessed","1004","1710877863"
"\mod_workshop\event\course_module_viewed","1004","1710877865"
"\core\event\course_viewed","1004","1711142806"
"\gradereport_user\event\grade_report_viewed","1004","1711142820"
"\core\event\course_viewed","1004","1711143221"
"\core\event\course_viewed","1004","1711143227"
"\mod_url\event\course_module_viewed","1004","1711154727"
"\mod_workshop\event\submission_viewed","1004","1711154734"
"\mod_workshop\event\submission_assessed","1004","1711155954"
"\mod_workshop\event\submission_assessed","1004","1711155981"
"\mod_workshop\event\submission_assessed","1004","1711156032"
"\core\event\course_viewed","1004","1711156127"
"\core\event\course_viewed","1004","1711156278"
"\core\event\course_viewed","1004","1712017643"
"\mod_resource\event\course_module_viewed","1004","1712017652"
"\core\event\course_viewed","1004","1712017662"
"\mod_resource\event\course_module_viewed","1004","1712017667"
"\core\event\course_viewed","1004","1712017751"
"\core\event\course_viewed","1004","1712017752"
"\mod_choicegroup\event\course_module_viewed","1004","1712017754"
"\mod_choicegroup\event\course_module_viewed","1004","1712017758"
"\mod_choicegroup\event\course_module_viewed","1004","1712017760"
"\mod_mail\event\course_module_viewed","1004","1712017764"
"\mod_mail\event\course_module_viewed","1004","1712017768"
"\core\event\user_profile_viewed","1004","1712017775"
"\core\event\user_profile_viewed","1004","1712017787"
"\core\event\user_profile_viewed","1004","1712017862"
"\mod_mail\event\course_module_viewed","1004","1712017870"
"\core\event\course_viewed","1004","1712018133"
"\core\event\course_viewed","1004","1712018154"
"\core\event\course_viewed","1004","1712024770"
"\mod_workshop\event\course_module_viewed","1004","1712024777"
"\core\event\course_viewed","1004","1712024779"
"\core\event\course_viewed","1004","1712721192"
"\core\event\course_viewed","1004","1712721198"
"\core\event\course_viewed","1004","1712721200"
"\core\event\course_viewed","1004","1712721204"
"\core\event\course_viewed","1004","1712721448"
"\mod_resource\event\course_module_viewed","1004","1712721456"
"\mod_url\event\course_module_viewed","1004","1712724093"
"\mod_workshop\event\course_module_viewed","1004","1712724294"
"\mod_workshop\event\submission_assessed","1004","1712724610"
"\mod_workshop\event\submission_assessed","1004","1712724616"
"\core\event\course_viewed","1004","1712724849"
"\core\event\course_viewed","1004","1712724869"
"\mod_resource\event\course_module_viewed","1004","1712727044"
"\core\event\course_viewed","1004","1712731527"
"\core\event\course_viewed","1004","1712731531"
"\core\event\course_viewed","1004","1712731536"
"\core\event\course_viewed","1004","1712800335"
"\mod_resource\event\course_module_viewed","1004","1712800339"
"\core\event\course_viewed","1004","1712800360"
"\core\event\course_viewed","1004","1712800366"
"\mod_workshop\event\course_module_viewed","1004","1712800370"
"\core\event\course_viewed","1004","1712800377"
"\core\event\course_viewed","1004","1712800379"
"\core\event\course_viewed","1004","1712800383"
"\mod_quiz\event\course_module_viewed","1004","1712800385"
"\mod_quiz\event\attempt_started","1004","1712800392"
"\mod_quiz\event\attempt_viewed","1004","1712800394"
"\mod_quiz\event\attempt_updated","1004","1712800409"
"\mod_quiz\event\attempt_viewed","1004","1712800411"
"\mod_quiz\event\attempt_viewed","1004","1712800417"
"\mod_quiz\event\attempt_viewed","1004","1712800472"
"\mod_resource\event\course_module_viewed","1004","1712800474"
"\core\event\course_viewed","1004","1712800599"
"\core\event\course_viewed","1004","1712813713"
"\core\event\course_viewed","1004","1712813718"
"\core\event\course_viewed","1004","1712813720"
"\core\event\course_viewed","1004","1712813726"
"\mod_workshop\event\course_module_viewed","1004","1712813743"
"\core\event\course_viewed","1004","1712813749"
"\mod_resource\event\course_module_viewed","1004","1712813768"
"\core\event\course_viewed","1004","1712813771"
"\core\event\course_viewed","1004","1712813783"
"\mod_resource\event\course_module_viewed","1004","1712813786"
"\core\event\course_viewed","1004","1712813792"
"\core\event\course_viewed","1004","1712813796"
"\core\event\course_viewed","1004","1712813798"
"\core\event\course_viewed","1004","1712813802"
"\core\event\course_viewed","1004","1712813826"
"\core\event\course_viewed","1004","1712817221"
"\core\event\course_viewed","1004","1712817223"
"\core\event\course_viewed","1004","1712817227"
"\core\event\course_viewed","1004","1712896516"
"\core\event\course_viewed","1004","1712896518"
"\core\event\course_viewed","1004","1712896550"
"\mod_workshop\event\course_module_viewed","1004","1712896560"
"\mod_workshop\event\course_module_viewed","1004","1712896580"
"\mod_workshop\event\submission_created","1004","1712897984"
"\mod_workshop\event\assessable_uploaded","1004","1712897986"
"\mod_workshop\event\submission_created","1004","1712897988"
"\mod_workshop\event\submission_viewed","1004","1712897990"
"\mod_workshop\event\submission_updated","1004","1712897992"
"\mod_workshop\event\submission_created","1004","1712897994"
"\mod_workshop\event\submission_viewed","1004","1712897996"
"\mod_workshop\event\course_module_viewed","1004","1712898001"
"\core\event\course_viewed","1004","1712900203"
"\mod_forum\event\discussion_viewed","1004","1712900205"
"\core\event\course_viewed","1004","1712901701"
"\core\event\course_viewed","1004","1712901703"
"\mod_resource\event\course_module_viewed","1004","1712901711"
"\core\event\course_viewed","1004","1712901716"
"\mod_workshop\event\course_module_viewed","1004","1712901733"
"\core\event\course_viewed","1004","1712902217"
"\core\event\course_viewed","1004","1712902222"
"\mod_workshop\event\course_module_viewed","1004","1712902230"
"\mod_workshop\event\submission_viewed","1004","1712902249"
"\mod_workshop\event\submission_viewed","1004","1712902317"
"\core\event\course_viewed","1004","1712902323"
"\core\event\course_viewed","1004","1712902328"
"\mod_forum\event\discussion_viewed","1004","1712902336"
"\core\event\course_viewed","1004","1712902366"
"\gradereport_user\event\grade_report_viewed","1004","1712902370"
"\core\event\course_viewed","1004","1712902374"
"\core\event\course_viewed","1004","1712902421"
"\core\event\course_viewed","1004","1712902427"
"\mod_resource\event\course_module_viewed","1004","1712902434"
"\mod_forum\event\discussion_viewed","1004","1712902510"
"\core\event\course_viewed","1004","1712902531"
"\core\event\course_viewed","1004","1712902535"
"\core\event\course_viewed","1004","1712902542"
"\core\event\course_viewed","1004","1712902597"
"\core\event\course_viewed","1004","1712902603"
"\core\event\recent_activity_viewed","1004","1712902639"
"\core\event\course_viewed","1004","1712902645"
"\core\event\course_viewed","1004","1712902666"
"\core\event\course_viewed","1004","1712902675"
"\mod_workshop\event\course_module_viewed","1004","1712902990"
"\core\event\course_viewed","1004","1712902999"
"\core\event\course_viewed","1004","1712903001"
"\core\event\course_viewed","1004","1712903007"
"\core\event\course_viewed","1004","1712903010"
"\mod_workshop\event\course_module_viewed","1004","1712903018"
"\core\event\course_viewed","1004","1712903022"
"\core\event\course_viewed","1004","1712903033"
"\core\event\course_viewed","1004","1712903312"
"\mod_resource\event\course_module_viewed","1004","1712903319"
"\core\event\course_viewed","1004","1712903596"
"\core\event\course_viewed","1004","1712903600"
"\core\event\course_viewed","1004","1712903605"
"\mod_resource\event\course_module_viewed","1004","1712903609"
"\core\event\course_viewed","1004","1712903617"
"\mod_resource\event\course_module_viewed","1004","1712903628"
"\core\event\course_viewed","1004","1712903643"
"\mod_resource\event\course_module_viewed","1004","1712974466"
"\mod_resource\event\course_module_viewed","1004","1712974475"
"\core\event\course_viewed","1004","1712975110"
"\core\event\course_viewed","1004","1712975114"
"\mod_workshop\event\course_module_viewed","1004","1713423194"
"\mod_workshop\event\submission_viewed","1004","1713423211"
"\core\event\course_viewed","1004","1713423236"
"\core\event\course_viewed","1004","1713423240"
"\core\event\course_viewed","1004","1713423249"
"\core\event\course_viewed","1004","1713423253"
"\core\event\course_viewed","1004","1713423275"
"\mod_resource\event\course_module_viewed","1004","1713423340"
"\core\event\course_viewed","1004","1713426549"
"\mod_workshop\event\course_module_viewed","1004","1713426555"
"\mod_workshop\event\submission_assessed","1004","1713426562"
"\mod_workshop\event\course_module_viewed","1004","1713426564"
"\core\event\course_viewed","1004","1713610713"
"\core\event\user_list_viewed","1004","1713610717"
"\core\event\course_viewed","1004","1713610720"
"\mod_quiz\event\course_module_viewed","1004","1713610732"
"\core\event\course_viewed","1004","1713610749"
"\mod_resource\event\course_module_viewed","1004","1713610779"
"\core\event\course_viewed","1004","1713610789"
"\core\event\course_viewed","1004","1713610792"
"\mod_resource\event\course_module_viewed","1004","1713610794"
"\core\event\course_viewed","1004","1713711986"
"\mod_quiz\event\course_module_viewed","1004","1713712874"
"\core\event\course_viewed","1004","1713712910"
"\core\event\course_viewed","1004","1713712916"
"\mod_workshop\event\course_module_viewed","1004","1713712927"
"\core\event\course_viewed","1004","1713712933"
"\core\event\course_viewed","1004","1713712935"
"\core\event\course_viewed","1004","1713712956"
"\core\event\course_viewed","1004","1713712961"
"\core\event\course_viewed","1004","1713712982"
"\core\event\course_viewed","1004","1713712986"
"\mod_url\event\course_module_viewed","1004","1713712996"
"\core\event\course_viewed","1004","1713713549"
"\mod_url\event\course_module_viewed","1004","1713713554"
"\core\event\course_viewed","1004","1713714163"
"\mod_resource\event\course_module_viewed","1004","1713714170"
"\mod_workshop\event\submission_updated","1004","1713714314"
"\mod_workshop\event\assessable_uploaded","1004","1713714316"
"\core\event\course_viewed","1004","1713714500"
"\mod_forum\event\discussion_viewed","1004","1713714519"
"\core\event\course_viewed","1004","1713909635"
"\mod_workshop\event\course_module_viewed","1004","1713909695"
"\mod_workshop\event\submission_viewed","1004","1713909712"
"\core\event\course_viewed","1004","1713909735"
"\core\event\course_viewed","1004","1713909748"
"\core\event\course_viewed","1004","1713909756"
"\mod_workshop\event\course_module_viewed","1004","1713909760"
"\core\event\course_viewed","1004","1713909767"
"\core\event\course_viewed","1004","1713909775"
"\core\event\course_viewed","1004","1713909786"
"\mod_resource\event\course_module_viewed","1004","1713909833"
"\mod_resource\event\course_module_viewed","1004","1713910368"
"\core\event\course_viewed","1004","1713910548"
"\mod_resource\event\course_module_viewed","1004","1713910553"
"\core\event\course_viewed","1004","1713914289"
"\core\event\course_viewed","1004","1713914291"
"\core\event\course_viewed","1004","1713914293"
"\core\event\course_viewed","1004","1714013785"
"\core\event\course_viewed","1004","1714013787"
"\core\event\course_viewed","1004","1714013793"
"\mod_resource\event\course_module_viewed","1004","1714013797"
"\core\event\course_viewed","1004","1714013808"
"\core\event\course_viewed","1004","1714333710"
"\core\event\course_viewed","1004","1714333712"
"\core\event\course_viewed","1004","1714333715"
"\core\event\course_viewed","1004","1714333721"
"\mod_resource\event\course_module_viewed","1004","1714333768"
"\core\event\course_viewed","1004","1714333774"
"\mod_resource\event\course_module_viewed","1004","1714333802"
"\core\event\course_viewed","1004","1714334636"
"\core\event\course_viewed","1004","1714400184"
"\core\event\course_viewed","1004","1714400190"
"\mod_workshop\event\course_module_viewed","1004","1714400203"
"\core\event\course_viewed","1004","1714400211"
"\core\event\course_viewed","1004","1714400216"
"\core\event\course_viewed","1004","1714400222"
"\core\event\course_viewed","1004","1714400226"
"\core\event\course_viewed","1004","1714400235"
"\core\event\course_viewed","1004","1714400237"
"\core\event\course_viewed","1004","1714400247"
"\mod_workshop\event\submission_viewed","1004","1714405324"
"\mod_workshop\event\submission_created","1004","1714405326"
"\mod_workshop\event\submission_updated","1004","1714405328"
"\mod_workshop\event\submission_created","1004","1714405330"
"\mod_workshop\event\submission_viewed","1004","1714405332"
"\core\event\course_viewed","1004","1714405385"
"\core\event\course_viewed","1004","1714405390"
"\mod_resource\event\course_module_viewed","1004","1714405398"
"\mod_resource\event\course_module_viewed","1004","1714405404"
"\core\event\course_viewed","1004","1714405805"
"\mod_workshop\event\course_module_viewed","1004","1714405815"
"\mod_workshop\event\submission_assessed","1004","1714406027"
"\mod_workshop\event\course_module_viewed","1004","1714406029"
"\core\event\course_viewed","1004","1714406031"
"\mod_resource\event\course_module_viewed","1004","1714406036"
"\core\event\course_viewed","1004","1714406046"
"\gradereport_user\event\grade_report_viewed","1004","1714406055"
"\core\event\course_viewed","1004","1714406061"
"\mod_resource\event\course_module_viewed","1004","1714406328"
"\mod_resource\event\course_module_viewed","1004","1714406336"
"\core\event\course_viewed","1004","1714409971"
"\core\event\course_viewed","1004","1714409975"
"\mod_workshop\event\course_module_viewed","1004","1714409979"
"\core\event\course_viewed","1004","1714409986"
"\mod_workshop\event\course_module_viewed","1004","1714409990"
"\core\event\course_viewed","1004","1714410108"
"\core\event\course_viewed","1004","1714410111"
"\core\event\course_viewed","1004","1714410119"
"\core\event\course_viewed","1004","1714410123"
"\core\event\course_viewed","1004","1714472547"
"\mod_quiz\event\course_module_viewed","1004","1714472549"
"\mod_quiz\event\attempt_started","1004","1714472553"
"\mod_quiz\event\attempt_updated","1004","1714472604"
"\core\event\course_viewed","1004","1714662271"
"\mod_resource\event\course_module_viewed","1004","1714662284"
"\core\event\course_viewed","1004","1714662720"
"\mod_resource\event\course_module_viewed","1004","1714664323"
"\core\event\course_viewed","1004","1714664327"
"\core\event\course_viewed","1004","1714664332"
"\mod_quiz\event\course_module_viewed","1004","1714664334"
"\mod_quiz\event\attempt_started","1004","1714664385"
"\mod_quiz\event\attempt_updated","1004","1714664446"
"\mod_quiz\event\attempt_viewed","1004","1714664448"
"\mod_quiz\event\attempt_updated","1004","1714664450"
"\mod_quiz\event\attempt_updated","1004","1714664457"
"\mod_quiz\event\attempt_summary_viewed","1004","1714668415"
"\mod_quiz\event\attempt_submitted","1004","1714668424"
"\mod_quiz\event\attempt_reviewed","1004","1714668426"
"\mod_quiz\event\attempt_submitted","1004","1714668428"
"\mod_quiz\event\course_module_viewed","1004","1714669091"
"\mod_quiz\event\attempt_started","1004","1714669095"
"\core\event\course_viewed","1004","1714775478"
"\mod_workshop\event\course_module_viewed","1004","1714775483"
"\mod_resource\event\course_module_viewed","1004","1714775529"
"\mod_resource\event\course_module_viewed","1004","1714775531"
"\core\event\course_viewed","1004","1715209522"
"\core\event\course_viewed","1004","1715209546"
"\mod_workshop\event\course_module_viewed","1004","1715209559"
"\mod_workshop\event\submission_assessed","1004","1715209561"
"\core\event\course_viewed","1004","1715209590"
"\core\event\course_viewed","1004","1715209594"
"\core\event\course_viewed","1004","1715209599"
"\mod_workshop\event\course_module_viewed","1004","1715209601"
"\core\event\course_viewed","1004","1715209692"
"\core\event\course_viewed","1004","1715209694"
"\mod_resource\event\course_module_viewed","1004","1715209703"
"\core\event\course_viewed","1004","1715209965"
"\core\event\course_viewed","1004","1715209971"
"\mod_workshop\event\course_module_viewed","1004","1715209974"
"\core\event\course_viewed","1004","1715209988"
"\core\event\course_viewed","1004","1715210010"
"\mod_workshop\event\course_module_viewed","1004","1715210014"
"\mod_workshop\event\submission_viewed","1004","1715210024"
"\mod_workshop\event\submission_viewed","1004","1715210050"
"\core\event\course_viewed","1004","1715213242"
"\core\event\course_viewed","1004","1715213250"
"\core\event\course_viewed","1004","1715365955"
"\core\event\course_viewed","1004","1715365959"
"\mod_resource\event\course_module_viewed","1004","1715365961"
"\core\event\course_viewed","1004","1715366217"
"\mod_workshop\event\course_module_viewed","1004","1715366222"
"\core\event\course_viewed","1004","1715366226"
"\core\event\course_viewed","1004","1715366234"
"\core\event\course_viewed","1004","1715366243"
"\mod_resource\event\course_module_viewed","1004","1715366256"
"\mod_resource\event\course_module_viewed","1004","1715366258"
"\core\event\course_viewed","1004","1715559803"
"\core\event\course_viewed","1004","1715559807"
"\core\event\course_viewed","1004","1715559853"
"\mod_workshop\event\course_module_viewed","1004","1715559858"
"\core\event\course_viewed","1004","1715560412"
"\mod_url\event\course_module_viewed","1004","1715560417"
"\core\event\course_viewed","1004","1715561912"
"\mod_url\event\course_module_viewed","1004","1715561920"
"\core\event\course_viewed","1004","1715562033"
"\core\event\course_viewed","1004","1715562039"
"\core\event\course_viewed","1004","1715562054"
"\core\event\course_viewed","1004","1715562083"
"\mod_workshop\event\course_module_viewed","1004","1715562088"
"\core\event\user_profile_viewed","1004","1715562094"
"\core\event\user_profile_viewed","1004","1715562643"
"\mod_workshop\event\submission_assessed","1004","1715562973"
"\mod_workshop\event\submission_assessed","1004","1715563191"
"\mod_workshop\event\course_module_viewed","1004","1715563265"
"\core\event\course_viewed","1004","1715563274"
"\gradereport_user\event\grade_report_viewed","1004","1715564280"
"\core\event\course_viewed","1004","1715565135"
"\core\event\course_viewed","1004","1715565140"
"\gradereport_user\event\grade_report_viewed","1004","1715566241"
"\core\event\course_viewed","1004","1715566296"
"\mod_url\event\course_module_viewed","1004","1715566304"
"\mod_workshop\event\submission_viewed","1004","1715567903"
"\mod_workshop\event\submission_viewed","1004","1715567904"
"\core\event\course_viewed","1004","1716224180"
"\mod_workshop\event\course_module_viewed","1004","1716224188"
"\core\event\course_viewed","1004","1716224247"
"\core\event\course_viewed","1004","1716224249"
"\mod_url\event\course_module_viewed","1004","1716224250"
"\core\event\course_viewed","1004","1716224254"
"\core\event\course_viewed","1004","1716224262"
"\core\event\course_viewed","1004","1716224267"
"\core\event\course_viewed","1004","1716224283"
"\core\event\course_viewed","1004","1716224284"
"\core\event\course_viewed","1004","1716224288"
"\core\event\course_viewed","1004","1716224303"
"\mod_workshop\event\course_module_viewed","1004","1716224410"
"\mod_workshop\event\course_module_viewed","1004","1716224527"
"\core\event\course_viewed","1004","1716233749"
"\core\event\course_viewed","1004","1716233755"
"\core\event\course_viewed","1004","1716235114"
"\mod_workshop\event\assessable_uploaded","1004","1716235121"
"\core\event\course_viewed","1004","1716320956"
"\core\event\course_viewed","1004","1716322077"
"\core\event\course_viewed","1004","1716322083"
"\core\event\course_viewed","1004","1716322145"
"\mod_quiz\event\attempt_updated","1004","1716322147"
"\mod_quiz\event\attempt_updated","1004","1716322153"
"\mod_quiz\event\attempt_viewed","1004","1716322168"
"\mod_quiz\event\attempt_updated","1004","1716322174"
"\mod_quiz\event\attempt_viewed","1004","1716322176"
"\mod_quiz\event\attempt_viewed","1004","1716322663"
"\mod_quiz\event\attempt_updated","1004","1716322759"
"\mod_quiz\event\attempt_viewed","1004","1716322761"
"\mod_quiz\event\attempt_updated","1004","1716322763"
"\mod_quiz\event\attempt_viewed","1004","1716322765"
"\mod_quiz\event\attempt_updated","1004","1716322767"
"\mod_quiz\event\attempt_viewed","1004","1716322769"
"\mod_quiz\event\attempt_updated","1004","1716322771"
"\core\event\course_viewed","1004","1716430720"
"\core\event\course_viewed","1004","1716430883"
"\mod_resource\event\course_module_viewed","1004","1716430892"
"\core\event\course_viewed","1004","1716430928"
"\core\event\course_viewed","1004","1716430942"
"\core\event\course_viewed","1004","1717154230"
"\mod_url\event\course_module_viewed","1004","1717154232"
"\core\event\course_viewed","1004","1717158817"
"\core\event\course_viewed","1004","1717158819"
"\mod_choice\event\course_module_viewed","1004","1717158821"
"\mod_forum\event\discussion_viewed","1004","1717158824"
"\mod_forum\event\discussion_viewed","1004","1717158830"
"\core\event\course_viewed","1004","1717158849"
"\core\event\course_viewed","1004","1717158858"
"\mod_quiz\event\course_module_viewed","1004","1717158864"
"\core\event\course_viewed","1004","1717158877"
"\mod_resource\event\course_module_viewed","1004","1717159270"
"\mod_resource\event\course_module_viewed","1004","1717159417"
"\mod_resource\event\course_module_viewed","1004","1717159423"
"\mod_resource\event\course_module_viewed","1004","1717159514"
"\core\event\course_viewed","1004","1717159552"
"\mod_workshop\event\course_module_viewed","1004","1717159558"
"\core\event\course_viewed","1004","1717159563"
"\mod_resource\event\course_module_viewed","1004","1717161100"
"\mod_resource\event\course_module_viewed","1004","1717161103"
"\mod_workshop\event\assessable_uploaded","1004","1717161107"
"\mod_workshop\event\submission_viewed","1004","1717161109"
"\core\event\course_viewed","1004","1717161138"
"\mod_resource\event\course_module_viewed","1004","1717161153"
"\mod_resource\event\course_module_viewed","1004","1717161155"
"\mod_resource\event\course_module_viewed","1004","1717161160"
"\mod_workshop\event\submission_created","1004","1717162246"
"\mod_workshop\event\submission_viewed","1004","1717162248"
"\mod_workshop\event\submission_viewed","1004","1717162250"
"\core\event\course_viewed","1004","1717162252"
"\core\event\course_viewed","1004","1717162259"
"\core\event\course_viewed","1004","1717162274"
"\core\event\course_viewed","1004","1717162276"
"\core\event\course_viewed","1004","1717162278"
"\mod_workshop\event\course_module_viewed","1004","1717162291"
"\core\event\course_viewed","1004","1717162306"
"\core\event\course_viewed","1004","1717303595"
"\core\event\course_viewed","1004","1717303599"
"\core\event\course_viewed","1004","1717304480"
"\core\event\course_viewed","1004","1717304973"
"\core\event\course_viewed","1004","1717304976"
"\core\event\course_viewed","1004","1717498929"
"\mod_resource\event\course_module_viewed","1004","1717498952"
"\core\event\course_viewed","1004","1717498956"
"\core\event\course_viewed","1004","1717498959"
"\core\event\course_viewed","1004","1717498980"
"\core\event\course_viewed","1004","1717499007"
"\core\event\course_viewed","1004","1717891980"
"\mod_workshop\event\course_module_viewed","1004","1717891983"
"\mod_workshop\event\submission_viewed","1004","1717892012"
"\mod_workshop\event\submission_created","1004","1717892014"
"\mod_workshop\event\submission_updated","1004","1717892016"
"\mod_workshop\event\submission_created","1004","1717892019"
"\mod_workshop\event\submission_viewed","1004","1717892050"
"\core\event\course_viewed","1004","1717892125"
"\mod_workshop\event\course_module_viewed","1004","1717892127"
"\mod_workshop\event\submission_updated","1004","1717892648"
"\mod_workshop\event\submission_viewed","1004","1717892650"
"\core\event\course_viewed","1004","1717892734"
"\core\event\course_viewed","1004","1719253539"
"\mod_workshop\event\course_module_viewed","1004","1719253554"
"\core\event\course_viewed","1004","1719253573"
"\mod_url\event\course_module_viewed","1004","1719253582"
"\core\event\course_viewed","1004","1719253620"
"\core\event\course_viewed","1004","1719253628"
"\core\event\course_viewed","1004","1719299814"
"\mod_resource\event\course_module_viewed","1004","1719299816"
"\core\event\course_viewed","1004","1719299863"
"\mod_workshop\event\course_module_viewed","1004","1719299876"
"\core\event\course_viewed","1004","1719299882"
"\core\event\course_viewed","1004","1719299897"
"\core\event\course_viewed","1004","1719299901"
"\mod_resource\event\course_module_viewed","1004","1719299905"
"\core\event\course_viewed","1004","1719299911"
"\mod_forum\event\course_module_viewed","1004","1720836890"
"\mod_forum\event\discussion_viewed","1004","1720836894"
"\core\event\course_viewed","1004","1720837030"
"\core\event\course_viewed","1004","1720904780"
"\core\event\course_viewed","1004","1720904782"
"\core\event\course_viewed","1004","1720904785"
"\core\event\course_viewed","1004","1720904787"
"\mod_resource\event\course_module_viewed","1004","1720904812"
"\mod_workshop\event\assessable_uploaded","1004","1720909967"
"\mod_workshop\event\submission_updated","1004","1720909969"
"\core\event\course_viewed","1004","1720909984"
"\mod_url\event\course_module_viewed","1004","1720909988"
"\core\event\course_viewed","1004","1720909995"
"\core\event\course_viewed","1004","1720910003"
"\core\event\course_viewed","1004","1720910005"
"\core\event\course_viewed","1004","1721043452"
"\mod_workshop\event\course_module_viewed","1004","1721043460"
"\core\event\course_viewed","1004","1721055382"
"\core\event\course_viewed","1004","1721055401"
"\core\event\course_viewed","1004","1721055409"
"\mod_url\event\course_module_viewed","1004","1721055416"
"\core\event\course_viewed","1004","1721056127"
"\core\event\course_viewed","1004","1721056130"
"\mod_workshop\event\course_module_viewed","1004","1721056142"
"\core\event\course_viewed","1004","1721056144"
"\core\event\course_viewed","1004","1721056151"
"\core\event\course_viewed","1004","1721056161"
"\core\event\course_viewed","1004","1721056165"
"\core\event\course_viewed","1004","1721056170"
"\mod_resource\event\course_module_viewed","1004","1721056176"
"\core\event\course_viewed","1004","1721056202"
"\mod_resource\event\course_module_viewed","1004","1721145997"
"\mod_workshop\event\course_module_viewed","1004","1721146004"
"\core\event\course_viewed","1004","1721146127"
"\mod_quiz\event\course_module_viewed","1004","1721146142"
"\mod_quiz\event\attempt_viewed","1004","1721146144"
"\mod_quiz\event\attempt_updated","1004","1721146152"
"\mod_quiz\event\attempt_viewed","1004","1721146154"
"\mod_quiz\event\attempt_updated","1004","1721228506"
"\mod_quiz\event\attempt_viewed","1004","1721228525"
"\mod_quiz\event\attempt_updated","1004","1721228548"
"\mod_quiz\event\attempt_viewed","1004","1721228550"
"\mod_quiz\event\attempt_updated","1004","1721228552"
"\mod_quiz\event\attempt_viewed","1004","1722236987"
"\mod_quiz\event\attempt_viewed","1004","1722236991"
"\mod_quiz\event\attempt_updated","1004","1722236999"
"\mod_quiz\event\attempt_viewed","1004","1722237000"
"\mod_quiz\event\attempt_autosaved","1004","1722237398"
"\mod_quiz\event\attempt_viewed","1004","1722237402"
"\mod_quiz\event\attempt_updated","1004","1722237408"
"\mod_quiz\event\attempt_viewed","1004","1722245567"
"\mod_quiz\event\attempt_viewed","1004","1722245781"
"\mod_quiz\event\attempt_updated","1004","1722245783"
"\mod_quiz\event\attempt_viewed","1004","1722245785"
"\mod_quiz\event\attempt_updated","1004","1722245787"
"\mod_quiz\event\attempt_viewed","1004","1722245789"
"\mod_quiz\event\attempt_updated","1004","1722245842"
"\mod_quiz\event\attempt_summary_viewed","1004","1722245853"
"\mod_quiz\event\attempt_updated","1004","1722245867"
"\mod_quiz\event\attempt_viewed","1004","1722245869"
"\core\event\course_viewed","1004","1722246581"
"\core\event\course_viewed","1004","1722246585"
"\core\event\course_viewed","1004","1722246587"
"\mod_resource\event\course_module_viewed","1004","1722246590"
"\core\event\course_viewed","1004","1722259054"
"\core\event\course_viewed","1004","1722331660"
"\core\event\course_viewed","1004","1722331662"
"\core\event\course_viewed","1004","1722331690"
"\mod_resource\event\course_module_viewed","1004","1722331969"
"\core\event\course_viewed","1004","1722332582"
"\mod_workshop\event\course_module_viewed","1004","1722332586"
"\core\event\course_viewed","1004","1722333992"
"\core\event\course_viewed","1004","1722335892"
"\core\event\course_viewed","1004","1722335902"
"\core\event\course_viewed","1004","1722344126"
"\core\event\course_viewed","1004","1722344131"
"\mod_feedback\event\course_module_viewed","1004","1722344133"
"\core\event\course_viewed","1004","1722344196"
"\mod_mail\event\course_module_viewed","1004","1722344368"
"\mod_mail\event\course_module_viewed","1004","1722344912"
"\mod_mail\event\course_module_viewed","1004","1722344921"
"\mod_mail\event\course_module_viewed","1004","1722344923"
"\mod_mail\event\course_module_viewed","1004","1722344961"
"\core\event\course_viewed","1004","1722731025"
"\core\event\course_viewed","1004","1722732502"
"\mod_url\event\course_module_viewed","1004","1722732506"
"\core\event\course_viewed","1004","1722733095"
"\core\event\course_viewed","1004","1722733103"
"\mod_url\event\course_module_viewed","1004","1722733112"
"\mod_url\event\course_module_viewed","1004","1722736792"
"\core\event\course_viewed","1004","1722737021"
"\gradereport_user\event\grade_report_viewed","1004","1722737026"
"\core\event\course_viewed","1004","1722737030"
"\core\event\course_viewed","1004","1722737032"
"\mod_workshop\event\course_module_viewed","1004","1722737036"
"\mod_workshop\event\submission_assessed","1004","1722737261"
"\mod_workshop\event\submission_assessed","1004","1722737407"
"\core\event\course_viewed","1004","1722743508"
"\core\event\course_viewed","1004","1722749411"
"\core\event\course_viewed","1004","1722749418"
"\mod_workshop\event\course_module_viewed","1004","1722749424"
"\core\event\course_viewed","1004","1722754465"
"\core\event\course_viewed","1004","1722754473"
"\core\event\course_viewed","1004","1722754477"
"\core\event\course_viewed","1004","1722754481"
"\mod_feedback\event\course_module_viewed","1004","1722754483"
"\core\event\course_viewed","1004","1722754492"
"\core\event\course_viewed","1004","1722754494"
"\core\event\course_viewed","1004","1722754501"
"\mod_url\event\course_module_viewed","1004","1722754503"
"\mod_url\event\course_module_viewed","1004","1722754505"
"\core\event\course_viewed","1004","1722754549"
"\mod_resource\event\course_module_viewed","1004","1722754558"
"\core\event\course_viewed","1004","1722754833"
"\gradereport_user\event\grade_report_viewed","1004","1722754837"
"\mod_workshop\event\course_module_viewed","1004","1722754846"
"\core\event\course_viewed","1004","1722754854"
"\mod_forum\event\course_module_viewed","1004","1722754856"
"\core\event\course_viewed","1004","1722754880"
"\core\event\course_viewed","1004","1722760511"
"\core\event\course_viewed","1004","1722760526"
"\core\event\course_viewed","1004","1722760532"
"\core\event\course_viewed","1004","1722760534"
"\core\event\course_viewed","1004","1722870000"
"\mod_forum\event\discussion_viewed","1004","1722870008"
"\core\event\course_viewed","1004","1722870025"
"\mod_resource\event\course_module_viewed","1004","1722870027"
"\mod_resource\event\course_module_viewed","1004","1722871296"
"\core\event\course_viewed","1004","1722877851"
"\core\event\course_viewed","1004","1722877853"
"\core\event\course_viewed","1004","1722877857"
"\core\event\course_viewed","1004","1722877864"
"\mod_mail\event\course_module_viewed","1004","1722877874"
"\mod_mail\event\course_module_viewed","1004","1722877880"
"\mod_mail\event\course_module_viewed","1004","1722877885"
"\core\event\course_viewed","1004","1722878471"
"\core\event\course_viewed","1004","1722878766"
"\mod_workshop\event\course_module_viewed","1004","1722878770"
"\core\event\course_viewed","1004","1722878772"
"\core\event\course_viewed","1004","1722878776"
"\core\event\course_viewed","1004","1722878780"
"\mod_workshop\event\course_module_viewed","1004","1722878787"
"\mod_workshop\event\submission_assessed","1004","1722879992"
"\core\event\course_viewed","1004","1722880030"
"\core\event\course_viewed","1004","1722880106"
"\core\event\course_viewed","1004","1722880113"
"\core\event\course_viewed","1004","1722880119"
"\mod_resource\event\course_module_viewed","1004","1722880123"
"\core\event\course_viewed","1004","1722880937"
"\core\event\course_viewed","1004","1722880943"
"\core\event\course_viewed","1004","1722886958"
"\core\event\course_viewed","1004","1722886962"
"\core\event\course_viewed","1004","1722886968"
"\core\event\course_viewed","1004","1722886987"
"\mod_url\event\course_module_viewed","1004","1722888625"
"\mod_url\event\course_module_viewed","1004","1722888629"
"\core\event\course_viewed","1004","1722888682"
"\core\event\course_viewed","1004","1722888688"
"\core\event\course_viewed","1004","1722888690"
"\core\event\course_viewed","1004","1722888705"
"\core\event\course_viewed","1004","1722888707"
"\core\event\course_viewed","1004","1722888762"
"\gradereport_user\event\grade_report_viewed","1004","1722888828"
"\core\event\course_viewed","1004","1722888830"
"\mod_resource\event\course_module_viewed","1004","1722888883"
"\core\event\course_viewed","1004","1722890965"
"\core\event\course_viewed","1004","1722891046"
"\mod_workshop\event\course_module_viewed","1004","1722891050"
"\mod_workshop\event\submission_assessed","1004","1722891052"
"\core\event\course_viewed","1004","1722891054"
"\core\event\course_viewed","1004","1722891064"
"\core\event\course_viewed","1004","1722891069"
"\core\event\course_viewed","1004","1723885631"
"\core\event\course_viewed","1004","1723885659"
"\core\event\course_viewed","1004","1723885661"
"\core\event\course_viewed","1004","1723885665"
"\core\event\course_viewed","1004","1723885669"
"\core\event\course_viewed","1004","1723885682"
"\core\event\course_viewed","1004","1723885718"
"\mod_resource\event\course_module_viewed","1004","1723885747"
"\core\event\course_viewed","1004","1723885934"
"\core\event\course_viewed","1004","1723885940"
"\core\event\course_viewed","1004","1723885946"
"\core\event\course_viewed","1004","1723885957"
"\core\event\course_viewed","1004","1723885963"
"\mod_workshop\event\course_module_viewed","1004","1723886118"
"\mod_workshop\event\submission_viewed","1004","1723886125"
"\mod_workshop\event\submission_assessed","1004","1723886133"
"\mod_workshop\event\submission_assessed","1004","1723886287"
"\mod_workshop\event\course_module_viewed","1004","1723886692"
"\mod_workshop\event\course_module_viewed","1004","1723886696"
"\core\event\course_viewed","1004","1723886703"
"\core\event\course_viewed","1004","1723886711"
"\core\event\course_viewed","1004","1723886715"
"\core\event\course_viewed","1004","1723886717"
"\mod_workshop\event\course_module_viewed","1004","1723886718"
"\core\event\course_viewed","1004","1723886758"
"\core\event\course_viewed","1004","1723886770"
"\mod_workshop\event\course_module_viewed","1004","1723886772"
"\mod_workshop\event\submission_viewed","1004","1723886779"
"\core\event\course_viewed","1004","1723887221"
"\core\event\course_viewed","1004","1723887270"
"\core\event\course_viewed","1004","1723887416"
"\mod_workshop\event\course_module_viewed","1004","1723887418"
"\core\event\course_viewed","1004","1723887476"
"\core\event\course_viewed","1004","1723887482"
"\mod_url\event\course_module_viewed","1004","1723887491"
"\core\event\course_viewed","1004","1723887579"
"\mod_workshop\event\course_module_viewed","1004","1723887580"
"\mod_workshop\event\course_module_viewed","1004","1723887637"
"\core\event\course_viewed","1004","1723887645"
"\mod_resource\event\course_module_viewed","1004","1723888147"
"\core\event\course_viewed","1004","1723889102"
"\core\event\course_viewed","1004","1723889111"
"\mod_resource\event\course_module_viewed","1004","1723889113"
"\core\event\course_viewed","1004","1723950363"
"\core\event\course_viewed","1004","1723950874"
"\mod_url\event\course_module_viewed","1004","1723950884"
"\core\event\course_viewed","1004","1723950899"
"\mod_resource\event\course_module_viewed","1004","1723950905"
"\core\event\course_viewed","1004","1723950908"
"\core\event\course_viewed","1004","1723950912"
"\core\event\course_viewed","1004","1723950922"
"\mod_resource\event\course_module_viewed","1004","1723953318"
"\mod_workshop\event\course_module_viewed","1004","1723962505"
"\core\event\course_viewed","1004","1723962531"
"\core\event\course_viewed","1004","1723962535"
"\mod_workshop\event\course_module_viewed","1004","1723962544"
"\core\event\course_viewed","1004","1723963730"
"\mod_resource\event\course_module_viewed","1004","1723963734"
"\mod_workshop\event\course_module_viewed","1004","1723967826"
"\mod_workshop\event\course_module_viewed","1004","1723967874"
"\core\event\course_viewed","1004","1723967912"
"\core\event\course_viewed","1004","1724021111"
"\core\event\course_viewed","1004","1724021117"
"\core\event\course_viewed","1004","1724021583"
"\core\event\course_viewed","1004","1724021589"
"\core\event\course_viewed","1004","1724198517"
"\mod_workshop\event\course_module_viewed","1004","1724198523"
"\core\event\course_viewed","1004","1724198538"
"\core\event\course_viewed","1004","1724198546"
"\core\event\course_viewed","1004","1724198553"
"\core\event\course_viewed","1004","1724198559"
"\core\event\course_viewed","1004","1724198561"
"\core\event\course_viewed","1004","1724198565"
"\core\event\course_viewed","1004","1724198566"
"\core\event\course_viewed","1004","1724301082"
"\core\event\course_viewed","1004","1724303627"
"\mod_workshop\event\course_module_viewed","1004","1724303640"
"\core\event\course_viewed","1004","1724303644"
"\core\event\course_viewed","1004","1724303647"
"\mod_resource\event\course_module_viewed","1004","1724303649"
"\core\event\course_viewed","1004","1724303657"
"\core\event\course_viewed","1004","1724303666"
"\mod_resource\event\course_module_viewed","1004","1724303670"
"\core\event\course_viewed","1004","1724309789"
"\core\event\course_viewed","1004","1724309793"
"\mod_resource\event\course_module_viewed","1004","1724309818"
"\core\event\course_viewed","1004","1724309829"
"\mod_workshop\event\course_module_viewed","1004","1724309842"
"\core\event\course_viewed","1004","1724309846"
"\core\event\course_viewed","1004","1724309848"
"\core\event\course_viewed","1004","1724309873"
"\mod_forum\event\discussion_viewed","1004","1724309875"
"\mod_forum\event\discussion_viewed","1004","1724309884"
"\gradereport_user\event\grade_report_viewed","1004","1724309941"
"\core\event\course_viewed","1004","1724309977"
"\core\event\course_viewed","1004","1724309983"
"\mod_resource\event\course_module_viewed","1004","1724309986"
"\core\event\course_viewed","1004","1724309992"
"\core\event\course_viewed","1004","1724309996"
"\core\event\course_viewed","1004","1724309998"
"\core\event\course_viewed","1004","1724310007"
"\mod_resource\event\course_module_viewed","1004","1724310013"
"\core\event\course_viewed","1004","1724310024"
"\core\event\course_viewed","1004","1724315130"
"\mod_workshop\event\course_module_viewed","1004","1724315132"
"\mod_workshop\event\submission_assessed","1004","1724316496"
"\mod_workshop\event\submission_assessed","1004","1724316619"
"\mod_workshop\event\submission_assessed","1004","1724316627"
"\mod_workshop\event\course_module_viewed","1004","1724316640"
"\mod_workshop\event\submission_updated","1004","1724319834"
"\core\event\course_viewed","1004","1724543737"
"\mod_feedback\event\course_module_viewed","1004","1724543745"
"\mod_feedback\event\course_module_viewed","1004","1724543746"
"\mod_feedback\event\response_submitted","1004","1724544194"
"\core\event\course_viewed","1004","1724544197"
"\core\event\course_viewed","1004","1724544351"
"\core\event\course_viewed","1004","1724544357"
"\core\event\course_viewed","1004","1724544364"
"\mod_resource\event\course_module_viewed","1004","1724544370"
"\core\event\course_viewed","1004","1724544381"
"\core\event\course_viewed","1004","1724552751"
"\core\event\course_viewed","1004","1724552764"
"\core\event\course_viewed","1004","1724552768"
"\core\event\course_viewed","1004","1724552770"
"\mod_resource\event\course_module_viewed","1004","1724556457"
"\core\event\course_viewed","1004","1724556709"
"\core\event\course_viewed","1004","1724556713"
"\core\event\course_viewed","1004","1724556716"
"\core\event\course_viewed","1004","1724556718"
"\core\event\course_viewed","1004","1724556722"
"\core\event\course_viewed","1004","1724567596"
"\core\event\course_viewed","1004","1724567614"
"\mod_resource\event\course_module_viewed","1004","1724567623"
"\mod_resource\event\course_module_viewed","1004","1724567632"
"\core\event\course_viewed","1004","1724567636"
"\core\event\course_viewed","1004","1724567644"
"\mod_scheduler\event\booking_form_viewed","1004","1724567678"
"\core\event\course_viewed","1004","1724567684"
"\mod_workshop\event\course_module_viewed","1004","1724567689"
"\core\event\course_viewed","1004","1724567699"
"\mod_resource\event\course_module_viewed","1004","1724567720"
"\mod_workshop\event\course_module_viewed","1004","1724568017"
"\core\event\course_viewed","1004","1724568025"
"\mod_resource\event\course_module_viewed","1004","1724568053"
"\core\event\course_viewed","1004","1724570590"
"\mod_workshop\event\submission_viewed","1004","1724570603"
"\core\event\course_viewed","1004","1724570700"
"\core\event\course_viewed","1004","1724570726"
"\core\event\course_viewed","1004","1724570728"
"\core\event\course_viewed","1004","1724570789"
"\mod_workshop\event\course_module_viewed","1004","1724571116"
"\core\event\course_viewed","1004","1724571128"
"\core\event\course_viewed","1004","1724571145"
"\core\event\course_viewed","1004","1724571147"
"\core\event\course_viewed","1004","1724571151"
"\core\event\course_viewed","1004","1724571154"
"\gradereport_user\event\grade_report_viewed","1004","1724571158"
"\core\event\course_viewed","1004","1724571162"
"\mod_url\event\course_module_viewed","1004","1724571166"
"\core\event\course_viewed","1004","1724571190"
"\core\event\course_viewed","1004","1724571196"
"\core\event\course_viewed","1004","1724571202"
"\core\event\course_viewed","1004","1724571204"
"\mod_resource\event\course_module_viewed","1004","1724571213"
"\core\event\course_viewed","1004","1724571215"
"\mod_url\event\course_module_viewed","1004","1724571219"
"\mod_url\event\course_module_viewed","1004","1724571221"
"\mod_url\event\course_module_viewed","1004","1724571226"
"\core\event\course_viewed","1004","1724571249"
"\gradereport_user\event\grade_report_viewed","1004","1724571266"
"\core\event\course_viewed","1004","1724571476"
"\gradereport_user\event\grade_report_viewed","1004","1724571677"
"\mod_workshop\event\course_module_viewed","1004","1724571706"
"\mod_workshop\event\submission_viewed","1004","1724571711"
"\mod_workshop\event\submission_assessed","1004","1724572016"
"\mod_workshop\event\submission_assessed","1004","1724572198"
"\mod_workshop\event\course_module_viewed","1004","1724572327"
"\core\event\course_viewed","1004","1724572577"
"\core\event\course_viewed","1004","1724572581"
"\core\event\course_viewed","1004","1724572587"
"\core\event\course_viewed","1004","1724572592"
"\core\event\course_viewed","1004","1724572606"
"\mod_resource\event\course_module_viewed","1004","1724572611"
"\core\event\course_viewed","1004","1724572619"
"\mod_resource\event\course_module_viewed","1004","1724572626"
"\core\event\course_viewed","1004","1724572736"
"\core\event\course_viewed","1004","1724572742"
"\core\event\course_viewed","1004","1724572744"
"\mod_choice\event\course_module_viewed","1004","1724575707"
"\mod_choice\event\answer_created","1004","1724575709"
"\mod_choice\event\course_module_viewed","1004","1724575711"
"\core\event\course_viewed","1004","1724575779"
"\mod_workshop\event\course_module_viewed","1004","1724575783"
"\core\event\course_viewed","1004","1724577776"
"\core\event\course_viewed","1004","1724944513"
"\core\event\course_viewed","1004","1724944517"
"\core\event\course_viewed","1004","1724944547"
"\mod_resource\event\course_module_viewed","1004","1724944557"
"\mod_resource\event\course_module_viewed","1004","1724944591"
"\mod_resource\event\course_module_viewed","1004","1724951150"
"\mod_resource\event\course_module_viewed","1004","1724951195"
"\core\event\course_viewed","1004","1724951256"
"\core\event\course_viewed","1004","1724951260"
"\core\event\course_viewed","1004","1724951277"
"\mod_resource\event\course_module_viewed","1004","1724951284"
"\core\event\course_viewed","1004","1724951290"
"\core\event\course_viewed","1004","1724951294"
"\core\event\course_viewed","1004","1724951298"
"\mod_workshop\event\submission_viewed","1004","1724951324"
"\core\event\course_viewed","1004","1724951364"
"\mod_forum\event\discussion_viewed","1004","1724951404"
"\core\event\course_viewed","1004","1724951502"
"\mod_forum\event\discussion_viewed","1004","1724951508"
"\mod_resource\event\course_module_viewed","1004","1724952194"
"\core\event\course_viewed","1004","1724952224"
"\core\event\course_viewed","1004","1724952230"
"\core\event\course_viewed","1004","1724952247"
"\mod_workshop\event\course_module_viewed","1004","1724952252"
"\core\event\course_viewed","1004","1724952385"
"\gradereport_user\event\grade_report_viewed","1004","1724952478"
"\core\event\course_viewed","1004","1724952504"
"\core\event\course_viewed","1004","1724952529"
"\mod_workshop\event\course_module_viewed","1004","1724952546"
"\core\event\course_viewed","1004","1724952571"
"\core\event\course_viewed","1004","1724952576"
"\core\event\course_viewed","1004","1724952826"
"\mod_workshop\event\course_module_viewed","1004","1724953109"
"\mod_workshop\event\submission_viewed","1004","1724953118"
"\mod_workshop\event\submission_viewed","1004","1724953120"
"\core\event\course_viewed","1004","1725750280"
"\core\event\course_viewed","1004","1725750283"
"\mod_resource\event\course_module_viewed","1004","1725750882"
"\core\event\course_viewed","1004","1725750967"
"\core\event\course_viewed","1004","1725751009"
"\core\event\course_viewed","1004","1725882710"
"\core\event\course_viewed","1004","1725882717"
"\mod_resource\event\course_module_viewed","1004","1725882721"
"\mod_workshop\event\course_module_viewed","1004","1725882738"
"\mod_workshop\event\submission_viewed","1004","1725882740"
"\core\event\course_viewed","1004","1725882784"
"\core\event\course_viewed","1004","1725882787"
"\core\event\course_viewed","1004","1725882802"
"\mod_url\event\course_module_viewed","1004","1725882933"
"\core\event\course_viewed","1004","1725884328"
"\core\event\course_viewed","1004","1725884337"
"\core\event\course_viewed","1004","1725884339"
"\core\event\course_viewed","1004","1725884343"
"\mod_resource\event\course_module_viewed","1004","1725884347"
"\mod_resource\event\course_module_viewed","1004","1725884591"
"\core\event\course_viewed","1004","1726002162"
"\mod_quiz\event\course_module_viewed","1004","1726002166"
"\mod_quiz\event\attempt_started","1004","1726003981"
"\mod_quiz\event\attempt_viewed","1004","1726003989"
"\mod_quiz\event\attempt_autosaved","1004","1726003998"
"\mod_quiz\event\attempt_updated","1004","1726716937"
"\mod_quiz\event\attempt_viewed","1004","1726716939"
"\mod_quiz\event\attempt_updated","1004","1726717028"
"\mod_quiz\event\attempt_updated","1004","1726717494"
"\mod_quiz\event\attempt_viewed","1004","1726717504"
"\mod_quiz\event\attempt_updated","1004","1726717513"
"\mod_quiz\event\attempt_viewed","1004","1726717515"
"\mod_quiz\event\attempt_updated","1004","1726778899"
"\mod_quiz\event\attempt_viewed","1004","1726778901"
"\mod_quiz\event\attempt_viewed","1004","1726778929"
"\mod_quiz\event\attempt_updated","1004","1726778931"
"\mod_quiz\event\attempt_updated","1004","1726778939"
"\mod_quiz\event\attempt_viewed","1004","1726778941"
"\mod_quiz\event\attempt_viewed","1004","1726778986"
"\mod_quiz\event\attempt_updated","1004","1726778988"
"\mod_quiz\event\attempt_viewed","1004","1726779083"
"\mod_quiz\event\attempt_updated","1004","1726779088"
"\mod_quiz\event\attempt_viewed","1004","1726779090"
"\mod_quiz\event\attempt_autosaved","1004","1726779094"
"\core\event\course_viewed","1004","1726894326"
"\core\event\course_viewed","1004","1726894335"
"\core\event\user_list_viewed","1004","1726894360"
"\gradereport_user\event\grade_report_viewed","1004","1726894364"
"\core\event\course_viewed","1004","1726894366"
"\core\event\course_viewed","1004","1726894434"
"\mod_resource\event\course_module_viewed","1004","1726907445"
"\mod_resource\event\course_module_viewed","1004","1726907447"
"\mod_workshop\event\course_module_viewed","1004","1726907457"
"\core\event\course_viewed","1004","1726907459"
"\core\event\course_viewed","1004","1726907464"
"\core\event\course_viewed","1004","1726907478"
"\core\event\course_viewed","1004","1727484205"
"\mod_url\event\course_module_viewed","1004","1727484212"
"\core\event\course_viewed","1004","1727484239"
"\mod_workshop\event\course_module_viewed","1004","1727484246"
"\core\event\course_viewed","1004","1727484248"
"\core\event\course_viewed","1004","1727491097"
"\core\event\course_viewed","1004","1727491101"
"\core\event\course_viewed","1004","1727491129"
"\core\event\course_viewed","1004","1727491148"
"\core\event\course_viewed","1004","1727491203"
"\core\event\course_viewed","1004","1727595257"
"\mod_resource\event\course_module_viewed","1004","1727595261"
"\core\event\course_viewed","1004","1727595583"
"\mod_url\event\course_module_viewed","1004","1727595591"
"\core\event\course_viewed","1004","1727595595"
"\mod_resource\event\course_module_viewed","1004","1727595598"
"\mod_resource\event\course_module_viewed","1004","1727595604"
"\mod_resource\event\course_module_viewed","1004","1727598849"
"\core\event\course_viewed","1004","1727598853"
"\core\event\course_viewed","1004","1727598855"
"\mod_workshop\event\submission_assessed","1004","1727598948"
"\core\event\course_viewed","1004","1727598969"
"\core\event\course_viewed","1004","1727598972"
"\mod_page\event\course_module_viewed","1004","1727598978"
"\core\event\course_viewed","1004","1727599046"
"\mod_resource\event\course_module_viewed","1004","1727599048"
"\core\event\course_viewed","1004","1727599056"
"\mod_resource\event\course_module_viewed","1004","1727599063"
"\mod_url\event\course_module_viewed","1004","1727599073"
"\mod_url\event\course_module_viewed","1004","1727599107"
"\core\event\course_viewed","1004","1727602871"
"\core\event\course_viewed","1004","1727602875"
"\core\event\course_viewed","1004","1727602881"
"\mod_resource\event\course_module_viewed","1004","1727603712"
"\core\event\course_viewed","1004","1727732213"
"\core\event\course_viewed","1004","1727732219"
"\mod_resource\event\course_module_viewed","1004","1727732225"
"\core\event\course_viewed","1004","1727732255"
"\core\event\course_viewed","1004","1727732257"
"\mod_forum\event\discussion_viewed","1004","1727732344"
"\mod_forum\event\discussion_viewed","1004","1727732373"
"\core\event\course_viewed","1004","1727732750"
"\core\event\course_viewed","1004","1727732755"
"\core\event\course_viewed","1004","1727732761"
"\core\event\course_viewed","1004","1727732772"
"\core\event\course_viewed","1004","1727732797"
"\mod_workshop\event\course_module_viewed","1004","1727732805"
"\core\event\course_viewed","1004","1727732820"
"\core\event\course_viewed","1004","1727732827"
"\core\event\course_viewed","1004","1727732833"
"\mod_workshop\event\course_module_viewed","1004","1727732873"
"\core\event\course_viewed","1004","1727732981"
"\core\event\course_viewed","1004","1727732983"
"\core\event\course_viewed","1004","1727732988"
"\mod_page\event\course_module_viewed","1004","1727733002"
"\core\event\course_viewed","1004","1727733161"
"\core\event\course_viewed","1004","1727733168"
"\mod_workshop\event\course_module_viewed","1004","1727733176"
"\core\event\course_viewed","1004","1727733180"
"\core\event\course_viewed","1004","1727733183"
"\core\event\course_viewed","1004","1727733189"
"\core\event\course_viewed","1004","1727733195"
"\mod_workshop\event\course_module_viewed","1004","1727733197"
"\core\event\course_viewed","1004","1727733199"
"\core\event\course_viewed","1004","1727940941"
"\core\event\course_viewed","1004","1727940943"
"\core\event\course_viewed","1004","1727940949"
"\mod_url\event\course_module_viewed","1004","1727941093"
"\core\event\course_viewed","1004","1727941170"
"\mod_forum\event\course_module_viewed","1004","1727941303"
"\mod_forum\event\discussion_viewed","1004","1727941307"
"\mod_forum\event\discussion_viewed","1004","1727941309"
"\core\event\course_viewed","1004","1727941314"
"\core\event\course_viewed","1004","1727941379"
"\core\event\course_viewed","1004","1727944120"
"\mod_workshop\event\course_module_viewed","1004","1727944126"
"\core\event\course_viewed","1004","1727946151"
"\core\event\course_viewed","1004","1727946155"
"\mod_workshop\event\course_module_viewed","1004","1727951223"
"\core\event\course_viewed","1004","1727951232"
"\core\event\course_viewed","1004","1727951242"
"\gradereport_user\event\grade_report_viewed","1004","1727951247"
"\core\event\course_viewed","1004","1728130584"
"\core\event\course_viewed","1004","1728130593"
"\core\event\user_list_viewed","1004","1728130711"
"\core\event\user_profile_viewed","1004","1728130749"
"\core\event\user_profile_viewed","1004","1728130752"
"\core\event\user_profile_viewed","1004","1728130758"
"\core\event\user_profile_viewed","1004","1728130766"
"\core\event\course_viewed","1004","1728312823"
"\core\event\course_viewed","1004","1728312826"
"\mod_resource\event\course_module_viewed","1004","1728312845"
"\gradereport_user\event\grade_report_viewed","1004","1728314501"
"\mod_workshop\event\course_module_viewed","1004","1728314552"
"\mod_workshop\event\submission_viewed","1004","1728314560"
"\mod_workshop\event\submission_viewed","1004","1728422369"
"\core\event\course_viewed","1004","1728422375"
"\core\event\course_viewed","1004","1728422450"
"\mod_resource\event\course_module_viewed","1004","1728422452"
"\core\event\course_viewed","1004","1728422651"
"\mod_workshop\event\course_module_viewed","1004","1728422657"
"\core\event\course_viewed","1004","1728422670"
"\core\event\course_viewed","1004","1728423115"
"\core\event\course_viewed","1004","1728423119"
"\core\event\course_viewed","1004","1728423149"
"\mod_resource\event\course_module_viewed","1004","1728423153"
"\mod_resource\event\course_module_viewed","1004","1728423157"
"\mod_resource\event\course_module_viewed","1004","1728423159"
"\core\event\course_viewed","1004","1728423256"
"\core\event\course_viewed","1004","1728423257"
"\core\event\course_viewed","1004","1728423261"
"\core\event\course_viewed","1004","1728423265"
"\mod_workshop\event\course_module_viewed","1004","1728423269"
"\mod_workshop\event\submission_updated","1004","1728427732"
"\mod_workshop\event\submission_viewed","1004","1728437813"
"\core\event\course_viewed","1004","1728438234"
"\core\event\course_viewed","1004","1728438241"
"\core\event\course_viewed","1004","1728438251"
"\mod_resource\event\course_module_viewed","1004","1728502744"
"\mod_resource\event\course_module_viewed","1004","1728509189"
"\core\event\course_viewed","1004","1728509217"
"\gradereport_user\event\grade_report_viewed","1004","1728509234"
"\core\event\course_viewed","1004","1728509236"
"\core\event\course_viewed","1004","1728509238"
"\mod_workshop\event\course_module_viewed","1004","1728509376"
"\core\event\course_viewed","1004","1728509380"
"\core\event\course_viewed","1004","1728509382"
"\core\event\course_viewed","1004","1728958186"
"\mod_resource\event\course_module_viewed","1004","1728958228"
"\mod_resource\event\course_module_viewed","1004","1728961073"
"\core\event\course_viewed","1004","1728962354"
"\mod_workshop\event\course_module_viewed","1004","1728962362"
"\core\event\course_viewed","1004","1728962367"
"\mod_resource\event\course_module_viewed","1004","1728962373"
"\core\event\course_viewed","1004","1728962394"
"\core\event\course_viewed","1004","1728962396"
"\core\event\course_viewed","1004","1728962405"
"\mod_resource\event\course_module_viewed","1004","1728962416"
"\core\event\course_viewed","1004","1728962418"
"\mod_workshop\event\course_module_viewed","1004","1728962420"
"\core\event\course_viewed","1004","1728962530"
"\core\event\course_viewed","1004","1728966020"
"\mod_workshop\event\course_module_viewed","1004","1728966022"
"\core\event\course_viewed","1004","1728966026"
"\core\event\course_viewed","1004","1728966027"
"\mod_workshop\event\course_module_viewed","1004","1728966031"
"\mod_workshop\event\submission_updated","1004","1728966156"
"\core\event\course_viewed","1004","1728970019"
"\core\event\course_viewed","1004","1728970497"
"\core\event\course_viewed","1004","1728970599"
"\core\event\course_viewed","1004","1728972285"
"\core\event\course_viewed","1005","1709199559"
"\mod_resource\event\course_module_viewed","1005","1709199562"
"\core\event\course_viewed","1005","1709199569"
"\core\event\course_viewed","1005","1709199570"
"\mod_workshop\event\course_module_viewed","1005","1709199576"
"\core\event\course_viewed","1005","1709199874"
"\mod_resource\event\course_module_viewed","1005","1709201012"
"\core\event\course_viewed","1005","1709248397"
"\mod_resource\event\course_module_viewed","1005","1709248401"
"\core\event\course_viewed","1005","1709249722"
"\core\event\course_viewed","1005","1709249726"
"\gradereport_user\event\grade_report_viewed","1005","1709249731"
"\core\event\course_viewed","1005","1709249761"
"\core\event\course_viewed","1005","1709250784"
"\core\event\course_viewed","1005","1709250785"
"\mod_workshop\event\course_module_viewed","1005","1709250788"
"\core\event\course_viewed","1005","1709340310"
"\core\event\course_viewed","1005","1709340313"
"\gradereport_user\event\grade_report_viewed","1005","1709340317"
"\core\event\course_viewed","1005","1709340339"
"\core\event\course_viewed","1005","1709340341"
"\core\event\course_viewed","1005","1709340343"
"\core\event\course_viewed","1005","1709340350"
"\core\event\course_viewed","1005","1709340364"
"\mod_resource\event\course_module_viewed","1005","1709340366"
"\mod_resource\event\course_module_viewed","1005","1709340368"
"\mod_resource\event\course_module_viewed","1005","1709340375"
"\mod_resource\event\course_module_viewed","1005","1709340455"
"\core\event\course_viewed","1005","1709341176"
"\mod_resource\event\course_module_viewed","1005","1709341178"
"\core\event\course_viewed","1005","1709341181"
"\core\event\course_viewed","1005","1709341183"
"\core\event\course_viewed","1005","1709341192"
"\core\event\course_viewed","1005","1709344744"
"\core\event\course_viewed","1005","1709344745"
"\core\event\course_viewed","1005","1709345679"
"\mod_resource\event\course_module_viewed","1005","1709345836"
"\core\event\course_viewed","1005","1709347578"
"\core\event\course_viewed","1005","1709347617"
"\core\event\course_viewed","1005","1709348122"
"\gradereport_user\event\grade_report_viewed","1005","1709348134"
"\mod_workshop\event\course_module_viewed","1005","1709348144"
"\core\event\course_viewed","1005","1709348148"
"\core\event\course_viewed","1005","1709348151"
"\mod_workshop\event\course_module_viewed","1005","1709348165"
"\core\event\course_viewed","1005","1709348340"
"\mod_quiz\event\attempt_viewed","1005","1709348342"
"\mod_quiz\event\attempt_updated","1005","1709348344"
"\mod_quiz\event\attempt_viewed","1005","1709348345"
"\mod_quiz\event\attempt_updated","1005","1709348401"
"\mod_quiz\event\attempt_updated","1005","1709348402"
"\mod_quiz\event\attempt_viewed","1005","1709348412"
"\mod_quiz\event\attempt_updated","1005","1709348416"
"\mod_quiz\event\attempt_updated","1005","1709348619"
"\mod_quiz\event\attempt_viewed","1005","1709348620"
"\mod_quiz\event\attempt_viewed","1005","1709348672"
"\mod_quiz\event\attempt_viewed","1005","1709348822"
"\mod_quiz\event\attempt_updated","1005","1709348997"
"\mod_quiz\event\attempt_viewed","1005","1709348998"
"\mod_quiz\event\attempt_summary_viewed","1005","1709483661"
"\mod_quiz\event\attempt_updated","1005","1709483662"
"\mod_quiz\event\attempt_summary_viewed","1005","1709483682"
"\core\event\course_viewed","1005","1709483683"
"\core\event\course_viewed","1005","1709599079"
"\core\event\course_viewed","1005","1709599106"
"\mod_resource\event\course_module_viewed","1005","1709599113"
"\core\event\course_viewed","1005","1709599132"
"\core\event\course_viewed","1005","1709694209"
"\core\event\course_viewed","1005","1709694222"
"\core\event\course_viewed","1005","1709694240"
"\mod_resource\event\course_module_viewed","1005","1709694251"
"\core\event\course_viewed","1005","1709697750"
"\mod_mail\event\course_module_viewed","1005","1709697752"
"\core\event\course_viewed","1005","1709697754"
"\mod_workshop\event\course_module_viewed","1005","1709697761"
"\core\event\course_viewed","1005","1709697768"
"\mod_resource\event\course_module_viewed","1005","1709965373"
"\core\event\course_viewed","1005","1709965956"
"\mod_resource\event\course_module_viewed","1005","1709968948"
"\core\event\course_viewed","1005","1709969891"
"\core\event\course_viewed","1005","1709969894"
"\core\event\course_viewed","1005","1710071065"
"\core\event\course_viewed","1005","1710071068"
"\mod_workshop\event\course_module_viewed","1005","1710071845"
"\core\event\course_viewed","1005","1710071849"
"\mod_workshop\event\course_module_viewed","1005","1710071860"
"\core\event\course_viewed","1005","1710071865"
"\core\event\course_viewed","1005","1710071867"
"\core\event\course_viewed","1005","1710071868"
"\mod_page\event\course_module_viewed","1005","1710071879"
"\core\event\course_viewed","1005","1710071881"
"\core\event\course_viewed","1005","1710071883"
"\mod_workshop\event\course_module_viewed","1005","1710071888"
"\mod_workshop\event\submission_assessed","1005","1710071889"
"\mod_workshop\event\submission_reassessed","1005","1710071893"
"\mod_workshop\event\course_module_viewed","1005","1710071895"
"\core\event\course_viewed","1005","1710071900"
"\mod_url\event\course_module_viewed","1005","1710071904"
"\core\event\course_viewed","1005","1710071913"
"\core\event\course_viewed","1005","1710071915"
"\core\event\course_viewed","1005","1710071921"
"\core\event\course_viewed","1005","1710082054"
"\core\event\course_viewed","1005","1710082057"
"\core\event\course_viewed","1005","1710082060"
"\core\event\course_viewed","1005","1710082063"
"\mod_resource\event\course_module_viewed","1005","1710082068"
"\mod_resource\event\course_module_viewed","1005","1710082139"
"\mod_resource\event\course_module_viewed","1005","1710082142"
"\core\event\course_viewed","1005","1710082953"
"\mod_workshop\event\course_module_viewed","1005","1710082955"
"\core\event\course_viewed","1005","1710082959"
"\mod_resource\event\course_module_viewed","1005","1710082962"
"\mod_resource\event\course_module_viewed","1005","1710082966"
"\core\event\course_viewed","1005","1710082975"
"\core\event\course_viewed","1005","1710082978"
"\core\event\course_viewed","1005","1710137625"
"\core\event\course_viewed","1005","1710137629"
"\core\event\course_viewed","1005","1710137631"
"\core\event\course_viewed","1005","1710137638"
"\core\event\course_viewed","1005","1710137650"
"\core\event\course_viewed","1005","1710137652"
"\mod_workshop\event\course_module_viewed","1005","1710137657"
"\mod_workshop\event\submission_viewed","1005","1710137727"
"\mod_workshop\event\submission_viewed","1005","1710139868"
"\mod_workshop\event\assessable_uploaded","1005","1710139869"
"\mod_workshop\event\submission_updated","1005","1710139871"
"\core\event\course_viewed","1005","1710139926"
"\core\event\course_viewed","1005","1710139932"
"\mod_scheduler\event\booking_form_viewed","1005","1710139934"
"\core\event\course_viewed","1005","1710139990"
"\core\event\course_viewed","1005","1710139993"
"\mod_workshop\event\course_module_viewed","1005","1710139997"
"\core\event\course_viewed","1005","1710226618"
"\core\event\course_viewed","1005","1710226653"
"\mod_resource\event\course_module_viewed","1005","1710226660"
"\core\event\course_viewed","1005","1710232875"
"\mod_url\event\course_module_viewed","1005","1710233023"
"\core\event\course_viewed","1005","1710233027"
"\mod_quiz\event\attempt_viewed","1005","1710233033"
"\mod_quiz\event\attempt_updated","1005","1710399198"
"\mod_quiz\event\attempt_viewed","1005","1710399200"
"\mod_quiz\event\attempt_updated","1005","1710399322"
"\mod_quiz\event\attempt_viewed","1005","1710399390"
"\mod_quiz\event\attempt_started","1005","1710399942"
"\mod_quiz\event\attempt_viewed","1005","1710399945"
"\mod_quiz\event\attempt_updated","1005","1710399949"
"\mod_quiz\event\attempt_updated","1005","1710400074"
"\mod_quiz\event\attempt_reviewed","1005","1710400078"
"\mod_quiz\event\attempt_submitted","1005","1710400079"
"\mod_forum\event\discussion_viewed","1005","1710852522"
"\core\event\course_viewed","1005","1710852536"
"\core\event\course_viewed","1005","1710852540"
"\core\event\course_viewed","1005","1710852543"
"\mod_workshop\event\course_module_viewed","1005","1710852547"
"\core\event\course_viewed","1005","1710852552"
"\core\event\user_list_viewed","1005","1710852554"
"\core\event\user_profile_viewed","1005","1710852556"
"\core\event\course_viewed","1005","1710852568"
"\mod_resource\event\course_module_viewed","1005","1710852570"
"\core\event\course_viewed","1005","1710853238"
"\core\event\course_viewed","1005","1710853257"
"\core\event\course_viewed","1005","1710853263"
"\mod_resource\event\course_module_viewed","1005","1710853274"
"\core\event\course_viewed","1005","1710853281"
"\core\event\course_viewed","1005","1710853282"
"\core\event\course_viewed","1005","1710853289"
"\core\event\course_viewed","1005","1710857059"
"\mod_workshop\event\course_module_viewed","1005","1710857062"
"\core\event\course_viewed","1005","1710862030"
"\core\event\course_viewed","1005","1710862035"
"\mod_resource\event\course_module_viewed","1005","1710862046"
"\core\event\course_viewed","1005","1710862048"
"\core\event\course_viewed","1005","1710862051"
"\core\event\course_viewed","1005","1710862054"
"\core\event\course_viewed","1005","1710862168"
"\core\event\course_viewed","1005","1710862172"
"\core\event\course_viewed","1005","1710862179"
"\mod_resource\event\course_module_viewed","1005","1710862182"
"\core\event\course_viewed","1005","1710867861"
"\core\event\course_viewed","1005","1710953306"
"\mod_resource\event\course_module_viewed","1005","1710953313"
"\core\event\course_viewed","1005","1710953855"
"\core\event\course_viewed","1005","1710953860"
"\core\event\course_viewed","1005","1710953867"
"\core\event\course_viewed","1005","1710953872"
"\core\event\course_viewed","1005","1710953874"
"\mod_workshop\event\course_module_viewed","1005","1710953923"
"\core\event\course_viewed","1005","1710953937"
"\core\event\course_viewed","1005","1710953938"
"\core\event\course_viewed","1005","1710953941"
"\core\event\course_viewed","1005","1710953948"
"\core\event\course_viewed","1005","1710953966"
"\mod_resource\event\course_module_viewed","1005","1710953967"
"\mod_workshop\event\submission_assessed","1005","1710954105"
"\mod_workshop\event\submission_assessed","1005","1710954148"
"\mod_workshop\event\submission_reassessed","1005","1710954151"
"\mod_workshop\event\course_module_viewed","1005","1710954156"
"\mod_workshop\event\submission_assessed","1005","1710954497"
"\core\event\course_viewed","1005","1710954515"
"\core\event\course_viewed","1005","1710954526"
"\core\event\course_viewed","1005","1710954529"
"\mod_resource\event\course_module_viewed","1005","1710954534"
"\core\event\course_viewed","1005","1710957155"
"\mod_workshop\event\course_module_viewed","1005","1710957166"
"\core\event\user_profile_viewed","1005","1711118502"
"\core\event\user_profile_viewed","1005","1711118524"
"\core\event\user_profile_viewed","1005","1711118529"
"\mod_workshop\event\course_module_viewed","1005","1711118560"
"\core\event\course_viewed","1005","1711118563"
"\mod_resource\event\course_module_viewed","1005","1711118734"
"\mod_resource\event\course_module_viewed","1005","1711121438"
"\mod_resource\event\course_module_viewed","1005","1711121439"
"\mod_workshop\event\course_module_viewed","1005","1711121440"
"\mod_workshop\event\submission_viewed","1005","1711121460"
"\mod_workshop\event\submission_viewed","1005","1711278647"
"\mod_workshop\event\assessable_uploaded","1005","1711278648"
"\mod_workshop\event\submission_updated","1005","1711278649"
"\mod_workshop\event\submission_created","1005","1711278654"
"\mod_workshop\event\assessable_uploaded","1005","1711279022"
"\mod_workshop\event\submission_updated","1005","1711279023"
"\core\event\course_viewed","1005","1711279025"
"\core\event\course_viewed","1005","1711279030"
"\core\event\course_viewed","1005","1711279031"
"\core\event\course_viewed","1005","1711327494"
"\core\event\course_viewed","1005","1711327498"
"\core\event\course_viewed","1005","1711327501"
"\core\event\course_viewed","1005","1711327502"
"\mod_page\event\course_module_viewed","1005","1711327508"
"\core\event\course_viewed","1005","1711327512"
"\core\event\course_viewed","1005","1711327519"
"\gradereport_user\event\grade_report_viewed","1005","1711327520"
"\core\event\course_viewed","1005","1711327550"
"\core\event\course_viewed","1005","1711327551"
"\core\event\course_viewed","1005","1711327569"
"\core\event\course_viewed","1005","1711327570"
"\core\event\course_viewed","1005","1711327572"
"\core\event\course_viewed","1005","1711327577"
"\mod_workshop\event\course_module_viewed","1005","1711327582"
"\mod_workshop\event\submission_created","1005","1711327630"
"\mod_workshop\event\submission_updated","1005","1711327632"
"\mod_workshop\event\submission_created","1005","1711327633"
"\mod_workshop\event\submission_viewed","1005","1711327634"
"\mod_resource\event\course_module_viewed","1005","1711411357"
"\core\event\course_viewed","1005","1711411364"
"\mod_url\event\course_module_viewed","1005","1711411371"
"\mod_url\event\course_module_viewed","1005","1711411382"
"\core\event\course_viewed","1005","1711411461"
"\mod_workshop\event\course_module_viewed","1005","1711411467"
"\core\event\course_viewed","1005","1711411469"
"\core\event\course_viewed","1005","1711411472"
"\mod_resource\event\course_module_viewed","1005","1711411476"
"\core\event\course_viewed","1005","1711411496"
"\core\event\course_viewed","1005","1711411497"
"\core\event\course_viewed","1005","1711411501"
"\core\event\course_viewed","1005","1711411504"
"\core\event\course_viewed","1005","1711459983"
"\mod_resource\event\course_module_viewed","1005","1711459986"
"\core\event\course_viewed","1005","1711460028"
"\core\event\course_viewed","1005","1711460035"
"\mod_workshop\event\course_module_viewed","1005","1711460038"
"\core\event\course_viewed","1005","1711460040"
"\core\event\course_viewed","1005","1711460047"
"\core\event\course_viewed","1005","1711460053"
"\core\event\course_viewed","1005","1711460668"
"\core\event\course_viewed","1005","1711460673"
"\core\event\course_viewed","1005","1711460680"
"\gradereport_user\event\grade_report_viewed","1005","1711460686"
"\core\event\course_viewed","1005","1711460698"
"\core\event\course_viewed","1005","1711460702"
"\mod_resource\event\course_module_viewed","1005","1711460707"
"\mod_workshop\event\submission_viewed","1005","1711461876"
"\mod_workshop\event\submission_viewed","1005","1711461877"
"\mod_workshop\event\submission_viewed","1005","1711461899"
"\core\event\course_viewed","1005","1711463268"
"\core\event\course_viewed","1005","1711463358"
"\core\event\course_viewed","1005","1711463360"
"\core\event\course_viewed","1005","1711463361"
"\core\event\course_viewed","1005","1711534374"
"\core\event\course_viewed","1005","1711534377"
"\core\event\course_viewed","1005","1711534381"
"\core\event\course_viewed","1005","1711534383"
"\core\event\course_viewed","1005","1711534386"
"\core\event\course_viewed","1005","1711534387"
"\core\event\course_viewed","1005","1711694003"
"\core\event\course_viewed","1005","1711694005"
"\mod_workshop\event\course_module_viewed","1005","1711694097"
"\mod_workshop\event\submission_assessed","1005","1711694098"
"\mod_workshop\event\course_module_viewed","1005","1711694100"
"\mod_workshop\event\submission_reassessed","1005","1711694101"
"\core\event\course_viewed","1005","1711694112"
"\core\event\course_viewed","1005","1711694128"
"\core\event\course_viewed","1005","1711694132"
"\mod_resource\event\course_module_viewed","1005","1711694133"
"\mod_quiz\event\course_module_viewed","1005","1711694297"
"\mod_quiz\event\attempt_started","1005","1711694300"
"\mod_quiz\event\attempt_viewed","1005","1711694303"
"\mod_quiz\event\attempt_viewed","1005","1711694317"
"\mod_quiz\event\attempt_updated","1005","1711694318"
"\mod_quiz\event\attempt_viewed","1005","1711694322"
"\mod_quiz\event\attempt_updated","1005","1711694324"
"\mod_quiz\event\attempt_viewed","1005","1711694325"
"\mod_quiz\event\attempt_autosaved","1005","1711694426"
"\mod_quiz\event\attempt_viewed","1005","1711694481"
"\mod_quiz\event\attempt_updated","1005","1711696698"
"\mod_quiz\event\attempt_submitted","1005","1711696702"
"\mod_quiz\event\attempt_reviewed","1005","1711696704"
"\mod_quiz\event\attempt_submitted","1005","1711696708"
"\core\event\course_viewed","1005","1711699644"
"\core\event\course_viewed","1005","1711699646"
"\core\event\course_viewed","1005","1711803087"
"\core\event\course_viewed","1005","1711803092"
"\core\event\course_viewed","1005","1711803095"
"\core\event\course_viewed","1005","1711803831"
"\mod_resource\event\course_module_viewed","1005","1711803834"
"\mod_resource\event\course_module_viewed","1005","1711803837"
"\core\event\course_viewed","1005","1711804704"
"\core\event\course_viewed","1005","1711804707"
"\core\event\course_viewed","1005","1711804708"
"\core\event\course_viewed","1005","1711804747"
"\core\event\course_viewed","1005","1711911366"
"\core\event\course_viewed","1005","1711911434"
"\core\event\course_viewed","1005","1711911439"
"\core\event\course_viewed","1005","1711911446"
"\core\event\course_viewed","1005","1711911448"
"\mod_resource\event\course_module_viewed","1005","1711911455"
"\core\event\course_viewed","1005","1711912342"
"\mod_workshop\event\course_module_viewed","1005","1711912345"
"\core\event\course_viewed","1005","1711912358"
"\core\event\course_viewed","1005","1711912364"
"\core\event\course_viewed","1005","1711912368"
"\mod_url\event\course_module_viewed","1005","1711912370"
"\core\event\course_viewed","1005","1711912696"
"\mod_forum\event\discussion_viewed","1005","1711912699"
"\mod_resource\event\course_module_viewed","1005","1711912752"
"\core\event\course_viewed","1005","1711912756"
"\core\event\course_viewed","1005","1711912760"
"\mod_workshop\event\course_module_viewed","1005","1711912761"
"\core\event\course_viewed","1005","1711912959"
"\mod_quiz\event\course_module_viewed","1005","1711912970"
"\mod_quiz\event\attempt_reviewed","1005","1711912971"
"\mod_quiz\event\course_module_viewed","1005","1711912974"
"\core\event\course_viewed","1005","1711912978"
"\core\event\course_viewed","1005","1711942992"
"\mod_workshop\event\submission_viewed","1005","1711942994"
"\mod_workshop\event\submission_updated","1005","1711942996"
"\mod_workshop\event\assessable_uploaded","1005","1711942997"
"\mod_workshop\event\submission_created","1005","1711942999"
"\mod_workshop\event\assessable_uploaded","1005","1711943000"
"\mod_workshop\event\submission_updated","1005","1711943001"
"\core\event\course_viewed","1005","1711943061"
"\core\event\course_viewed","1005","1711943065"
"\core\event\course_viewed","1005","1711943067"
"\mod_resource\event\course_module_viewed","1005","1711943071"
"\core\event\course_viewed","1005","1711946979"
"\core\event\course_viewed","1005","1711946982"
"\mod_resource\event\course_module_viewed","1005","1711946983"
"\core\event\course_viewed","1005","1711948968"
"\mod_resource\event\course_module_viewed","1005","1711949001"
"\core\event\course_viewed","1005","1711950560"
"\core\event\course_viewed","1005","1711956986"
"\core\event\course_viewed","1005","1711956987"
"\core\event\course_viewed","1005","1711956989"
"\core\event\course_viewed","1005","1711956993"
"\mod_url\event\course_module_viewed","1005","1711956996"
"\core\event\course_viewed","1005","1711957083"
"\gradereport_user\event\grade_report_viewed","1005","1711957086"
"\gradereport_user\event\grade_report_viewed","1005","1711957898"
"\gradereport_user\event\grade_report_viewed","1005","1711957989"
"\core\event\course_viewed","1005","1711957991"
"\core\event\course_viewed","1005","1711957996"
"\mod_workshop\event\course_module_viewed","1005","1711958000"
"\core\event\course_viewed","1005","1711958016"
"\mod_resource\event\course_module_viewed","1005","1711958027"
"\mod_workshop\event\course_module_viewed","1005","1711958028"
"\core\event\course_viewed","1005","1711958045"
"\core\event\course_viewed","1005","1711958048"
"\core\event\course_viewed","1005","1711958049"
"\mod_quiz\event\course_module_viewed","1005","1711958053"
"\core\event\course_viewed","1005","1711959847"
"\core\event\course_viewed","1005","1711959853"
"\core\event\course_viewed","1005","1712228361"
"\core\event\course_viewed","1005","1712228365"
"\core\event\course_viewed","1005","1712228366"
"\core\event\course_viewed","1005","1712228480"
"\core\event\course_viewed","1005","1712228483"
"\core\event\course_viewed","1005","1712228497"
"\core\event\course_viewed","1005","1712228508"
"\core\event\course_viewed","1005","1712228516"
"\core\event\course_viewed","1005","1712228530"
"\mod_resource\event\course_module_viewed","1005","1712228536"
"\core\event\course_viewed","1005","1712235477"
"\mod_resource\event\course_module_viewed","1005","1712235480"
"\core\event\course_viewed","1005","1712235498"
"\core\event\course_viewed","1005","1712235565"
"\core\event\course_viewed","1005","1712235566"
"\mod_workshop\event\course_module_viewed","1005","1712235568"
"\mod_workshop\event\course_module_viewed","1005","1712235575"
"\mod_workshop\event\submission_assessed","1005","1712235576"
"\mod_workshop\event\course_module_viewed","1005","1712235577"
"\core\event\course_viewed","1005","1712235583"
"\core\event\course_viewed","1005","1712235584"
"\core\event\course_viewed","1005","1712235598"
"\core\event\course_viewed","1005","1712235608"
"\core\event\course_viewed","1005","1712235611"
"\core\event\course_viewed","1005","1712235623"
"\mod_url\event\course_module_viewed","1005","1712235625"
"\core\event\course_viewed","1005","1712235657"
"\core\event\course_viewed","1005","1712235740"
"\mod_resource\event\course_module_viewed","1005","1712235757"
"\core\event\course_viewed","1005","1712235765"
"\mod_workshop\event\course_module_viewed","1005","1712235772"
"\mod_workshop\event\submission_viewed","1005","1712235809"
"\core\event\course_viewed","1005","1712235814"
"\core\event\course_viewed","1005","1712235911"
"\core\event\course_viewed","1005","1712235915"
"\core\event\course_viewed","1005","1712235940"
"\core\event\course_viewed","1005","1712236301"
"\core\event\course_viewed","1005","1712236303"
"\core\event\course_viewed","1005","1712236316"
"\mod_url\event\course_module_viewed","1005","1712236325"
"\core\event\course_viewed","1005","1712236328"
"\mod_workshop\event\course_module_viewed","1005","1712236330"
"\core\event\course_viewed","1005","1712236335"
"\core\event\course_viewed","1005","1712236336"
"\mod_url\event\course_module_viewed","1005","1712236340"
"\core\event\course_viewed","1005","1712236421"
"\mod_workshop\event\course_module_viewed","1005","1712236426"
"\core\event\course_viewed","1005","1712236433"
"\mod_quiz\event\course_module_viewed","1005","1712236436"
"\mod_quiz\event\attempt_viewed","1005","1712236442"
"\mod_quiz\event\attempt_updated","1005","1712236443"
"\mod_quiz\event\attempt_viewed","1005","1712236444"
"\mod_quiz\event\attempt_updated","1005","1712237040"
"\mod_quiz\event\attempt_autosaved","1005","1712237124"
"\mod_quiz\event\attempt_viewed","1005","1712237254"
"\mod_quiz\event\attempt_updated","1005","1712237256"
"\mod_quiz\event\attempt_viewed","1005","1712237257"
"\mod_quiz\event\attempt_updated","1005","1712237259"
"\mod_quiz\event\attempt_updated","1005","1712237261"
"\mod_quiz\event\attempt_updated","1005","1712237370"
"\mod_quiz\event\attempt_updated","1005","1712237372"
"\mod_quiz\event\attempt_viewed","1005","1712237374"
"\mod_quiz\event\attempt_updated","1005","1712237375"
"\mod_quiz\event\attempt_summary_viewed","1005","1712237471"
"\mod_quiz\event\attempt_updated","1005","1712237473"
"\mod_quiz\event\attempt_viewed","1005","1712237474"
"\mod_quiz\event\attempt_updated","1005","1712237721"
"\mod_quiz\event\attempt_viewed","1005","1712237723"
"\mod_quiz\event\attempt_updated","1005","1712237767"
"\mod_quiz\event\attempt_viewed","1005","1712237768"
"\mod_quiz\event\attempt_updated","1005","1712240371"
"\mod_quiz\event\attempt_viewed","1005","1712240372"
"\core\event\course_viewed","1005","1712240392"
"\core\event\course_viewed","1005","1712240396"
"\core\event\course_viewed","1005","1712246658"
"\core\event\course_viewed","1005","1712246661"
"\core\event\course_viewed","1005","1712246672"
"\mod_workshop\event\course_module_viewed","1005","1712246676"
"\mod_workshop\event\submission_updated","1005","1712246682"
"\mod_workshop\event\submission_viewed","1005","1712246683"
"\core\event\course_viewed","1005","1712246715"
"\core\event\course_viewed","1005","1712246722"
"\core\event\course_viewed","1005","1712246728"
"\mod_workshop\event\course_module_viewed","1005","1712246730"
"\core\event\course_viewed","1005","1712246736"
"\mod_resource\event\course_module_viewed","1005","1712246737"
"\core\event\course_viewed","1005","1712246740"
"\mod_workshop\event\course_module_viewed","1005","1712246747"
"\core\event\course_viewed","1005","1712249557"
"\mod_resource\event\course_module_viewed","1005","1712249593"
"\core\event\course_viewed","1005","1712249597"
"\core\event\course_viewed","1005","1712249600"
"\core\event\course_viewed","1005","1712249601"
"\core\event\course_viewed","1005","1712249604"
"\mod_resource\event\course_module_viewed","1005","1712249605"
"\mod_quiz\event\attempt_updated","1005","1712249705"
"\mod_quiz\event\attempt_viewed","1005","1712249716"
"\mod_quiz\event\attempt_updated","1005","1712249720"
"\mod_quiz\event\attempt_updated","1005","1712249772"
"\mod_quiz\event\attempt_summary_viewed","1005","1712249773"
"\mod_quiz\event\attempt_updated","1005","1712249779"
"\mod_quiz\event\attempt_viewed","1005","1712249780"
"\mod_quiz\event\attempt_updated","1005","1712249800"
"\core\event\course_viewed","1005","1712251471"
"\core\event\course_viewed","1005","1712251509"
"\core\event\course_viewed","1005","1712251510"
"\gradereport_user\event\grade_report_viewed","1005","1712251513"
"\core\event\course_viewed","1005","1712251516"
"\core\event\course_viewed","1005","1712650408"
"\core\event\course_viewed","1005","1712650409"
"\mod_resource\event\course_module_viewed","1005","1712650412"
"\core\event\course_viewed","1005","1712650568"
"\mod_workshop\event\submission_viewed","1005","1712650572"
"\mod_workshop\event\assessable_uploaded","1005","1712650573"
"\mod_workshop\event\submission_created","1005","1712650575"
"\mod_workshop\event\submission_viewed","1005","1712722134"
"\mod_workshop\event\submission_created","1005","1712722135"
"\mod_workshop\event\submission_viewed","1005","1712722137"
"\core\event\course_viewed","1005","1712722267"
"\core\event\course_viewed","1005","1712722270"
"\core\event\course_viewed","1005","1712722277"
"\mod_resource\event\course_module_viewed","1005","1712722281"
"\core\event\course_viewed","1005","1712724297"
"\mod_workshop\event\course_module_viewed","1005","1712724303"
"\mod_workshop\event\submission_created","1005","1712731678"
"\mod_workshop\event\submission_viewed","1005","1712731680"
"\mod_workshop\event\submission_viewed","1005","1712731689"
"\mod_workshop\event\assessable_uploaded","1005","1712731691"
"\mod_workshop\event\submission_updated","1005","1712731692"
"\mod_workshop\event\assessable_uploaded","1005","1712731694"
"\mod_workshop\event\submission_viewed","1005","1712734824"
"\core\event\course_viewed","1005","1712734891"
"\mod_resource\event\course_module_viewed","1005","1712734898"
"\core\event\course_viewed","1005","1712734899"
"\core\event\course_viewed","1005","1712735727"
"\core\event\course_viewed","1005","1713386453"
"\mod_resource\event\course_module_viewed","1005","1713387068"
"\core\event\course_viewed","1005","1713387192"
"\core\event\course_viewed","1005","1713388994"
"\mod_resource\event\course_module_viewed","1005","1713390243"
"\mod_resource\event\course_module_viewed","1005","1713390247"
"\core\event\course_viewed","1005","1713390250"
"\mod_resource\event\course_module_viewed","1005","1713390257"
"\core\event\course_viewed","1005","1713390503"
"\core\event\course_viewed","1005","1713460078"
"\core\event\course_viewed","1005","1713463086"
"\core\event\course_viewed","1005","1713463089"
"\core\event\course_viewed","1005","1713463093"
"\mod_workshop\event\course_module_viewed","1005","1713463095"
"\core\event\course_viewed","1005","1713544784"
"\core\event\course_viewed","1005","1713544787"
"\mod_workshop\event\course_module_viewed","1005","1713544862"
"\core\event\course_viewed","1005","1713544878"
"\mod_forum\event\discussion_viewed","1005","1713544880"
"\mod_choice\event\course_module_viewed","1005","1713544887"
"\mod_choice\event\answer_created","1005","1713544912"
"\core\event\course_viewed","1005","1713544925"
"\mod_quiz\event\course_module_viewed","1005","1713544930"
"\mod_quiz\event\attempt_autosaved","1005","1713544934"
"\mod_quiz\event\attempt_viewed","1005","1713545071"
"\mod_quiz\event\attempt_viewed","1005","1713545091"
"\mod_quiz\event\attempt_updated","1005","1713545098"
"\core\event\course_viewed","1005","1713597909"
"\core\event\course_viewed","1005","1713597911"
"\mod_forum\event\course_module_viewed","1005","1713598214"
"\core\event\course_viewed","1005","1713598225"
"\core\event\course_viewed","1005","1713598228"
"\core\event\course_viewed","1005","1713598232"
"\core\event\course_viewed","1005","1713598236"
"\mod_workshop\event\course_module_viewed","1005","1713598243"
"\mod_workshop\event\submission_viewed","1005","1713598264"
"\mod_workshop\event\submission_viewed","1005","1713598266"
"\mod_workshop\event\submission_viewed","1005","1713598275"
"\mod_workshop\event\submission_updated","1005","1713598277"
"\mod_workshop\event\submission_created","1005","1713598278"
"\mod_workshop\event\assessable_uploaded","1005","1713598280"
"\mod_forum\event\discussion_viewed","1005","1714099018"
"\core\event\course_viewed","1005","1714099031"
"\mod_workshop\event\course_module_viewed","1005","1714099038"
"\mod_workshop\event\submission_viewed","1005","1714099100"
"\core\event\course_viewed","1005","1714138764"
"\core\event\course_viewed","1005","1714138765"
"\core\event\course_viewed","1005","1714138769"
"\mod_resource\event\course_module_viewed","1005","1714138772"
"\core\event\course_viewed","1005","1714140441"
"\mod_mail\event\course_module_viewed","1005","1714140446"
"\mod_mail\event\course_module_viewed","1005","1714140455"
"\core\event\user_profile_viewed","1005","1714140477"
"\core\event\user_profile_viewed","1005","1714140481"
"\mod_workshop\event\submission_viewed","1005","1714140485"
"\mod_workshop\event\course_module_viewed","1005","1714146428"
"\mod_workshop\event\assessable_uploaded","1005","1714146904"
"\mod_workshop\event\submission_updated","1005","1714146914"
"\mod_workshop\event\submission_created","1005","1714146915"
"\core\event\course_viewed","1005","1714149883"
"\core\event\course_viewed","1005","1714149886"
"\mod_workshop\event\course_module_viewed","1005","1714149890"
"\mod_workshop\event\course_module_viewed","1005","1714149897"
"\core\event\course_viewed","1005","1714149911"
"\core\event\course_viewed","1005","1714407369"
"\core\event\course_viewed","1005","1714407370"
"\core\event\course_viewed","1005","1714407376"
"\mod_resource\event\course_module_viewed","1005","1714407379"
"\mod_resource\event\course_module_viewed","1005","1714407417"
"\core\event\course_viewed","1005","1714407419"
"\core\event\course_viewed","1005","1714407609"
"\core\event\course_viewed","1005","1714407611"
"\mod_resource\event\course_module_viewed","1005","1714407625"
"\core\event\course_viewed","1005","1714504294"
"\mod_workshop\event\course_module_viewed","1005","1714504465"
"\core\event\course_viewed","1005","1714504468"
"\mod_resource\event\course_module_viewed","1005","1714504494"
"\mod_url\event\course_module_viewed","1005","1714504700"
"\core\event\course_viewed","1005","1714508979"
"\core\event\course_viewed","1005","1714508982"
"\core\event\course_viewed","1005","1714508983"
"\mod_resource\event\course_module_viewed","1005","1714508985"
"\core\event\course_viewed","1005","1714508990"
"\mod_resource\event\course_module_viewed","1005","1714508997"
"\core\event\course_viewed","1005","1714509207"
"\mod_resource\event\course_module_viewed","1005","1714509211"
"\core\event\course_viewed","1005","1714509217"
"\mod_workshop\event\course_module_viewed","1005","1714509220"
"\core\event\course_viewed","1005","1714624527"
"\mod_resource\event\course_module_viewed","1005","1714624531"
"\core\event\course_viewed","1005","1714624533"
"\core\event\course_viewed","1005","1714624538"
"\core\event\course_viewed","1005","1714624541"
"\core\event\course_viewed","1005","1714624544"
"\core\event\course_viewed","1005","1714624546"
"\core\event\course_viewed","1005","1714624570"
"\core\event\course_viewed","1005","1714624574"
"\mod_resource\event\course_module_viewed","1005","1714624581"
"\mod_quiz\event\course_module_viewed","1005","1714624585"
"\mod_forum\event\discussion_viewed","1005","1714624599"
"\core\event\course_viewed","1005","1714624759"
"\core\event\course_viewed","1005","1714624762"
"\mod_workshop\event\course_module_viewed","1005","1714624765"
"\core\event\course_viewed","1005","1714624769"
"\mod_workshop\event\course_module_viewed","1005","1714624772"
"\mod_workshop\event\submission_assessed","1005","1714624874"
"\core\event\user_profile_viewed","1005","1714624881"
"\mod_workshop\event\submission_viewed","1005","1714624883"
"\mod_workshop\event\submission_viewed","1005","1714624888"
"\mod_workshop\event\assessable_uploaded","1005","1714624890"
"\mod_workshop\event\submission_updated","1005","1714624891"
"\core\event\course_viewed","1005","1714624937"
"\mod_mail\event\course_module_viewed","1005","1714624991"
"\mod_mail\event\course_module_viewed","1005","1714625279"
"\mod_mail\event\course_module_viewed","1005","1714625280"
"\mod_mail\event\course_module_viewed","1005","1714625284"
"\core\event\course_viewed","1005","1714625286"
"\core\event\course_viewed","1005","1714625305"
"\core\event\course_viewed","1005","1714625308"
"\core\event\course_viewed","1005","1714625315"
"\core\event\course_viewed","1005","1714625322"
"\core\event\course_viewed","1005","1714905694"
"\core\event\course_viewed","1005","1714905700"
"\core\event\course_viewed","1005","1714905703"
"\mod_resource\event\course_module_viewed","1005","1714905704"
"\mod_resource\event\course_module_viewed","1005","1714905705"
"\mod_resource\event\course_module_viewed","1005","1714908388"
"\mod_resource\event\course_module_viewed","1005","1714908393"
"\core\event\course_viewed","1005","1714908501"
"\core\event\course_viewed","1005","1714908505"
"\mod_resource\event\course_module_viewed","1005","1714908508"
"\core\event\course_viewed","1005","1714908509"
"\mod_resource\event\course_module_viewed","1005","1714908513"
"\core\event\course_viewed","1005","1714908526"
"\mod_quiz\event\course_module_viewed","1005","1714908527"
"\mod_quiz\event\attempt_viewed","1005","1714908532"
"\mod_quiz\event\attempt_viewed","1005","1714908545"
"\mod_quiz\event\attempt_updated","1005","1714908548"
"\mod_quiz\event\attempt_viewed","1005","1714908550"
"\mod_quiz\event\attempt_updated","1005","1714908551"
"\mod_quiz\event\attempt_viewed","1005","1714908552"
"\mod_quiz\event\attempt_viewed","1005","1714909062"
"\mod_quiz\event\attempt_autosaved","1005","1714909233"
"\mod_quiz\event\attempt_viewed","1005","1714909387"
"\mod_quiz\event\attempt_updated","1005","1714909394"
"\mod_quiz\event\attempt_viewed","1005","1714909396"
"\mod_quiz\event\attempt_updated","1005","1714909500"
"\core\event\user_graded","1005","1714909504"
"\core\event\course_viewed","1005","1715084247"
"\core\event\course_viewed","1005","1715084249"
"\core\event\course_viewed","1005","1715084789"
"\mod_resource\event\course_module_viewed","1005","1715084791"
"\mod_forum\event\discussion_viewed","1005","1715084823"
"\core\event\course_viewed","1005","1715090107"
"\mod_resource\event\course_module_viewed","1005","1715090112"
"\core\event\course_viewed","1005","1715090113"
"\core\event\course_viewed","1005","1715090125"
"\mod_workshop\event\course_module_viewed","1005","1715090130"
"\mod_workshop\event\course_module_viewed","1005","1715090153"
"\mod_workshop\event\submission_created","1005","1715093199"
"\mod_workshop\event\assessable_uploaded","1005","1715093200"
"\mod_workshop\event\submission_updated","1005","1715093202"
"\core\event\course_viewed","1005","1715103993"
"\core\event\course_viewed","1005","1715103998"
"\mod_resource\event\course_module_viewed","1005","1715624824"
"\core\event\course_viewed","1005","1715624828"
"\core\event\course_viewed","1005","1715624829"
"\core\event\course_viewed","1005","1715624835"
"\core\event\course_viewed","1005","1715624842"
"\mod_url\event\course_module_viewed","1005","1715624847"
"\mod_resource\event\course_module_viewed","1005","1715624957"
"\core\event\course_viewed","1005","1715627157"
"\mod_workshop\event\course_module_viewed","1005","1715627161"
"\mod_workshop\event\submission_assessed","1005","1715627162"
"\core\event\course_viewed","1005","1715627362"
"\core\event\course_viewed","1005","1715715616"
"\core\event\course_viewed","1005","1715715617"
"\core\event\course_viewed","1005","1715715620"
"\mod_workshop\event\course_module_viewed","1005","1715715626"
"\core\event\user_profile_viewed","1005","1715715638"
"\core\event\course_viewed","1005","1715718410"
"\mod_resource\event\course_module_viewed","1005","1715718420"
"\core\event\course_viewed","1005","1715718424"
"\core\event\course_viewed","1005","1715718441"
"\mod_url\event\course_module_viewed","1005","1715718450"
"\core\event\course_viewed","1005","1715718457"
"\core\event\course_viewed","1005","1715718467"
"\core\event\course_viewed","1005","1715718471"
"\core\event\course_viewed","1005","1715718482"
"\core\event\course_viewed","1005","1715718484"
"\gradereport_user\event\grade_report_viewed","1005","1715718486"
"\core\event\course_viewed","1005","1715718513"
"\core\event\course_viewed","1005","1715718514"
"\mod_choicegroup\event\course_module_viewed","1005","1715875594"
"\mod_choicegroup\event\course_module_viewed","1005","1715875595"
"\mod_choicegroup\event\course_module_viewed","1005","1715875622"
"\mod_choicegroup\event\course_module_viewed","1005","1715875623"
"\mod_choicegroup\event\course_module_viewed","1005","1715875625"
"\mod_choicegroup\event\course_module_viewed","1005","1715875626"
"\core\event\course_viewed","1005","1715875632"
"\core\event\course_viewed","1005","1715875662"
"\mod_workshop\event\course_module_viewed","1005","1715875669"
"\mod_workshop\event\submission_assessed","1005","1715875672"
"\mod_workshop\event\submission_assessed","1005","1715875743"
"\mod_workshop\event\course_module_viewed","1005","1715875744"
"\core\event\course_viewed","1005","1715880308"
"\mod_quiz\event\course_module_viewed","1005","1715880311"
"\mod_quiz\event\attempt_started","1005","1715880314"
"\core\event\course_viewed","1005","1716016906"
"\core\event\course_viewed","1005","1716016912"
"\core\event\course_viewed","1005","1716016915"
"\mod_workshop\event\course_module_viewed","1005","1716016927"
"\core\event\course_viewed","1005","1716304101"
"\core\event\course_viewed","1005","1716304107"
"\mod_quiz\event\course_module_viewed","1005","1716306162"
"\core\event\course_viewed","1005","1716306169"
"\core\event\course_viewed","1005","1716306171"
"\core\event\course_viewed","1005","1716306174"
"\mod_resource\event\course_module_viewed","1005","1716306190"
"\core\event\course_viewed","1005","1716488648"
"\core\event\course_viewed","1005","1716488662"
"\mod_workshop\event\course_module_viewed","1005","1716488663"
"\mod_workshop\event\course_module_viewed","1005","1716488684"
"\core\event\course_viewed","1005","1716489390"
"\core\event\course_viewed","1005","1716489397"
"\core\event\course_viewed","1005","1716489398"
"\core\event\course_viewed","1005","1716489663"
"\mod_workshop\event\course_module_viewed","1005","1716920257"
"\mod_workshop\event\course_module_viewed","1005","1716920259"
"\core\event\course_viewed","1005","1717033397"
"\core\event\course_viewed","1005","1717033401"
"\mod_resource\event\course_module_viewed","1005","1717033531"
"\core\event\course_viewed","1005","1717033543"
"\core\event\course_viewed","1005","1717033546"
"\mod_resource\event\course_module_viewed","1005","1717033556"
"\core\event\course_viewed","1005","1717033561"
"\core\event\course_viewed","1005","1717033571"
"\core\event\course_viewed","1005","1717033576"
"\mod_choice\event\course_module_viewed","1005","1717033622"
"\core\event\course_viewed","1005","1717938779"
"\core\event\user_list_viewed","1005","1717938781"
"\gradereport_user\event\grade_report_viewed","1005","1717938782"
"\mod_workshop\event\course_module_viewed","1005","1717938789"
"\mod_workshop\event\submission_created","1005","1717940575"
"\core\event\course_viewed","1005","1717941178"
"\core\event\course_viewed","1005","1717941240"
"\core\event\course_viewed","1005","1717941242"
"\mod_workshop\event\course_module_viewed","1005","1717941247"
"\core\event\course_viewed","1005","1717941260"
"\core\event\course_viewed","1005","1717941261"
"\core\event\course_viewed","1005","1717941265"
"\core\event\course_viewed","1005","1717941282"
"\mod_workshop\event\course_module_viewed","1005","1717941324"
"\core\event\course_viewed","1005","1717941337"
"\mod_url\event\course_module_viewed","1005","1717941340"
"\mod_workshop\event\course_module_viewed","1005","1717941342"
"\core\event\course_viewed","1005","1718180577"
"\gradereport_user\event\grade_report_viewed","1005","1718180584"
"\core\event\course_viewed","1005","1718180588"
"\core\event\course_viewed","1005","1718180600"
"\mod_url\event\course_module_viewed","1005","1718180609"
"\core\event\course_viewed","1005","1718180614"
"\core\event\course_viewed","1005","1718180617"
"\core\event\course_viewed","1005","1718180618"
"\core\event\course_viewed","1005","1718180623"
"\mod_choicegroup\event\course_module_viewed","1005","1718180624"
"\mod_choicegroup\event\course_module_viewed","1005","1718180627"
"\mod_choicegroup\event\course_module_viewed","1005","1718181476"
"\mod_choicegroup\event\course_module_viewed","1005","1718181477"
"\core\event\group_member_added","1005","1718182263"
"\mod_choicegroup\event\course_module_viewed","1005","1718182275"
"\core\event\course_viewed","1005","1718182277"
"\core\event\course_viewed","1005","1718654773"
"\core\event\course_viewed","1005","1718654804"
"\mod_workshop\event\course_module_viewed","1005","1718654809"
"\mod_choicegroup\event\course_module_viewed","1005","1718654811"
"\mod_choicegroup\event\course_module_viewed","1005","1718654812"
"\mod_choicegroup\event\course_module_viewed","1005","1718654813"
"\core\event\course_viewed","1005","1718655009"
"\core\event\course_viewed","1005","1718655013"
"\mod_resource\event\course_module_viewed","1005","1718655018"
"\core\event\course_viewed","1005","1718657723"
"\mod_url\event\course_module_viewed","1005","1718657753"
"\core\event\course_viewed","1005","1718657881"
"\mod_resource\event\course_module_viewed","1005","1718657905"
"\mod_resource\event\course_module_viewed","1005","1718657906"
"\core\event\course_viewed","1005","1719415164"
"\core\event\course_viewed","1005","1719415166"
"\core\event\course_viewed","1005","1719415168"
"\core\event\course_viewed","1005","1719415191"
"\mod_workshop\event\submission_viewed","1005","1719415195"
"\mod_workshop\event\assessable_uploaded","1005","1719415197"
"\mod_workshop\event\submission_viewed","1005","1719415198"
"\mod_workshop\event\assessable_uploaded","1005","1719415200"
"\mod_workshop\event\submission_created","1005","1719549468"
"\mod_workshop\event\assessable_uploaded","1005","1719549469"
"\core\event\course_viewed","1005","1719549638"
"\mod_workshop\event\course_module_viewed","1005","1719549641"
"\mod_workshop\event\submission_assessed","1005","1719549643"
"\core\event\course_viewed","1005","1719549650"
"\core\event\course_viewed","1005","1719549701"
"\core\event\course_viewed","1005","1719549702"
"\core\event\course_viewed","1005","1719549707"
"\core\event\course_viewed","1005","1719549708"
"\mod_url\event\course_module_viewed","1005","1719549736"
"\core\event\course_viewed","1005","1719549822"
"\mod_resource\event\course_module_viewed","1005","1719549825"
"\mod_quiz\event\attempt_autosaved","1005","1719549869"
"\mod_quiz\event\attempt_viewed","1005","1719549870"
"\mod_quiz\event\attempt_viewed","1005","1719549886"
"\mod_quiz\event\attempt_updated","1005","1719549887"
"\mod_quiz\event\attempt_autosaved","1005","1719549889"
"\mod_quiz\event\attempt_updated","1005","1719549929"
"\mod_quiz\event\attempt_viewed","1005","1719549930"
"\mod_quiz\event\attempt_updated","1005","1719549932"
"\mod_quiz\event\attempt_viewed","1005","1719550004"
"\mod_quiz\event\attempt_updated","1005","1719550007"
"\mod_quiz\event\attempt_viewed","1005","1719550018"
"\mod_quiz\event\attempt_updated","1005","1719550019"
"\mod_quiz\event\attempt_summary_viewed","1005","1719550021"
"\core\event\user_graded","1005","1719550432"
"\mod_quiz\event\attempt_submitted","1005","1719550433"
"\core\event\user_graded","1005","1719550436"
"\mod_quiz\event\attempt_reviewed","1005","1719551107"
"\mod_quiz\event\attempt_submitted","1005","1719551108"
"\mod_quiz\event\course_module_viewed","1005","1719551111"
"\mod_quiz\event\attempt_started","1005","1719551120"
"\mod_quiz\event\attempt_updated","1005","1719551125"
"\mod_quiz\event\attempt_viewed","1005","1719551145"
"\mod_quiz\event\attempt_started","1005","1719551441"
"\mod_quiz\event\attempt_viewed","1005","1719551442"
"\mod_quiz\event\attempt_updated","1005","1719551446"
"\mod_quiz\event\attempt_viewed","1005","1719551448"
"\mod_quiz\event\attempt_updated","1005","1719551450"
"\gradereport_user\event\grade_report_viewed","1005","1719551453"
"\core\event\course_viewed","1005","1719551511"
"\gradereport_user\event\grade_report_viewed","1005","1719551516"
"\core\event\course_viewed","1005","1719551921"
"\core\event\course_viewed","1005","1719551924"
"\mod_scheduler\event\booking_form_viewed","1005","1719551927"
"\core\event\course_viewed","1005","1719551931"
"\core\event\course_viewed","1005","1719551934"
"\core\event\course_viewed","1005","1719551939"
"\core\event\course_viewed","1005","1719551944"
"\core\event\course_viewed","1005","1719552445"
"\core\event\course_viewed","1005","1719611770"
"\core\event\course_viewed","1005","1719611794"
"\core\event\course_viewed","1005","1719611797"
"\mod_resource\event\course_module_viewed","1005","1719611802"
"\mod_resource\event\course_module_viewed","1005","1719611805"
"\mod_resource\event\course_module_viewed","1005","1719611819"
"\mod_resource\event\course_module_viewed","1005","1719611826"
"\core\event\course_viewed","1005","1719611915"
"\core\event\course_viewed","1005","1719611918"
"\core\event\course_viewed","1005","1719611923"
"\core\event\course_viewed","1005","1719611925"
"\core\event\course_viewed","1005","1719612079"
"\core\event\course_viewed","1005","1719612086"
"\mod_resource\event\course_module_viewed","1005","1719612087"
"\core\event\course_viewed","1005","1719612168"
"\core\event\course_viewed","1005","1719612171"
"\mod_choicegroup\event\course_module_viewed","1005","1719723146"
"\mod_choicegroup\event\course_module_viewed","1005","1719723194"
"\mod_choicegroup\event\course_module_viewed","1005","1719723200"
"\mod_choicegroup\event\course_module_viewed","1005","1719723247"
"\core\event\course_viewed","1005","1719723839"
"\mod_workshop\event\course_module_viewed","1005","1719724060"
"\core\event\course_viewed","1005","1719724074"
"\core\event\course_viewed","1005","1719724075"
"\core\event\course_viewed","1005","1719724079"
"\mod_workshop\event\course_module_viewed","1005","1719724241"
"\core\event\course_viewed","1005","1719724248"
"\mod_resource\event\course_module_viewed","1005","1719724249"
"\mod_workshop\event\course_module_viewed","1005","1719724306"
"\mod_workshop\event\submission_viewed","1005","1719724396"
"\mod_workshop\event\submission_viewed","1005","1719724398"
"\core\event\course_viewed","1005","1719724427"
"\mod_workshop\event\course_module_viewed","1005","1719724430"
"\mod_resource\event\course_module_viewed","1005","1719724464"
"\core\event\course_viewed","1005","1719724466"
"\core\event\course_viewed","1005","1719724468"
"\core\event\course_viewed","1005","1719724552"
"\mod_workshop\event\course_module_viewed","1005","1719724556"
"\mod_workshop\event\course_module_viewed","1005","1719724557"
"\mod_workshop\event\submission_created","1005","1719726521"
"\core\event\course_viewed","1005","1719726546"
"\mod_workshop\event\course_module_viewed","1005","1719726547"
"\core\event\course_viewed","1005","1719726553"
"\core\event\course_viewed","1005","1719726558"
"\core\event\course_viewed","1005","1719726560"
"\core\event\course_viewed","1005","1719726660"
"\core\event\course_viewed","1005","1719726662"
"\mod_workshop\event\course_module_viewed","1005","1719726664"
"\core\event\course_viewed","1005","1719726668"
"\mod_resource\event\course_module_viewed","1005","1719726679"
"\mod_resource\event\course_module_viewed","1005","1719726704"
"\core\event\course_viewed","1005","1719726711"
"\mod_resource\event\course_module_viewed","1005","1719726722"
"\core\event\course_viewed","1005","1719726724"
"\core\event\course_viewed","1005","1719726725"
"\core\event\course_viewed","1005","1719726731"
"\core\event\course_viewed","1005","1719726735"
"\core\event\course_viewed","1005","1719726740"
"\mod_resource\event\course_module_viewed","1005","1719726742"
"\core\event\course_viewed","1005","1719729037"
"\core\event\course_viewed","1005","1719759544"
"\core\event\course_viewed","1005","1719759546"
"\core\event\course_viewed","1005","1719759580"
"\core\event\course_viewed","1005","1719759583"
"\core\event\course_viewed","1005","1719759620"
"\mod_resource\event\course_module_viewed","1005","1719759623"
"\core\event\course_viewed","1005","1719760666"
"\gradereport_user\event\grade_report_viewed","1005","1719761361"
"\mod_quiz\event\course_module_viewed","1005","1719761652"
"\core\event\course_viewed","1005","1719761653"
"\mod_workshop\event\course_module_viewed","1005","1719761658"
"\core\event\course_viewed","1005","1719761663"
"\mod_resource\event\course_module_viewed","1005","1719761664"
"\mod_resource\event\course_module_viewed","1005","1719761761"
"\core\event\course_viewed","1005","1719763718"
"\core\event\course_viewed","1005","1719763720"
"\core\event\course_viewed","1005","1719763723"
"\mod_resource\event\course_module_viewed","1005","1719763727"
"\core\event\course_viewed","1005","1719764461"
"\mod_choicegroup\event\course_module_viewed","1005","1719764465"
"\mod_choicegroup\event\course_module_viewed","1005","1719764467"
"\core\event\course_viewed","1005","1719765406"
"\mod_workshop\event\course_module_viewed","1005","1719765413"
"\core\event\course_viewed","1005","1719769257"
"\core\event\course_viewed","1005","1719769262"
"\gradereport_user\event\grade_report_viewed","1005","1719769266"
"\core\event\course_viewed","1005","1719769267"
"\core\event\course_viewed","1005","1719769282"
"\core\event\course_viewed","1005","1719769291"
"\core\event\course_viewed","1005","1719769296"
"\mod_resource\event\course_module_viewed","1005","1719769317"
"\mod_resource\event\course_module_viewed","1005","1719769325"
"\mod_resource\event\course_module_viewed","1005","1719769363"
"\core\event\course_viewed","1005","1719769380"
"\core\event\course_viewed","1005","1719769392"
"\mod_workshop\event\course_module_viewed","1005","1719769394"
"\mod_workshop\event\submission_viewed","1005","1719769396"
"\core\event\course_viewed","1005","1720067609"
"\core\event\course_viewed","1005","1720067612"
"\core\event\course_viewed","1005","1720197926"
"\mod_resource\event\course_module_viewed","1005","1720197928"
"\mod_resource\event\course_module_viewed","1005","1720197935"
"\core\event\course_viewed","1005","1720197937"
"\mod_workshop\event\course_module_viewed","1005","1720198220"
"\core\event\course_viewed","1005","1720198230"
"\core\event\course_viewed","1005","1720198237"
"\core\event\course_viewed","1005","1720205373"
"\mod_workshop\event\course_module_viewed","1005","1720205374"
"\mod_workshop\event\submission_created","1005","1720206750"
"\mod_workshop\event\submission_updated","1005","1720206751"
"\mod_workshop\event\assessable_uploaded","1005","1720206753"
"\mod_workshop\event\submission_created","1005","1720296861"
"\mod_workshop\event\submission_updated","1005","1720296863"
"\mod_workshop\event\assessable_uploaded","1005","1720296868"
"\mod_workshop\event\submission_updated","1005","1720296870"
"\mod_workshop\event\submission_viewed","1005","1720296871"
"\core\event\course_viewed","1005","1720296875"
"\core\event\course_viewed","1005","1720296879"
"\mod_resource\event\course_module_viewed","1005","1720296883"
"\core\event\course_viewed","1005","1720296956"
"\core\event\course_viewed","1005","1720386551"
"\core\event\course_viewed","1005","1720387038"
"\mod_resource\event\course_module_viewed","1005","1720387045"
"\core\event\course_viewed","1005","1720387056"
"\core\event\course_viewed","1005","1720387060"
"\mod_resource\event\course_module_viewed","1005","1720389184"
"\core\event\course_viewed","1005","1720389186"
"\core\event\course_viewed","1005","1720389187"
"\core\event\course_viewed","1005","1720389200"
"\mod_workshop\event\course_module_viewed","1005","1720389205"
"\core\event\course_viewed","1005","1720391082"
"\mod_workshop\event\course_module_viewed","1005","1720395003"
"\core\event\course_viewed","1005","1720451814"
"\mod_resource\event\course_module_viewed","1005","1720451818"
"\core\event\course_viewed","1005","1720621998"
"\core\event\course_viewed","1005","1720621999"
"\core\event\course_viewed","1005","1720622002"
"\core\event\course_viewed","1005","1720622004"
"\core\event\course_viewed","1005","1720622006"
"\core\event\course_viewed","1005","1720622009"
"\core\event\course_viewed","1005","1720622010"
"\mod_scheduler\event\booking_form_viewed","1005","1720622016"
"\mod_scheduler\event\booking_form_viewed","1005","1720622017"
"\core\event\course_viewed","1005","1720622073"
"\mod_choicegroup\event\course_module_viewed","1005","1720622111"
"\mod_choicegroup\event\course_module_viewed","1005","1720622113"
"\mod_choicegroup\event\course_module_viewed","1005","1720622114"
"\core\event\group_member_removed","1005","1720622125"
"\mod_choicegroup\event\choice_removed","1005","1720622127"
"\mod_choicegroup\event\course_module_viewed","1005","1720622153"
"\mod_choicegroup\event\course_module_viewed","1005","1720622155"
"\core\event\course_viewed","1005","1720622156"
"\mod_resource\event\course_module_viewed","1005","1720622164"
"\core\event\course_viewed","1005","1720622507"
"\core\event\course_viewed","1005","1720622510"
"\mod_workshop\event\course_module_viewed","1005","1720622520"
"\mod_workshop\event\course_module_viewed","1005","1720662175"
"\mod_workshop\event\submission_assessed","1005","1720662282"
"\mod_workshop\event\submission_assessed","1005","1720662319"
"\mod_workshop\event\submission_reassessed","1005","1720662321"
"\mod_workshop\event\course_module_viewed","1005","1720662322"
"\mod_workshop\event\submission_updated","1005","1720662343"
"\mod_workshop\event\submission_viewed","1005","1720662344"
"\mod_workshop\event\submission_viewed","1005","1720662348"
"\core\event\course_viewed","1005","1720662440"
"\gradereport_user\event\grade_report_viewed","1005","1720662442"
"\core\event\course_viewed","1005","1720662499"
"\core\event\course_viewed","1005","1720745173"
"\core\event\course_viewed","1005","1720745196"
"\mod_resource\event\course_module_viewed","1005","1720745203"
"\core\event\course_viewed","1005","1720745210"
"\core\event\course_viewed","1005","1720745214"
"\core\event\course_viewed","1005","1720745217"
"\core\event\course_viewed","1005","1720745218"
"\gradereport_user\event\grade_report_viewed","1005","1720745221"
"\core\event\course_viewed","1005","1720745244"
"\mod_workshop\event\course_module_viewed","1005","1720745251"
"\core\event\course_viewed","1005","1720748183"
"\mod_workshop\event\course_module_viewed","1005","1720748219"
"\core\event\course_viewed","1005","1720748222"
"\core\event\course_viewed","1005","1720748226"
"\mod_workshop\event\course_module_viewed","1005","1720748233"
"\mod_workshop\event\submission_viewed","1005","1720748236"
"\mod_workshop\event\submission_viewed","1005","1720748241"
"\mod_workshop\event\submission_updated","1005","1720748246"
"\core\event\course_viewed","1005","1720748258"
"\mod_workshop\event\course_module_viewed","1005","1720748262"
"\core\event\course_viewed","1005","1720748265"
"\mod_resource\event\course_module_viewed","1005","1720748279"
"\mod_url\event\course_module_viewed","1005","1720748296"
"\mod_url\event\course_module_viewed","1005","1720748297"
"\core\event\course_viewed","1005","1720748316"
"\core\event\course_viewed","1005","1720748394"
"\mod_workshop\event\course_module_viewed","1005","1720748404"
"\core\event\course_viewed","1005","1720748408"
"\mod_resource\event\course_module_viewed","1005","1720748411"
"\core\event\course_viewed","1005","1720969765"
"\mod_resource\event\course_module_viewed","1005","1720969772"
"\core\event\course_viewed","1005","1720970003"
"\mod_workshop\event\course_module_viewed","1005","1720970006"
"\mod_workshop\event\submission_created","1005","1720972180"
"\mod_workshop\event\submission_updated","1005","1720972181"
"\mod_workshop\event\course_module_viewed","1005","1720972782"
"\core\event\course_viewed","1005","1721058529"
"\mod_workshop\event\course_module_viewed","1005","1721058534"
"\core\event\course_viewed","1005","1721058583"
"\mod_resource\event\course_module_viewed","1005","1721058590"
"\core\event\course_viewed","1005","1721058615"
"\core\event\course_viewed","1005","1721058629"
"\core\event\course_viewed","1005","1721058630"
"\gradereport_user\event\grade_report_viewed","1005","1721058633"
"\core\event\course_viewed","1005","1721058634"
"\gradereport_user\event\grade_report_viewed","1005","1721058643"
"\core\event\course_viewed","1005","1721058647"
"\mod_choicegroup\event\course_module_viewed","1005","1721058654"
"\mod_choicegroup\event\course_module_viewed","1005","1721058655"
"\mod_choicegroup\event\course_module_viewed","1005","1721058656"
"\mod_choicegroup\event\course_module_viewed","1005","1721058658"
"\mod_choicegroup\event\course_module_viewed","1005","1721058659"
"\mod_choicegroup\event\course_module_viewed","1005","1721058675"
"\mod_choicegroup\event\course_module_viewed","1005","1721058679"
"\mod_choicegroup\event\course_module_viewed","1005","1721058780"
"\core\event\group_member_added","1005","1721058782"
"\core\event\group_member_removed","1005","1721058784"
"\core\event\group_member_added","1005","1721058786"
"\mod_choicegroup\event\choice_updated","1005","1721058787"
"\mod_choicegroup\event\course_module_viewed","1005","1721058788"
"\mod_choicegroup\event\course_module_viewed","1005","1721058790"
"\core\event\course_viewed","1005","1721058791"
"\core\event\course_viewed","1005","1721058805"
"\core\event\course_viewed","1005","1721058811"
"\core\event\course_viewed","1005","1721058829"
"\core\event\course_viewed","1005","1721058837"
"\core\event\course_viewed","1005","1721059986"
"\core\event\course_viewed","1005","1721059989"
"\core\event\course_viewed","1005","1721059992"
"\core\event\course_viewed","1005","1721059996"
"\mod_workshop\event\course_module_viewed","1005","1721060852"
"\core\event\course_viewed","1005","1721061285"
"\mod_mail\event\course_module_viewed","1005","1721061289"
"\core\event\course_viewed","1005","1721061292"
"\core\event\course_viewed","1005","1721061302"
"\core\event\course_viewed","1005","1721061309"
"\core\event\course_viewed","1005","1721132481"
"\core\event\course_viewed","1005","1721132482"
"\core\event\course_viewed","1005","1721132483"
"\mod_resource\event\course_module_viewed","1005","1721132486"
"\core\event\course_viewed","1005","1721138855"
"\mod_workshop\event\course_module_viewed","1005","1721138857"
"\core\event\course_viewed","1005","1721139124"
"\core\event\course_viewed","1005","1721139126"
"\mod_resource\event\course_module_viewed","1005","1721139128"
"\mod_resource\event\course_module_viewed","1005","1721139129"
"\core\event\course_viewed","1005","1721148198"
"\core\event\course_viewed","1005","1721148205"
"\mod_resource\event\course_module_viewed","1005","1721148212"
"\core\event\course_viewed","1005","1721148614"
"\core\event\course_viewed","1005","1721148618"
"\core\event\course_viewed","1005","1721148620"
"\core\event\course_viewed","1005","1721148626"
"\core\event\course_viewed","1005","1721148629"
"\core\event\course_viewed","1005","1721409983"
"\core\event\course_viewed","1005","1721410006"
"\core\event\course_viewed","1005","1721466191"
"\core\event\course_viewed","1005","1721466197"
"\core\event\course_viewed","1005","1721466202"
"\gradereport_user\event\grade_report_viewed","1005","1721466209"
"\core\event\course_viewed","1005","1721466212"
"\core\event\course_viewed","1005","1721466215"
"\core\event\course_viewed","1005","1721466216"
"\mod_resource\event\course_module_viewed","1005","1721466220"
"\mod_url\event\course_module_viewed","1005","1721466223"
"\core\event\course_viewed","1005","1721466234"
"\core\event\course_viewed","1005","1721466237"
"\mod_workshop\event\course_module_viewed","1005","1721466243"
"\core\event\course_viewed","1005","1721467447"
"\mod_resource\event\course_module_viewed","1005","1721467465"
"\core\event\course_viewed","1005","1721527089"
"\mod_resource\event\course_module_viewed","1005","1721527095"
"\core\event\course_viewed","1005","1721527100"
"\mod_scheduler\event\booking_form_viewed","1005","1721527103"
"\core\event\course_viewed","1005","1721527110"
"\core\event\course_viewed","1005","1721527113"
"\core\event\course_viewed","1005","1721527114"
"\core\event\course_viewed","1005","1721527116"
"\core\event\course_viewed","1005","1721527119"
"\mod_quiz\event\course_module_viewed","1005","1721527121"
"\mod_quiz\event\attempt_viewed","1005","1721582370"
"\mod_quiz\event\attempt_updated","1005","1721582371"
"\mod_quiz\event\attempt_viewed","1005","1721582374"
"\mod_quiz\event\attempt_updated","1005","1721582375"
"\mod_quiz\event\attempt_updated","1005","1721582382"
"\mod_forum\event\discussion_viewed","1005","1721660582"
"\core\event\course_viewed","1005","1721668289"
"\core\event\course_viewed","1005","1721669034"
"\core\event\course_viewed","1005","1721673172"
"\core\event\course_viewed","1005","1721673173"
"\mod_resource\event\course_module_viewed","1005","1721673174"
"\core\event\course_viewed","1005","1721673183"
"\core\event\course_viewed","1005","1721673184"
"\core\event\course_viewed","1005","1721673205"
"\mod_workshop\event\assessable_uploaded","1005","1721674011"
"\mod_workshop\event\course_module_viewed","1005","1721674032"
"\mod_workshop\event\submission_viewed","1005","1721674039"
"\mod_workshop\event\submission_assessed","1005","1721674044"
"\mod_workshop\event\course_module_viewed","1005","1721674046"
"\core\event\course_viewed","1005","1721674092"
"\mod_resource\event\course_module_viewed","1005","1721674332"
"\mod_resource\event\course_module_viewed","1005","1721676851"
"\mod_resource\event\course_module_viewed","1005","1721677735"
"\core\event\course_viewed","1005","1721677746"
"\core\event\course_viewed","1005","1721707761"
"\core\event\course_viewed","1005","1721707793"
"\core\event\course_viewed","1005","1721707795"
"\core\event\course_viewed","1005","1721707834"
"\mod_workshop\event\course_module_viewed","1005","1721707838"
"\core\event\course_viewed","1005","1721713420"
"\core\event\course_viewed","1005","1721713423"
"\mod_resource\event\course_module_viewed","1005","1721713427"
"\core\event\course_viewed","1005","1721809974"
"\core\event\course_viewed","1005","1721809989"
"\core\event\course_viewed","1005","1721810396"
"\mod_workshop\event\course_module_viewed","1005","1721810398"
"\mod_resource\event\course_module_viewed","1005","1721810539"
"\core\event\course_viewed","1005","1721810847"
"\core\event\course_viewed","1005","1721810856"
"\core\event\course_viewed","1005","1721810859"
"\core\event\course_viewed","1005","1721820901"
"\mod_resource\event\course_module_viewed","1005","1721820906"
"\core\event\course_viewed","1005","1721820971"
"\core\event\course_viewed","1005","1721824810"
"\core\event\course_viewed","1005","1721824819"
"\core\event\course_viewed","1005","1721824820"
"\core\event\course_viewed","1005","1721824823"
"\core\event\course_viewed","1005","1721824835"
"\core\event\course_viewed","1005","1721824842"
"\core\event\course_viewed","1005","1721824845"
"\mod_workshop\event\course_module_viewed","1005","1721824851"
"\core\event\course_viewed","1005","1721824886"
"\gradereport_user\event\grade_report_viewed","1005","1721824890"
"\core\event\course_viewed","1005","1721824901"
"\core\event\course_viewed","1005","1721824904"
"\core\event\course_viewed","1005","1721911215"
"\mod_url\event\course_module_viewed","1005","1721911227"
"\core\event\course_viewed","1005","1721911445"
"\core\event\course_viewed","1005","1721911447"
"\core\event\course_viewed","1005","1721911627"
"\core\event\course_viewed","1005","1721911827"
"\mod_resource\event\course_module_viewed","1005","1721911833"
"\core\event\course_viewed","1005","1721912361"
"\core\event\course_viewed","1005","1721919292"
"\mod_workshop\event\course_module_viewed","1005","1721919294"
"\mod_workshop\event\submission_viewed","1005","1721919301"
"\core\event\course_viewed","1005","1721919451"
"\core\event\course_viewed","1005","1721919599"
"\core\event\course_viewed","1005","1721919601"
"\core\event\course_viewed","1005","1721919604"
"\core\event\course_viewed","1005","1721919611"
"\mod_resource\event\course_module_viewed","1005","1721919615"
"\core\event\course_viewed","1005","1721919617"
"\mod_resource\event\course_module_viewed","1005","1721919619"
"\mod_resource\event\course_module_viewed","1005","1721919927"
"\mod_resource\event\course_module_viewed","1005","1721920172"
"\mod_resource\event\course_module_viewed","1005","1721920188"
"\core\event\course_viewed","1005","1721920666"
"\core\event\course_viewed","1005","1721920667"
"\core\event\course_viewed","1005","1721920673"
"\core\event\course_viewed","1005","1721920677"
"\core\event\course_viewed","1005","1721920712"
"\core\event\course_viewed","1005","1721920713"
"\core\event\course_viewed","1005","1721923454"
"\mod_resource\event\course_module_viewed","1005","1721923481"
"\mod_resource\event\course_module_viewed","1005","1721923483"
"\core\event\course_viewed","1005","1721924909"
"\core\event\course_viewed","1005","1721981608"
"\mod_url\event\course_module_viewed","1005","1721981611"
"\core\event\course_viewed","1005","1721981662"
"\core\event\course_viewed","1005","1721981668"
"\core\event\course_viewed","1005","1721981671"
"\mod_resource\event\course_module_viewed","1005","1721981694"
"\core\event\course_viewed","1005","1721981696"
"\mod_workshop\event\course_module_viewed","1005","1721981704"
"\mod_workshop\event\submission_assessed","1005","1721984250"
"\core\event\course_viewed","1005","1721988069"
"\core\event\course_viewed","1005","1721988089"
"\core\event\course_viewed","1005","1721988093"
"\core\event\course_viewed","1005","1721988098"
"\mod_url\event\course_module_viewed","1005","1721988104"
"\core\event\course_viewed","1005","1722048603"
"\core\event\course_viewed","1005","1722048610"
"\core\event\course_viewed","1005","1722048687"
"\mod_resource\event\course_module_viewed","1005","1722048689"
"\mod_resource\event\course_module_viewed","1005","1722048707"
"\core\event\course_viewed","1005","1722053151"
"\mod_resource\event\course_module_viewed","1005","1722389112"
"\core\event\course_viewed","1005","1722389638"
"\core\event\course_viewed","1005","1722389640"
"\mod_resource\event\course_module_viewed","1005","1722389643"
"\core\event\course_viewed","1005","1722389700"
"\mod_resource\event\course_module_viewed","1005","1722389711"
"\core\event\course_viewed","1005","1722389779"
"\core\event\course_viewed","1005","1722389796"
"\core\event\course_viewed","1005","1723025138"
"\core\event\course_viewed","1005","1723025140"
"\core\event\course_viewed","1005","1723025143"
"\core\event\course_viewed","1005","1723025181"
"\core\event\course_viewed","1005","1723025189"
"\mod_url\event\course_module_viewed","1005","1723025193"
"\core\event\course_viewed","1005","1723025211"
"\core\event\course_viewed","1005","1723025222"
"\core\event\course_viewed","1005","1723025224"
"\core\event\course_viewed","1005","1723025227"
"\core\event\course_viewed","1005","1723025228"
"\core\event\course_viewed","1006","1712630866"
"\mod_workshop\event\course_module_viewed","1006","1712630877"
"\core\event\course_viewed","1006","1712630914"
"\core\event\course_viewed","1006","1712630915"
"\core\event\course_viewed","1006","1712631146"
"\core\event\course_viewed","1006","1712631148"
"\mod_resource\event\course_module_viewed","1006","1712631157"
"\core\event\course_viewed","1006","1712631165"
"\mod_workshop\event\course_module_viewed","1006","1712631169"
"\mod_workshop\event\submission_viewed","1006","1712631183"
"\mod_workshop\event\submission_created","1006","1712631184"
"\core\event\course_viewed","1006","1712631190"
"\mod_workshop\event\course_module_viewed","1006","1712631191"
"\core\event\course_viewed","1006","1712631196"
"\mod_workshop\event\course_module_viewed","1006","1712631213"
"\core\event\course_viewed","1006","1712631221"
"\mod_quiz\event\course_module_viewed","1006","1712631222"
"\mod_quiz\event\attempt_reviewed","1006","1712631225"
"\core\event\course_viewed","1006","1712633318"
"\mod_resource\event\course_module_viewed","1006","1712633322"
"\mod_resource\event\course_module_viewed","1006","1712633329"
"\core\event\course_viewed","1006","1712633335"
"\core\event\course_viewed","1006","1712633342"
"\mod_workshop\event\course_module_viewed","1006","1712633347"
"\core\event\course_viewed","1006","1712637494"
"\core\event\course_viewed","1006","1712637503"
"\mod_choicegroup\event\course_module_viewed","1006","1712637506"
"\mod_choicegroup\event\course_module_viewed","1006","1712637723"
"\mod_choicegroup\event\course_module_viewed","1006","1712637724"
"\mod_choicegroup\event\course_module_viewed","1006","1712637734"
"\mod_choicegroup\event\course_module_viewed","1006","1712637735"
"\mod_choicegroup\event\course_module_viewed","1006","1712637736"
"\mod_choicegroup\event\course_module_viewed","1006","1712637738"
"\mod_choicegroup\event\course_module_viewed","1006","1712637739"
"\core\event\course_viewed","1006","1712637753"
"\core\event\course_viewed","1006","1712730241"
"\core\event\course_viewed","1006","1712736701"
"\core\event\course_viewed","1006","1712879644"
"\core\event\course_viewed","1006","1712879651"
"\mod_resource\event\course_module_viewed","1006","1712879659"
"\core\event\course_viewed","1006","1712880483"
"\mod_resource\event\course_module_viewed","1006","1712880486"
"\core\event\course_viewed","1006","1712884523"
"\core\event\course_viewed","1006","1712884527"
"\core\event\course_viewed","1006","1712888723"
"\mod_forum\event\discussion_viewed","1006","1712944374"
"\core\event\course_viewed","1006","1712944408"
"\core\event\course_viewed","1006","1712944411"
"\core\event\course_viewed","1006","1712944412"
"\core\event\course_viewed","1006","1712944530"
"\core\event\course_viewed","1006","1712944531"
"\core\event\course_viewed","1006","1712944941"
"\core\event\course_viewed","1006","1712944952"
"\core\event\course_viewed","1006","1712944959"
"\core\event\course_viewed","1006","1712944962"
"\core\event\course_viewed","1006","1712945030"
"\mod_resource\event\course_module_viewed","1006","1712945043"
"\mod_resource\event\course_module_viewed","1006","1712945044"
"\mod_workshop\event\submission_viewed","1006","1712945151"
"\mod_workshop\event\submission_viewed","1006","1712945374"
"\mod_workshop\event\submission_created","1006","1712945379"
"\core\event\course_viewed","1006","1712945383"
"\core\event\course_viewed","1006","1712945385"
"\mod_workshop\event\course_module_viewed","1006","1712945387"
"\mod_workshop\event\course_module_viewed","1006","1712945391"
"\mod_workshop\event\submission_viewed","1006","1712945612"
"\mod_workshop\event\assessable_uploaded","1006","1712945613"
"\mod_workshop\event\submission_updated","1006","1712945617"
"\mod_workshop\event\assessable_uploaded","1006","1712945620"
"\mod_workshop\event\submission_viewed","1006","1712945627"
"\mod_workshop\event\assessable_uploaded","1006","1712945628"
"\core\event\course_viewed","1006","1713216144"
"\core\event\course_viewed","1006","1713216147"
"\core\event\course_viewed","1006","1713216151"
"\mod_resource\event\course_module_viewed","1006","1713216153"
"\core\event\course_viewed","1006","1713216838"
"\core\event\course_viewed","1006","1713216842"
"\core\event\course_viewed","1006","1713247769"
"\core\event\course_viewed","1006","1713247773"
"\core\event\course_viewed","1006","1713250703"
"\core\event\course_viewed","1006","1713250716"
"\mod_resource\event\course_module_viewed","1006","1713250723"
"\mod_resource\event\course_module_viewed","1006","1713250726"
"\mod_resource\event\course_module_viewed","1006","1713253442"
"\core\event\course_viewed","1006","1713253864"
"\core\event\course_viewed","1006","1713253871"
"\core\event\course_viewed","1006","1713257744"
"\mod_resource\event\course_module_viewed","1006","1713257746"
"\mod_workshop\event\submission_viewed","1006","1713258419"
"\core\event\course_viewed","1006","1713258672"
"\core\event\course_viewed","1006","1713258675"
"\mod_resource\event\course_module_viewed","1006","1713258677"
"\mod_workshop\event\course_module_viewed","1006","1713259698"
"\mod_workshop\event\submission_viewed","1006","1713259709"
"\core\event\course_viewed","1006","1713259787"
"\mod_workshop\event\course_module_viewed","1006","1713259807"
"\core\event\course_viewed","1006","1713259823"
"\core\event\course_viewed","1006","1713259825"
"\core\event\course_viewed","1006","1713417752"
"\mod_resource\event\course_module_viewed","1006","1713417756"
"\mod_workshop\event\course_module_viewed","1006","1713421173"
"\core\event\course_viewed","1006","1713421179"
"\mod_resource\event\course_module_viewed","1006","1713421183"
"\core\event\course_viewed","1006","1713421197"
"\core\event\course_viewed","1006","1713421199"
"\core\event\course_viewed","1006","1713421209"
"\mod_workshop\event\course_module_viewed","1006","1713490741"
"\core\event\course_viewed","1006","1713494492"
"\core\event\course_viewed","1006","1713494498"
"\core\event\course_viewed","1006","1713494499"
"\core\event\course_viewed","1006","1713494501"
"\core\event\course_viewed","1006","1713494503"
"\mod_feedback\event\course_module_viewed","1006","1713494506"
"\core\event\course_viewed","1006","1713494510"
"\mod_resource\event\course_module_viewed","1006","1713494569"
"\mod_resource\event\course_module_viewed","1006","1713494576"
"\core\event\course_viewed","1006","1713495837"
"\core\event\course_viewed","1006","1713495841"
"\gradereport_user\event\grade_report_viewed","1006","1713495847"
"\mod_workshop\event\course_module_viewed","1006","1713496188"
"\mod_workshop\event\submission_assessed","1006","1713496189"
"\core\event\user_profile_viewed","1006","1713496247"
"\mod_workshop\event\course_module_viewed","1006","1713496736"
"\mod_workshop\event\course_module_viewed","1006","1713496738"
"\core\event\course_viewed","1006","1713496739"
"\core\event\course_viewed","1006","1713496745"
"\core\event\course_viewed","1006","1713496757"
"\core\event\course_viewed","1006","1713496762"
"\core\event\course_viewed","1006","1713496765"
"\core\event\course_viewed","1006","1713496771"
"\mod_workshop\event\course_module_viewed","1006","1713496772"
"\mod_workshop\event\course_module_viewed","1006","1713496773"
"\mod_workshop\event\submission_viewed","1006","1713496775"
"\mod_workshop\event\assessable_uploaded","1006","1713496842"
"\mod_workshop\event\submission_updated","1006","1713496843"
"\mod_workshop\event\submission_viewed","1006","1713496845"
"\core\event\course_viewed","1006","1713496867"
"\core\event\course_viewed","1006","1713496868"
"\core\event\course_viewed","1006","1713496905"
"\core\event\course_viewed","1006","1713497987"
"\core\event\course_viewed","1006","1713497991"
"\mod_workshop\event\submission_viewed","1006","1713500613"
"\mod_workshop\event\submission_viewed","1006","1713507442"
"\core\event\course_viewed","1006","1713507463"
"\core\event\course_viewed","1006","1713507466"
"\core\event\course_viewed","1006","1713507468"
"\core\event\course_viewed","1006","1713507472"
"\core\event\course_viewed","1006","1713507479"
"\mod_workshop\event\course_module_viewed","1006","1713507482"
"\core\event\course_viewed","1006","1713507529"
"\core\event\course_viewed","1006","1713507531"
"\mod_workshop\event\course_module_viewed","1006","1713507552"
"\mod_workshop\event\submission_viewed","1006","1713509692"
"\core\event\course_viewed","1006","1713509992"
"\core\event\course_viewed","1006","1713509996"
"\core\event\course_viewed","1006","1713509999"
"\core\event\course_viewed","1006","1713510000"
"\mod_resource\event\course_module_viewed","1006","1713510006"
"\core\event\course_viewed","1006","1713517268"
"\core\event\course_viewed","1006","1713517273"
"\mod_resource\event\course_module_viewed","1006","1713517276"
"\core\event\course_viewed","1006","1713517352"
"\mod_resource\event\course_module_viewed","1006","1713517356"
"\mod_resource\event\course_module_viewed","1006","1713517357"
"\mod_resource\event\course_module_viewed","1006","1713517365"
"\core\event\course_viewed","1006","1713517416"
"\core\event\course_viewed","1006","1713517834"
"\core\event\course_viewed","1006","1713551026"
"\core\event\course_viewed","1006","1713551032"
"\mod_workshop\event\course_module_viewed","1006","1713551034"
"\core\event\course_viewed","1006","1713551036"
"\core\event\course_viewed","1006","1713551040"
"\mod_url\event\course_module_viewed","1006","1713551054"
"\core\event\course_viewed","1006","1713551062"
"\core\event\course_viewed","1006","1713551063"
"\core\event\course_viewed","1006","1713551089"
"\mod_resource\event\course_module_viewed","1006","1713551096"
"\core\event\course_viewed","1006","1713552396"
"\mod_resource\event\course_module_viewed","1006","1713552404"
"\core\event\course_viewed","1006","1713553547"
"\core\event\course_viewed","1006","1713553550"
"\core\event\course_viewed","1006","1713564053"
"\mod_resource\event\course_module_viewed","1006","1713564058"
"\core\event\course_viewed","1006","1713564178"
"\core\event\course_viewed","1006","1713564193"
"\core\event\course_viewed","1006","1713564241"
"\core\event\course_viewed","1006","1713564246"
"\gradereport_user\event\grade_report_viewed","1006","1713564474"
"\mod_workshop\event\course_module_viewed","1006","1713564526"
"\mod_workshop\event\course_module_viewed","1006","1713564549"
"\mod_workshop\event\submission_viewed","1006","1713564556"
"\mod_workshop\event\submission_assessed","1006","1713564559"
"\core\event\course_viewed","1006","1713565070"
"\core\event\course_viewed","1006","1713565074"
"\core\event\course_viewed","1006","1713565080"
"\core\event\course_viewed","1006","1713565084"
"\core\event\course_viewed","1006","1713565086"
"\core\event\course_viewed","1006","1713565088"
"\mod_workshop\event\submission_viewed","1006","1713565090"
"\core\event\course_viewed","1006","1713837568"
"\core\event\course_viewed","1006","1713837594"
"\mod_resource\event\course_module_viewed","1006","1713838569"
"\core\event\course_viewed","1006","1713838625"
"\gradereport_user\event\grade_report_viewed","1006","1713838640"
"\core\event\course_viewed","1006","1713838647"
"\core\event\course_viewed","1006","1713838650"
"\core\event\course_viewed","1006","1713838654"
"\core\event\course_viewed","1006","1713838673"
"\core\event\course_viewed","1006","1713838725"
"\core\event\course_viewed","1006","1713838728"
"\mod_resource\event\course_module_viewed","1006","1713838732"
"\mod_resource\event\course_module_viewed","1006","1713838733"
"\core\event\course_viewed","1006","1713845941"
"\core\event\course_viewed","1006","1713845948"
"\core\event\course_user_report_viewed","1006","1713846159"
"\core\event\course_user_report_viewed","1006","1713846160"
"\core\event\course_viewed","1006","1713846194"
"\mod_workshop\event\course_module_viewed","1006","1713846205"
"\core\event\course_viewed","1006","1713846222"
"\mod_resource\event\course_module_viewed","1006","1713846246"
"\core\event\course_viewed","1006","1713846283"
"\core\event\course_viewed","1006","1713846285"
"\core\event\course_viewed","1006","1713846289"
"\core\event\course_viewed","1006","1713846293"
"\core\event\course_viewed","1006","1713846296"
"\core\event\course_viewed","1006","1713941239"
"\mod_workshop\event\course_module_viewed","1006","1713941243"
"\mod_workshop\event\submission_assessed","1006","1713943143"
"\mod_workshop\event\submission_assessed","1006","1713943148"
"\core\event\course_viewed","1006","1713943154"
"\core\event\course_viewed","1006","1713943157"
"\core\event\course_viewed","1006","1713943209"
"\mod_workshop\event\course_module_viewed","1006","1713943211"
"\mod_workshop\event\submission_reassessed","1006","1713943213"
"\mod_workshop\event\course_module_viewed","1006","1713943214"
"\core\event\course_viewed","1006","1713943218"
"\core\event\course_viewed","1006","1713953353"
"\core\event\course_viewed","1006","1713953359"
"\mod_scheduler\event\booking_form_viewed","1006","1713953439"
"\core\event\course_viewed","1006","1713953448"
"\mod_workshop\event\course_module_viewed","1006","1713953450"
"\mod_workshop\event\course_module_viewed","1006","1713953745"
"\mod_workshop\event\submission_viewed","1006","1713953750"
"\mod_workshop\event\submission_viewed","1006","1713954064"
"\mod_workshop\event\submission_created","1006","1713954065"
"\mod_workshop\event\assessable_uploaded","1006","1713954067"
"\mod_workshop\event\submission_created","1006","1713954068"
"\mod_workshop\event\assessable_uploaded","1006","1713954074"
"\mod_workshop\event\submission_updated","1006","1713954076"
"\mod_workshop\event\assessable_uploaded","1006","1713954078"
"\mod_workshop\event\submission_viewed","1006","1713954079"
"\core\event\course_viewed","1006","1714040157"
"\gradereport_user\event\grade_report_viewed","1006","1714040170"
"\core\event\course_viewed","1006","1714043502"
"\core\event\course_viewed","1006","1714043505"
"\mod_scheduler\event\booking_form_viewed","1006","1714043506"
"\core\event\course_viewed","1006","1714043516"
"\core\event\course_viewed","1006","1714043520"
"\mod_resource\event\course_module_viewed","1006","1714043535"
"\core\event\course_viewed","1006","1714045699"
"\core\event\course_viewed","1006","1714045702"
"\core\event\course_viewed","1006","1714138057"
"\mod_workshop\event\course_module_viewed","1006","1714138060"
"\core\event\course_viewed","1006","1714138068"
"\core\event\course_viewed","1006","1714138074"
"\gradereport_user\event\grade_report_viewed","1006","1714138097"
"\core\event\course_viewed","1006","1714138137"
"\core\event\course_viewed","1006","1714138140"
"\core\event\course_viewed","1006","1714138142"
"\core\event\course_viewed","1006","1714138146"
"\mod_scheduler\event\booking_form_viewed","1006","1714138168"
"\core\event\course_viewed","1006","1714138201"
"\mod_url\event\course_module_viewed","1006","1714138251"
"\core\event\course_viewed","1006","1714138258"
"\gradereport_user\event\grade_report_viewed","1006","1714138260"
"\core\event\course_viewed","1006","1714138318"
"\core\event\course_viewed","1006","1714138321"
"\core\event\course_viewed","1006","1714138323"
"\mod_workshop\event\course_module_viewed","1006","1714138332"
"\core\event\course_viewed","1006","1714305518"
"\core\event\course_viewed","1006","1714305525"
"\core\event\course_viewed","1006","1714306313"
"\core\event\course_viewed","1006","1714307034"
"\mod_workshop\event\course_module_viewed","1006","1714307039"
"\mod_workshop\event\course_module_viewed","1006","1714307041"
"\mod_workshop\event\submission_viewed","1006","1714307071"
"\mod_workshop\event\assessable_uploaded","1006","1714307075"
"\mod_workshop\event\course_module_viewed","1006","1714307083"
"\core\event\course_viewed","1006","1714307381"
"\mod_resource\event\course_module_viewed","1006","1714312315"
"\core\event\course_viewed","1006","1714312897"
"\mod_resource\event\course_module_viewed","1006","1714312902"
"\mod_workshop\event\submission_updated","1006","1714319513"
"\mod_workshop\event\submission_viewed","1006","1714319515"
"\mod_workshop\event\submission_updated","1006","1714319518"
"\mod_workshop\event\submission_created","1006","1714319533"
"\mod_workshop\event\assessable_uploaded","1006","1714319534"
"\mod_workshop\event\submission_created","1006","1714320174"
"\mod_workshop\event\submission_viewed","1006","1714320518"
"\core\event\course_viewed","1006","1714320544"
"\core\event\user_list_viewed","1006","1714321179"
"\gradereport_user\event\grade_report_viewed","1006","1714321182"
"\core\event\course_viewed","1006","1714321184"
"\core\event\course_viewed","1006","1714321190"
"\core\event\course_viewed","1006","1714384505"
"\mod_workshop\event\course_module_viewed","1006","1714384511"
"\core\event\course_viewed","1006","1714384516"
"\core\event\course_viewed","1006","1714384550"
"\core\event\course_viewed","1006","1714384552"
"\core\event\course_viewed","1006","1714384594"
"\core\event\course_viewed","1006","1714384597"
"\mod_resource\event\course_module_viewed","1006","1714384604"
"\core\event\course_viewed","1006","1714384609"
"\core\event\course_viewed","1006","1714384612"
"\core\event\course_viewed","1006","1714427405"
"\core\event\course_viewed","1006","1714427411"
"\core\event\course_viewed","1006","1714492543"
"\core\event\course_viewed","1006","1714492575"
"\core\event\course_viewed","1006","1714492580"
"\mod_workshop\event\course_module_viewed","1006","1714492586"
"\core\event\course_viewed","1006","1714492660"
"\mod_resource\event\course_module_viewed","1006","1714492668"
"\mod_workshop\event\course_module_viewed","1006","1714492671"
"\core\event\course_viewed","1006","1714494552"
"\core\event\course_viewed","1006","1714494558"
"\core\event\course_viewed","1006","1714494632"
"\core\event\course_viewed","1006","1714494635"
"\core\event\course_viewed","1006","1714494639"
"\core\event\course_viewed","1006","1714494647"
"\core\event\course_viewed","1006","1714750215"
"\mod_workshop\event\course_module_viewed","1006","1714750219"
"\core\event\course_viewed","1006","1714750259"
"\core\event\course_viewed","1006","1714750262"
"\core\event\course_viewed","1006","1714750268"
"\core\event\course_viewed","1006","1714750384"
"\mod_resource\event\course_module_viewed","1006","1714750397"
"\core\event\course_viewed","1006","1714751606"
"\mod_resource\event\course_module_viewed","1006","1714751610"
"\mod_resource\event\course_module_viewed","1006","1714752020"
"\core\event\course_viewed","1006","1714752663"
"\core\event\course_viewed","1006","1714756815"
"\core\event\course_viewed","1006","1714895829"
"\core\event\course_viewed","1006","1714901685"
"\core\event\course_viewed","1006","1714901687"
"\mod_quiz\event\course_module_viewed","1006","1714901718"
"\mod_quiz\event\attempt_viewed","1006","1714901729"
"\mod_quiz\event\attempt_viewed","1006","1714901762"
"\mod_quiz\event\attempt_updated","1006","1714901765"
"\mod_quiz\event\attempt_viewed","1006","1714901818"
"\mod_quiz\event\attempt_updated","1006","1714901833"
"\mod_quiz\event\attempt_viewed","1006","1714901835"
"\mod_quiz\event\attempt_updated","1006","1714901836"
"\mod_quiz\event\attempt_viewed","1006","1714901837"
"\mod_quiz\event\attempt_updated","1006","1714901839"
"\mod_quiz\event\attempt_viewed","1006","1714901841"
"\mod_quiz\event\attempt_viewed","1006","1715016783"
"\mod_quiz\event\attempt_updated","1006","1715016790"
"\mod_quiz\event\attempt_viewed","1006","1715016791"
"\mod_quiz\event\attempt_updated","1006","1715016798"
"\mod_quiz\event\attempt_updated","1006","1715016802"
"\mod_quiz\event\attempt_viewed","1006","1715016804"
"\mod_quiz\event\attempt_viewed","1006","1715017152"
"\mod_quiz\event\attempt_updated","1006","1715017157"
"\mod_quiz\event\attempt_autosaved","1006","1715017331"
"\mod_quiz\event\attempt_updated","1006","1715017334"
"\mod_quiz\event\attempt_viewed","1006","1715017335"
"\mod_quiz\event\attempt_updated","1006","1715017342"
"\mod_quiz\event\attempt_viewed","1006","1715017344"
"\mod_quiz\event\attempt_updated","1006","1715017345"
"\mod_quiz\event\attempt_viewed","1006","1715017346"
"\mod_quiz\event\attempt_updated","1006","1715017348"
"\mod_quiz\event\attempt_updated","1006","1715017361"
"\mod_quiz\event\attempt_viewed","1006","1715017366"
"\mod_quiz\event\attempt_updated","1006","1715017405"
"\mod_workshop\event\assessable_uploaded","1006","1715017408"
"\mod_workshop\event\submission_updated","1006","1715017409"
"\mod_workshop\event\submission_created","1006","1715017414"
"\mod_workshop\event\submission_viewed","1006","1715017415"
"\mod_forum\event\discussion_viewed","1006","1715093474"
"\mod_forum\event\discussion_viewed","1006","1715093476"
"\core\event\course_viewed","1006","1715093670"
"\mod_workshop\event\course_module_viewed","1006","1715093676"
"\mod_workshop\event\submission_updated","1006","1715095214"
"\mod_workshop\event\submission_viewed","1006","1715095215"
"\core\event\course_viewed","1006","1715097447"
"\core\event\course_viewed","1006","1715097460"
"\core\event\course_viewed","1006","1715103410"
"\core\event\course_viewed","1006","1715167492"
"\core\event\course_viewed","1006","1715167494"
"\mod_quiz\event\course_module_viewed","1006","1715167501"
"\mod_quiz\event\attempt_viewed","1006","1715167502"
"\mod_quiz\event\attempt_updated","1006","1715167505"
"\mod_quiz\event\attempt_updated","1006","1715168815"
"\mod_quiz\event\attempt_viewed","1006","1715168817"
"\mod_quiz\event\attempt_viewed","1006","1715168822"
"\mod_quiz\event\attempt_updated","1006","1715168825"
"\mod_quiz\event\attempt_updated","1006","1715168863"
"\mod_quiz\event\attempt_updated","1006","1715168865"
"\mod_quiz\event\attempt_viewed","1006","1715168866"
"\mod_quiz\event\attempt_viewed","1006","1715168881"
"\mod_quiz\event\attempt_autosaved","1006","1715168970"
"\mod_quiz\event\attempt_viewed","1006","1715168974"
"\mod_quiz\event\attempt_viewed","1006","1715170866"
"\mod_quiz\event\attempt_viewed","1006","1715171043"
"\mod_quiz\event\attempt_updated","1006","1715171044"
"\core\event\course_viewed","1006","1715455242"
"\core\event\course_viewed","1006","1715455505"
"\core\event\course_viewed","1006","1715455509"
"\mod_resource\event\course_module_viewed","1006","1715455510"
"\core\event\course_viewed","1006","1715455513"
"\core\event\course_viewed","1006","1715457301"
"\gradereport_user\event\grade_report_viewed","1006","1715457303"
"\core\event\course_viewed","1006","1715457338"
"\core\event\course_viewed","1006","1715457346"
"\mod_workshop\event\course_module_viewed","1006","1715457349"
"\mod_workshop\event\submission_viewed","1006","1715462020"
"\core\event\course_viewed","1006","1715462038"
"\mod_resource\event\course_module_viewed","1006","1715462045"
"\mod_resource\event\course_module_viewed","1006","1715462046"
"\core\event\course_viewed","1006","1715462050"
"\core\event\course_viewed","1006","1715462056"
"\core\event\course_viewed","1006","1715464271"
"\core\event\course_viewed","1006","1715464418"
"\core\event\course_viewed","1006","1715464423"
"\mod_resource\event\course_module_viewed","1006","1715464479"
"\core\event\course_viewed","1006","1715466649"
"\core\event\course_viewed","1006","1715466652"
"\core\event\course_viewed","1006","1715466654"
"\mod_forum\event\discussion_viewed","1006","1715466663"
"\core\event\course_viewed","1006","1715466691"
"\core\event\course_viewed","1006","1715466718"
"\core\event\course_viewed","1006","1715466722"
"\mod_resource\event\course_module_viewed","1006","1715466728"
"\mod_resource\event\course_module_viewed","1006","1715466814"
"\core\event\course_viewed","1006","1715466822"
"\core\event\course_viewed","1006","1715466823"
"\core\event\course_viewed","1006","1715466828"
"\core\event\course_viewed","1006","1715530348"
"\core\event\course_viewed","1006","1715530351"
"\mod_workshop\event\course_module_viewed","1006","1715530352"
"\mod_workshop\event\course_module_viewed","1006","1715530358"
"\core\event\course_viewed","1006","1715536110"
"\core\event\course_viewed","1006","1715536114"
"\mod_url\event\course_module_viewed","1006","1716101840"
"\mod_workshop\event\course_module_viewed","1006","1716101842"
"\mod_workshop\event\course_module_viewed","1006","1716101846"
"\core\event\course_viewed","1006","1716102042"
"\core\event\course_viewed","1006","1716102046"
"\core\event\course_viewed","1006","1716102053"
"\mod_resource\event\course_module_viewed","1006","1716102057"
"\core\event\course_viewed","1006","1716102060"
"\mod_workshop\event\course_module_viewed","1006","1716102069"
"\core\event\course_viewed","1006","1716177133"
"\core\event\course_viewed","1006","1716177338"
"\core\event\course_viewed","1006","1716177348"
"\core\event\course_viewed","1006","1716177353"
"\core\event\course_viewed","1006","1716177359"
"\core\event\course_viewed","1006","1716243472"
"\core\event\course_viewed","1006","1716243475"
"\mod_resource\event\course_module_viewed","1006","1716243489"
"\core\event\course_viewed","1006","1716243494"
"\mod_quiz\event\course_module_viewed","1006","1716243498"
"\mod_quiz\event\attempt_started","1006","1716243501"
"\mod_quiz\event\attempt_viewed","1006","1716243502"
"\mod_quiz\event\attempt_updated","1006","1716243531"
"\mod_quiz\event\attempt_viewed","1006","1716243533"
"\mod_quiz\event\attempt_updated","1006","1716243534"
"\mod_quiz\event\attempt_viewed","1006","1716243535"
"\mod_quiz\event\attempt_updated","1006","1716243916"
"\core\event\course_viewed","1006","1716243919"
"\core\event\course_viewed","1006","1716243921"
"\mod_resource\event\course_module_viewed","1006","1716243923"
"\core\event\course_viewed","1006","1716244321"
"\mod_url\event\course_module_viewed","1006","1716244332"
"\core\event\course_viewed","1006","1716244370"
"\core\event\course_viewed","1006","1716244403"
"\core\event\course_viewed","1006","1716244406"
"\core\event\course_viewed","1006","1716244409"
"\core\event\course_viewed","1006","1716244418"
"\mod_resource\event\course_module_viewed","1006","1716456912"
"\mod_choicegroup\event\course_module_viewed","1006","1716456943"
"\mod_choicegroup\event\course_module_viewed","1006","1716456951"
"\mod_choicegroup\event\course_module_viewed","1006","1716456953"
"\mod_choicegroup\event\course_module_viewed","1006","1716456996"
"\mod_choicegroup\event\course_module_viewed","1006","1716457049"
"\mod_choicegroup\event\course_module_viewed","1006","1716457050"
"\mod_choicegroup\event\course_module_viewed","1006","1716457051"
"\mod_choicegroup\event\course_module_viewed","1006","1716457053"
"\core\event\course_viewed","1006","1716457058"
"\core\event\course_viewed","1006","1716457062"
"\mod_resource\event\course_module_viewed","1006","1716457068"
"\core\event\course_viewed","1006","1716457650"
"\core\event\course_viewed","1006","1716457654"
"\core\event\course_viewed","1006","1716457660"
"\mod_resource\event\course_module_viewed","1006","1716457702"
"\core\event\course_viewed","1006","1716459376"
"\core\event\course_viewed","1006","1716459380"
"\mod_resource\event\course_module_viewed","1006","1716459393"
"\core\event\course_viewed","1006","1716463229"
"\core\event\course_viewed","1006","1716513064"
"\core\event\course_viewed","1006","1716513070"
"\mod_quiz\event\course_module_viewed","1006","1716513073"
"\mod_quiz\event\attempt_started","1006","1716513141"
"\core\event\course_viewed","1006","1716513181"
"\core\event\course_viewed","1006","1716513232"
"\core\event\course_viewed","1006","1716513234"
"\gradereport_user\event\grade_report_viewed","1006","1716513237"
"\core\event\course_viewed","1006","1716513300"
"\core\event\course_viewed","1006","1716513304"
"\mod_resource\event\course_module_viewed","1006","1716513321"
"\mod_resource\event\course_module_viewed","1006","1716513322"
"\core\event\course_viewed","1006","1716517001"
"\core\event\course_viewed","1006","1716517004"
"\mod_quiz\event\course_module_viewed","1006","1716517007"
"\mod_quiz\event\attempt_viewed","1006","1716517015"
"\mod_quiz\event\attempt_updated","1006","1716517019"
"\mod_quiz\event\attempt_viewed","1006","1716517081"
"\mod_forum\event\discussion_viewed","1006","1716576544"
"\core\event\course_viewed","1006","1716576552"
"\core\event\course_viewed","1006","1716576566"
"\mod_resource\event\course_module_viewed","1006","1716580378"
"\mod_workshop\event\course_module_viewed","1006","1716580403"
"\mod_workshop\event\submission_viewed","1006","1716580408"
"\core\event\course_viewed","1006","1716580430"
"\core\event\course_viewed","1006","1716580431"
"\mod_resource\event\course_module_viewed","1006","1716580444"
"\core\event\course_viewed","1006","1716580451"
"\mod_workshop\event\course_module_viewed","1006","1716580466"
"\mod_workshop\event\submission_viewed","1006","1716580473"
"\mod_workshop\event\assessable_uploaded","1006","1716580880"
"\mod_workshop\event\submission_updated","1006","1716580881"
"\mod_workshop\event\submission_viewed","1006","1716580882"
"\mod_workshop\event\submission_created","1006","1716580888"
"\mod_workshop\event\submission_updated","1006","1716580889"
"\mod_workshop\event\submission_viewed","1006","1716580896"
"\mod_workshop\event\submission_viewed","1006","1716581177"
"\mod_workshop\event\course_module_viewed","1006","1716581180"
"\core\event\course_viewed","1006","1716581191"
"\mod_url\event\course_module_viewed","1006","1716581196"
"\core\event\course_viewed","1006","1716581269"
"\core\event\course_viewed","1006","1716581283"
"\mod_url\event\course_module_viewed","1006","1716581294"
"\mod_workshop\event\submission_assessed","1006","1716581513"
"\mod_workshop\event\submission_assessed","1006","1716581517"
"\mod_workshop\event\course_module_viewed","1006","1716581520"
"\core\event\course_viewed","1006","1716581523"
"\core\event\course_viewed","1006","1716581527"
"\mod_resource\event\course_module_viewed","1006","1716581529"
"\mod_resource\event\course_module_viewed","1006","1716581534"
"\mod_resource\event\course_module_viewed","1006","1716581536"
"\core\event\course_viewed","1006","1716583910"
"\mod_workshop\event\course_module_viewed","1006","1716583913"
"\mod_workshop\event\submission_assessed","1006","1716583915"
"\core\event\course_viewed","1006","1716919625"
"\mod_resource\event\course_module_viewed","1006","1716919628"
"\mod_resource\event\course_module_viewed","1006","1716919650"
"\mod_resource\event\course_module_viewed","1006","1716919666"
"\core\event\course_viewed","1006","1716984933"
"\mod_resource\event\course_module_viewed","1006","1716984936"
"\mod_resource\event\course_module_viewed","1006","1716986892"
"\mod_resource\event\course_module_viewed","1006","1716987257"
"\mod_resource\event\course_module_viewed","1006","1716987277"
"\core\event\course_viewed","1006","1716987284"
"\core\event\course_viewed","1006","1716987288"
"\mod_forum\event\course_module_viewed","1006","1716987290"
"\mod_forum\event\discussion_viewed","1006","1716987294"
"\mod_choice\event\course_module_viewed","1006","1716987296"
"\mod_choice\event\answer_created","1006","1716987299"
"\mod_choice\event\course_module_viewed","1006","1716987300"
"\core\event\course_viewed","1006","1717214275"
"\core\event\course_viewed","1006","1717214276"
"\core\event\course_viewed","1006","1717214279"
"\mod_workshop\event\course_module_viewed","1006","1717214283"
"\core\event\course_viewed","1006","1717214289"
"\core\event\course_viewed","1006","1717214290"
"\core\event\course_viewed","1006","1717214297"
"\core\event\course_viewed","1006","1717214387"
"\core\event\course_viewed","1006","1717214997"
"\core\event\course_viewed","1006","1717215001"
"\mod_url\event\course_module_viewed","1006","1717215011"
"\mod_resource\event\course_module_viewed","1006","1717215722"
"\mod_resource\event\course_module_viewed","1006","1717215787"
"\core\event\course_viewed","1006","1717215792"
"\mod_workshop\event\course_module_viewed","1006","1717216890"
"\core\event\course_viewed","1006","1717216893"
"\core\event\course_viewed","1006","1717216897"
"\mod_resource\event\course_module_viewed","1006","1717216901"
"\core\event\course_viewed","1006","1717216907"
"\core\event\course_viewed","1006","1717216909"
"\mod_resource\event\course_module_viewed","1006","1717223029"
"\mod_resource\event\course_module_viewed","1006","1717223048"
"\core\event\course_viewed","1006","1717223068"
"\mod_workshop\event\course_module_viewed","1006","1717223071"
"\mod_mail\event\message_send","1006","1717223142"
"\core\event\course_viewed","1006","1717226076"
"\core\event\course_viewed","1006","1717226079"
"\core\event\course_viewed","1006","1717226138"
"\core\event\course_viewed","1006","1717226139"
"\core\event\course_viewed","1006","1717226179"
"\core\event\course_viewed","1006","1717226181"
"\mod_workshop\event\course_module_viewed","1006","1717226187"
"\core\event\course_viewed","1006","1717286252"
"\core\event\course_viewed","1006","1717286255"
"\core\event\course_viewed","1006","1717286257"
"\mod_url\event\course_module_viewed","1006","1717286261"
"\core\event\course_viewed","1006","1717286326"
"\mod_workshop\event\course_module_viewed","1006","1717286331"
"\mod_workshop\event\course_module_viewed","1006","1717286633"
"\mod_workshop\event\course_module_viewed","1006","1717286634"
"\mod_workshop\event\submission_created","1006","1717286781"
"\mod_workshop\event\submission_updated","1006","1717286782"
"\core\event\course_viewed","1006","1717287041"
"\core\event\course_viewed","1006","1717287046"
"\core\event\course_viewed","1006","1717287052"
"\core\event\course_viewed","1006","1717287065"
"\core\event\course_viewed","1006","1717287068"
"\core\event\course_viewed","1006","1717287077"
"\core\event\course_viewed","1006","1717287080"
"\core\event\course_viewed","1006","1717287085"
"\mod_workshop\event\course_module_viewed","1006","1717287192"
"\mod_workshop\event\submission_assessed","1006","1717287346"
"\core\event\course_viewed","1006","1717291614"
"\core\event\course_viewed","1006","1717291619"
"\core\event\course_viewed","1006","1717695580"
"\core\event\course_viewed","1006","1717695584"
"\mod_url\event\course_module_viewed","1006","1717695590"
"\core\event\course_viewed","1006","1717696891"
"\core\event\course_viewed","1006","1717696892"
"\mod_resource\event\course_module_viewed","1006","1717696893"
"\core\event\course_viewed","1006","1717696947"
"\core\event\course_viewed","1006","1717696950"
"\core\event\course_viewed","1006","1718180641"
"\core\event\course_viewed","1006","1718180644"
"\core\event\course_viewed","1006","1718180646"
"\mod_workshop\event\course_module_viewed","1006","1718180655"
"\core\event\course_viewed","1006","1718180673"
"\mod_workshop\event\course_module_viewed","1006","1718180680"
"\core\event\course_viewed","1006","1718180684"
"\core\event\course_viewed","1006","1718180687"
"\mod_url\event\course_module_viewed","1006","1718180691"
"\mod_workshop\event\submission_assessed","1006","1718181394"
"\mod_workshop\event\course_module_viewed","1006","1718181445"
"\mod_workshop\event\submission_assessed","1006","1718181447"
"\mod_workshop\event\submission_assessed","1006","1718181487"
"\mod_workshop\event\submission_assessed","1006","1718181527"
"\core\event\user_profile_viewed","1006","1718181548"
"\core\event\user_profile_viewed","1006","1718181557"
"\core\event\user_profile_viewed","1006","1718181569"
"\core\event\course_viewed","1006","1718181591"
"\core\event\course_viewed","1006","1718181594"
"\core\event\course_viewed","1006","1718181600"
"\core\event\course_viewed","1006","1718181708"
"\core\event\course_viewed","1006","1718181712"
"\gradereport_user\event\grade_report_viewed","1006","1718181716"
"\core\event\course_viewed","1006","1718181745"
"\core\event\course_viewed","1006","1718181749"
"\mod_choicegroup\event\course_module_viewed","1006","1718181750"
"\mod_choicegroup\event\course_module_viewed","1006","1718181752"
"\mod_forum\event\discussion_viewed","1006","1718335218"
"\core\event\course_viewed","1006","1718335223"
"\core\event\course_viewed","1006","1718335232"
"\core\event\course_viewed","1006","1718335236"
"\mod_choicegroup\event\course_module_viewed","1006","1718335248"
"\mod_choicegroup\event\course_module_viewed","1006","1718335249"
"\mod_choicegroup\event\course_module_viewed","1006","1718335251"
"\mod_choicegroup\event\course_module_viewed","1006","1718335270"
"\mod_choicegroup\event\course_module_viewed","1006","1718335273"
"\core\event\course_viewed","1006","1718335275"
"\gradereport_user\event\grade_report_viewed","1006","1718335278"
"\core\event\course_viewed","1006","1718335297"
"\core\event\course_viewed","1006","1718335300"
"\core\event\course_viewed","1006","1718438815"
"\mod_resource\event\course_module_viewed","1006","1718438817"
"\core\event\course_viewed","1006","1718440014"
"\mod_resource\event\course_module_viewed","1006","1718440039"
"\mod_resource\event\course_module_viewed","1006","1718440046"
"\core\event\course_viewed","1006","1718520224"
"\core\event\course_viewed","1006","1718520655"
"\mod_resource\event\course_module_viewed","1006","1718520656"
"\mod_resource\event\course_module_viewed","1006","1718520672"
"\mod_resource\event\course_module_viewed","1006","1718520674"
"\core\event\course_viewed","1006","1718520677"
"\mod_resource\event\course_module_viewed","1006","1718520679"
"\core\event\course_viewed","1006","1718521640"
"\core\event\course_viewed","1006","1718521744"
"\core\event\course_viewed","1006","1718521746"
"\mod_resource\event\course_module_viewed","1006","1718521753"
"\mod_resource\event\course_module_viewed","1006","1718521758"
"\core\event\course_viewed","1006","1718523945"
"\core\event\course_viewed","1006","1718526367"
"\mod_workshop\event\course_module_viewed","1006","1718526372"
"\core\event\course_viewed","1006","1718618764"
"\core\event\course_viewed","1006","1718618768"
"\mod_mail\event\course_module_viewed","1006","1718618773"
"\core\event\user_profile_viewed","1006","1718618774"
"\core\event\user_profile_viewed","1006","1718618781"
"\core\event\user_profile_viewed","1006","1718618785"
"\core\event\user_profile_viewed","1006","1718618793"
"\core\event\user_profile_viewed","1006","1718618912"
"\mod_workshop\event\submission_viewed","1006","1718618922"
"\core\event\course_viewed","1006","1718618971"
"\core\event\course_viewed","1006","1718618980"
"\core\event\course_viewed","1006","1718618989"
"\mod_workshop\event\course_module_viewed","1006","1718618991"
"\mod_workshop\event\course_module_viewed","1006","1718620293"
"\mod_workshop\event\submission_assessed","1006","1718620294"
"\core\event\course_viewed","1006","1718620312"
"\core\event\course_viewed","1006","1718620315"
"\mod_resource\event\course_module_viewed","1006","1718620319"
"\mod_resource\event\course_module_viewed","1006","1718620335"
"\core\event\course_viewed","1006","1718620341"
"\mod_resource\event\course_module_viewed","1006","1718620348"
"\core\event\course_viewed","1006","1718622109"
"\core\event\course_viewed","1006","1718622116"
"\gradereport_user\event\grade_report_viewed","1006","1718622119"
"\core\event\course_viewed","1006","1718622123"
"\mod_resource\event\course_module_viewed","1006","1718622136"
"\mod_url\event\course_module_viewed","1006","1718626361"
"\core\event\course_viewed","1006","1718894260"
"\core\event\course_viewed","1006","1718894279"
"\core\event\course_viewed","1006","1718894285"
"\core\event\course_viewed","1006","1718894286"
"\mod_workshop\event\course_module_viewed","1006","1718894289"
"\core\event\course_viewed","1006","1718894300"
"\mod_url\event\course_module_viewed","1006","1718894306"
"\mod_workshop\event\course_module_viewed","1006","1718894336"
"\mod_workshop\event\submission_reassessed","1006","1718894355"
"\mod_workshop\event\course_module_viewed","1006","1718894356"
"\core\event\course_viewed","1006","1718894366"
"\mod_quiz\event\course_module_viewed","1006","1718894369"
"\core\event\course_viewed","1006","1718894385"
"\core\event\course_viewed","1006","1718894388"
"\core\event\course_viewed","1006","1718894401"
"\core\event\course_viewed","1006","1719422131"
"\core\event\course_viewed","1006","1719422135"
"\core\event\course_viewed","1006","1719422138"
"\mod_resource\event\course_module_viewed","1006","1719422143"
"\core\event\course_viewed","1006","1719422148"
"\core\event\course_viewed","1006","1719422149"
"\core\event\course_viewed","1006","1719422150"
"\core\event\course_viewed","1006","1719422157"
"\gradereport_user\event\grade_report_viewed","1006","1719422721"
"\core\event\course_viewed","1006","1719422727"
"\core\event\course_viewed","1006","1719422732"
"\core\event\course_viewed","1006","1719524149"
"\core\event\course_viewed","1006","1719524156"
"\mod_resource\event\course_module_viewed","1006","1719524161"
"\core\event\course_viewed","1006","1719524237"
"\core\event\course_viewed","1006","1719524244"
"\gradereport_user\event\grade_report_viewed","1006","1719524249"
"\core\event\course_viewed","1006","1719524260"
"\core\event\course_viewed","1006","1719524263"
"\core\event\course_viewed","1006","1719524264"
"\core\event\course_viewed","1006","1719524281"
"\core\event\course_viewed","1006","1719571119"
"\core\event\course_viewed","1006","1719571123"
"\core\event\course_viewed","1006","1719571124"
"\core\event\course_viewed","1006","1719571128"
"\core\event\course_viewed","1006","1719571134"
"\mod_workshop\event\course_module_viewed","1006","1719571137"
"\core\event\course_viewed","1006","1719571138"
"\core\event\course_viewed","1006","1719571148"
"\mod_workshop\event\course_module_viewed","1006","1719644084"
"\core\event\course_viewed","1006","1719644090"
"\core\event\course_viewed","1006","1719644109"
"\mod_workshop\event\course_module_viewed","1006","1719644132"
"\core\event\course_viewed","1006","1719644153"
"\core\event\course_viewed","1006","1719644158"
"\core\event\course_viewed","1006","1719644161"
"\gradereport_user\event\grade_report_viewed","1006","1719644165"
"\core\event\course_viewed","1006","1719873552"
"\core\event\course_viewed","1006","1719873553"
"\core\event\course_viewed","1006","1719874028"
"\mod_workshop\event\course_module_viewed","1006","1719874032"
"\mod_workshop\event\submission_created","1006","1719875257"
"\mod_workshop\event\submission_updated","1006","1719875259"
"\mod_workshop\event\submission_created","1006","1719875261"
"\core\event\course_viewed","1006","1719875287"
"\mod_resource\event\course_module_viewed","1006","1719875294"
"\core\event\course_viewed","1006","1719926919"
"\mod_workshop\event\course_module_viewed","1006","1719926932"
"\core\event\course_viewed","1006","1719926933"
"\core\event\course_viewed","1006","1719926939"
"\mod_workshop\event\course_module_viewed","1006","1719926940"
"\mod_workshop\event\submission_viewed","1006","1719926944"
"\mod_workshop\event\submission_viewed","1006","1719926954"
"\mod_workshop\event\submission_updated","1006","1719926955"
"\mod_workshop\event\assessable_uploaded","1006","1719926956"
"\mod_workshop\event\submission_updated","1006","1719926963"
"\core\event\course_viewed","1006","1719927363"
"\mod_workshop\event\course_module_viewed","1006","1719927370"
"\mod_workshop\event\course_module_viewed","1006","1719927377"
"\mod_workshop\event\submission_assessed","1006","1719927379"
"\mod_workshop\event\course_module_viewed","1006","1719927390"
"\mod_workshop\event\submission_reassessed","1006","1719927470"
"\mod_workshop\event\submission_assessed","1006","1719927660"
"\mod_workshop\event\course_module_viewed","1006","1719927661"
"\core\event\course_viewed","1006","1719927664"
"\mod_workshop\event\course_module_viewed","1006","1719927669"
"\core\event\course_viewed","1006","1719927717"
"\core\event\course_viewed","1006","1719927810"
"\core\event\course_viewed","1006","1719927812"
"\core\event\course_viewed","1006","1719927828"
"\core\event\course_viewed","1006","1719927832"
"\core\event\course_viewed","1006","1719927836"
"\mod_workshop\event\course_module_viewed","1006","1719927838"
"\mod_workshop\event\course_module_viewed","1006","1719927850"
"\core\event\course_viewed","1006","1719927868"
"\mod_resource\event\course_module_viewed","1006","1719927869"
"\mod_resource\event\course_module_viewed","1006","1719927904"
"\core\event\course_viewed","1006","1720096307"
"\core\event\course_viewed","1006","1720096358"
"\core\event\course_viewed","1006","1720096382"
"\core\event\course_viewed","1006","1720096393"
"\mod_resource\event\course_module_viewed","1006","1720096396"
"\core\event\course_viewed","1006","1720096706"
"\core\event\course_viewed","1006","1720096718"
"\core\event\course_viewed","1006","1720096721"
"\core\event\course_viewed","1006","1720356325"
"\mod_resource\event\course_module_viewed","1006","1720364469"
"\mod_workshop\event\course_module_viewed","1006","1720364667"
"\mod_workshop\event\submission_assessed","1006","1720364668"
"\mod_workshop\event\submission_assessed","1006","1720364669"
"\mod_workshop\event\course_module_viewed","1006","1720364671"
"\mod_workshop\event\submission_viewed","1006","1720364709"
"\mod_workshop\event\submission_viewed","1006","1720364723"
"\mod_workshop\event\submission_viewed","1006","1720364741"
"\mod_workshop\event\submission_viewed","1006","1720364765"
"\mod_workshop\event\submission_viewed","1006","1720364789"
"\core\event\course_viewed","1006","1720724168"
"\core\event\course_viewed","1006","1720724178"
"\core\event\course_viewed","1006","1720724183"
"\core\event\course_viewed","1006","1720724186"
"\core\event\course_viewed","1006","1720724189"
"\core\event\course_viewed","1006","1720724193"
"\core\event\course_viewed","1006","1720724196"
"\core\event\course_viewed","1006","1720724197"
"\core\event\course_viewed","1006","1720724198"
"\mod_quiz\event\course_module_viewed","1006","1720724201"
"\core\event\course_viewed","1006","1720724203"
"\core\event\course_viewed","1006","1720724222"
"\core\event\course_viewed","1006","1720724226"
"\gradereport_user\event\grade_report_viewed","1006","1720724229"
"\core\event\user_list_viewed","1006","1720724230"
"\core\event\course_viewed","1006","1720724327"
"\mod_workshop\event\course_module_viewed","1006","1720724333"
"\core\event\course_viewed","1006","1720724336"
"\mod_workshop\event\course_module_viewed","1006","1720724666"
"\mod_resource\event\course_module_viewed","1006","1720724686"
"\mod_resource\event\course_module_viewed","1006","1720724699"
"\core\event\course_viewed","1006","1720725046"
"\core\event\course_viewed","1006","1720871097"
"\core\event\course_viewed","1006","1720871103"
"\core\event\course_viewed","1006","1720871107"
"\core\event\course_viewed","1006","1720871108"
"\mod_resource\event\course_module_viewed","1006","1720871112"
"\core\event\course_viewed","1006","1720973018"
"\core\event\course_viewed","1006","1720973020"
"\mod_workshop\event\course_module_viewed","1006","1720973026"
"\mod_workshop\event\course_module_viewed","1006","1720973038"
"\mod_workshop\event\submission_assessed","1006","1720973040"
"\mod_workshop\event\course_module_viewed","1006","1720973041"
"\core\event\course_viewed","1006","1720973079"
"\core\event\course_viewed","1006","1720973081"
"\mod_resource\event\course_module_viewed","1006","1720973310"
"\core\event\course_viewed","1006","1720977852"
"\core\event\course_viewed","1006","1720977858"
"\core\event\course_viewed","1006","1720977867"
"\core\event\course_viewed","1006","1720978132"
"\core\event\course_viewed","1006","1720978136"
"\mod_url\event\course_module_viewed","1006","1720978139"
"\core\event\course_viewed","1006","1720978142"
"\core\event\course_viewed","1006","1721201981"
"\core\event\course_viewed","1006","1721201984"
"\core\event\course_viewed","1006","1721201989"
"\core\event\course_viewed","1006","1721201990"
"\mod_workshop\event\course_module_viewed","1006","1721202000"
"\mod_workshop\event\submission_viewed","1006","1721202022"
"\mod_workshop\event\assessable_uploaded","1006","1721202023"
"\mod_workshop\event\submission_updated","1006","1721202100"
"\mod_workshop\event\submission_viewed","1006","1721202102"
"\core\event\course_viewed","1006","1721202605"
"\mod_workshop\event\course_module_viewed","1006","1721202614"
"\core\event\course_viewed","1006","1721202620"
"\core\event\course_viewed","1006","1721202624"
"\mod_resource\event\course_module_viewed","1006","1721202631"
"\mod_resource\event\course_module_viewed","1006","1721202633"
"\core\event\course_viewed","1006","1721203104"
"\core\event\course_viewed","1006","1721203105"
"\core\event\course_viewed","1006","1721203108"
"\core\event\course_viewed","1006","1721309579"
"\core\event\course_viewed","1006","1721309581"
"\mod_forum\event\course_module_viewed","1006","1721309582"
"\mod_forum\event\discussion_viewed","1006","1721309583"
"\core\event\course_viewed","1006","1721309596"
"\mod_resource\event\course_module_viewed","1006","1721309602"
"\core\event\course_viewed","1006","1721309604"
"\core\event\course_viewed","1006","1721309607"
"\core\event\course_viewed","1006","1721351690"
"\mod_resource\event\course_module_viewed","1006","1721351692"
"\core\event\course_viewed","1006","1721351698"
"\mod_resource\event\course_module_viewed","1006","1721351703"
"\core\event\course_viewed","1006","1721353938"
"\core\event\course_viewed","1006","1721353939"
"\core\event\course_viewed","1006","1721353942"
"\core\event\course_viewed","1006","1721354076"
"\core\event\course_viewed","1006","1721354080"
"\core\event\course_viewed","1006","1721354082"
"\core\event\course_viewed","1006","1721354098"
"\core\event\course_viewed","1006","1721354112"
"\mod_workshop\event\course_module_viewed","1006","1721354113"
"\mod_workshop\event\assessable_uploaded","1006","1721354115"
"\core\event\course_viewed","1006","1721356688"
"\core\event\course_viewed","1006","1721356712"
"\mod_resource\event\course_module_viewed","1006","1721356714"
"\core\event\course_viewed","1006","1721356715"
"\mod_resource\event\course_module_viewed","1006","1721356726"
"\mod_resource\event\course_module_viewed","1006","1721356729"
"\core\event\course_viewed","1006","1721356731"
"\mod_resource\event\course_module_viewed","1006","1721356740"
"\core\event\course_viewed","1006","1721358216"
"\mod_resource\event\course_module_viewed","1006","1721358220"
"\core\event\course_viewed","1006","1721362304"
"\core\event\course_viewed","1006","1721362305"
"\core\event\course_viewed","1006","1721362313"
"\mod_workshop\event\course_module_viewed","1006","1721362319"
"\core\event\course_viewed","1006","1721362339"
"\core\event\course_viewed","1006","1721362345"
"\core\event\course_viewed","1006","1721362346"
"\mod_workshop\event\course_module_viewed","1006","1721362364"
"\core\event\course_viewed","1006","1721362369"
"\mod_forum\event\discussion_viewed","1006","1721362371"
"\core\event\course_viewed","1006","1721362393"
"\mod_resource\event\course_module_viewed","1006","1721362397"
"\mod_resource\event\course_module_viewed","1006","1721362401"
"\core\event\course_viewed","1006","1721362497"
"\mod_resource\event\course_module_viewed","1006","1721362501"
"\mod_workshop\event\course_module_viewed","1006","1721363944"
"\core\event\course_viewed","1006","1721363953"
"\core\event\course_viewed","1006","1721363954"
"\core\event\course_viewed","1006","1721363958"
"\mod_url\event\course_module_viewed","1006","1721363965"
"\core\event\course_viewed","1006","1721364034"
"\core\event\user_list_viewed","1006","1721364035"
"\core\event\course_viewed","1006","1721438570"
"\mod_resource\event\course_module_viewed","1006","1721438571"
"\core\event\course_viewed","1006","1721439015"
"\core\event\course_viewed","1006","1721439022"
"\core\event\course_viewed","1006","1721439028"
"\mod_url\event\course_module_viewed","1006","1721513619"
"\core\event\course_viewed","1006","1721513670"
"\core\event\course_viewed","1006","1721513674"
"\mod_url\event\course_module_viewed","1006","1721513681"
"\core\event\course_viewed","1006","1721513729"
"\core\event\course_viewed","1006","1721523053"
"\mod_resource\event\course_module_viewed","1006","1721523054"
"\mod_resource\event\course_module_viewed","1006","1721523062"
"\core\event\course_viewed","1006","1721523091"
"\core\event\course_viewed","1006","1722194458"
"\core\event\course_viewed","1006","1722199281"
"\mod_resource\event\course_module_viewed","1006","1722199282"
"\core\event\course_viewed","1006","1722202712"
"\mod_resource\event\course_module_viewed","1006","1722202713"
"\core\event\course_viewed","1006","1722202716"
"\core\event\course_user_report_viewed","1006","1722202727"
"\core\event\course_viewed","1006","1722202739"
"\core\event\course_viewed","1006","1722202740"
"\mod_url\event\course_module_viewed","1006","1722202746"
"\core\event\course_viewed","1006","1722202749"
"\mod_quiz\event\course_module_viewed","1006","1722202751"
"\mod_quiz\event\attempt_reviewed","1006","1722202762"
"\core\event\course_viewed","1006","1722204895"
"\mod_resource\event\course_module_viewed","1006","1722204899"
"\core\event\course_viewed","1006","1722205814"
"\core\event\course_viewed","1006","1722205823"
"\mod_workshop\event\course_module_viewed","1006","1722205829"
"\mod_quiz\event\attempt_viewed","1006","1722205832"
"\mod_quiz\event\attempt_autosaved","1006","1722206047"
"\core\event\course_viewed","1006","1722206050"
"\mod_workshop\event\course_module_viewed","1006","1722206054"
"\mod_workshop\event\submission_viewed","1006","1722206058"
"\core\event\course_viewed","1006","1722206067"
"\core\event\course_viewed","1006","1722206070"
"\mod_quiz\event\course_module_viewed","1006","1722206088"
"\mod_quiz\event\attempt_viewed","1006","1722206093"
"\mod_quiz\event\attempt_updated","1006","1722206107"
"\mod_quiz\event\attempt_viewed","1006","1722206108"
"\mod_quiz\event\attempt_autosaved","1006","1722206647"
"\mod_quiz\event\attempt_viewed","1006","1722206665"
"\mod_quiz\event\attempt_updated","1006","1722206669"
"\mod_quiz\event\attempt_viewed","1006","1722206712"
"\mod_quiz\event\attempt_updated","1006","1722206713"
"\mod_quiz\event\attempt_viewed","1006","1722208568"
"\mod_quiz\event\attempt_viewed","1006","1722208618"
"\mod_quiz\event\attempt_autosaved","1006","1722208803"
"\mod_quiz\event\attempt_updated","1006","1722208967"
"\mod_quiz\event\attempt_updated","1006","1722208968"
"\mod_quiz\event\attempt_viewed","1006","1722208976"
"\mod_quiz\event\attempt_updated","1006","1722218419"
"\mod_quiz\event\attempt_viewed","1006","1722218465"
"\mod_quiz\event\attempt_updated","1006","1722218466"
"\mod_quiz\event\attempt_summary_viewed","1006","1722218470"
"\mod_quiz\event\attempt_updated","1006","1722218472"
"\mod_quiz\event\attempt_viewed","1006","1722218473"
"\mod_quiz\event\attempt_updated","1006","1722218478"
"\mod_quiz\event\attempt_viewed","1006","1722218480"
"\core\event\course_viewed","1006","1722324108"
"\core\event\course_viewed","1006","1722324126"
"\core\event\course_viewed","1006","1722324127"
"\mod_workshop\event\course_module_viewed","1006","1722324138"
"\core\event\course_viewed","1006","1722442377"
"\mod_resource\event\course_module_viewed","1006","1722442393"
"\core\event\course_viewed","1006","1722442421"
"\core\event\course_viewed","1006","1722442449"
"\core\event\course_viewed","1006","1722442467"
"\core\event\course_viewed","1006","1722442469"
"\core\event\course_viewed","1006","1722442533"
"\mod_feedback\event\course_module_viewed","1006","1722442547"
"\core\event\course_viewed","1006","1722445133"
"\core\event\course_viewed","1006","1722445136"
"\core\event\course_viewed","1006","1722445140"
"\core\event\course_viewed","1006","1722445142"
"\core\event\course_viewed","1006","1722445147"
"\mod_resource\event\course_module_viewed","1006","1722445154"
"\mod_resource\event\course_module_viewed","1006","1722445155"
"\core\event\course_viewed","1006","1722529981"
"\mod_resource\event\course_module_viewed","1006","1722530008"
"\core\event\course_viewed","1006","1722530014"
"\core\event\course_viewed","1006","1722530018"
"\mod_resource\event\course_module_viewed","1006","1722530022"
"\core\event\course_viewed","1006","1722530041"
"\mod_workshop\event\course_module_viewed","1006","1722530048"
"\core\event\user_profile_viewed","1006","1722530059"
"\core\event\course_viewed","1006","1722531697"
"\core\event\course_viewed","1006","1722585148"
"\core\event\course_viewed","1006","1722585151"
"\core\event\course_viewed","1006","1722585153"
"\core\event\course_viewed","1006","1722585184"
"\gradereport_user\event\grade_report_viewed","1006","1722585186"
"\core\event\course_viewed","1006","1722585277"
"\mod_resource\event\course_module_viewed","1006","1722585307"
"\core\event\course_viewed","1006","1722587433"
"\core\event\course_viewed","1006","1722587454"
"\core\event\course_viewed","1006","1722587463"
"\core\event\course_viewed","1006","1722587466"
"\core\event\course_viewed","1006","1722587477"
"\mod_workshop\event\submission_assessed","1006","1722588221"
"\core\event\course_viewed","1006","1722667077"
"\core\event\course_viewed","1006","1722669917"
"\mod_resource\event\course_module_viewed","1006","1722669976"
"\mod_resource\event\course_module_viewed","1006","1722669977"
"\core\event\course_viewed","1006","1722669980"
"\core\event\course_viewed","1006","1722669984"
"\core\event\course_viewed","1006","1722669990"
"\core\event\course_viewed","1006","1722669994"
"\mod_choicegroup\event\course_module_viewed","1006","1722669997"
"\mod_choicegroup\event\course_module_viewed","1006","1722669999"
"\core\event\course_viewed","1006","1722670002"
"\mod_resource\event\course_module_viewed","1006","1722670004"
"\core\event\course_viewed","1006","1722670062"
"\mod_resource\event\course_module_viewed","1006","1722670064"
"\mod_resource\event\course_module_viewed","1006","1722670067"
"\core\event\course_viewed","1006","1722676715"
"\core\event\course_viewed","1006","1722676716"
"\mod_resource\event\course_module_viewed","1006","1722676744"
"\core\event\course_viewed","1006","1722676748"
"\core\event\course_viewed","1006","1722676752"
"\core\event\course_viewed","1006","1722676759"
"\mod_mail\event\course_module_viewed","1006","1722676766"
"\core\event\course_viewed","1006","1722676767"
"\mod_resource\event\course_module_viewed","1006","1722676772"
"\core\event\course_viewed","1006","1722676775"
"\core\event\course_viewed","1006","1722676908"
"\mod_resource\event\course_module_viewed","1006","1722676914"
"\mod_url\event\course_module_viewed","1006","1722676925"
"\core\event\course_viewed","1006","1722676933"
"\core\event\course_viewed","1006","1722676936"
"\core\event\course_viewed","1006","1722676940"
"\core\event\course_viewed","1006","1722676957"
"\core\event\course_viewed","1006","1722788160"
"\core\event\course_viewed","1006","1722788197"
"\mod_resource\event\course_module_viewed","1006","1722788199"
"\core\event\course_viewed","1006","1722788203"
"\mod_resource\event\course_module_viewed","1006","1722788208"
"\core\event\course_viewed","1006","1722788330"
"\gradereport_user\event\grade_report_viewed","1006","1722788331"
"\mod_workshop\event\course_module_viewed","1006","1722788335"
"\core\event\course_viewed","1006","1722788646"
"\mod_url\event\course_module_viewed","1006","1722789377"
"\core\event\course_viewed","1006","1722789393"
"\mod_resource\event\course_module_viewed","1006","1722789396"
"\core\event\course_viewed","1006","1722789515"
"\core\event\course_viewed","1006","1722789518"
"\core\event\course_viewed","1006","1722789555"
"\mod_forum\event\course_module_viewed","1006","1722789560"
"\mod_forum\event\discussion_viewed","1006","1722789565"
"\core\event\course_viewed","1006","1722794286"
"\core\event\course_viewed","1006","1722794287"
"\core\event\course_viewed","1006","1722794484"
"\mod_workshop\event\course_module_viewed","1006","1722794488"
"\mod_workshop\event\course_module_viewed","1006","1722794490"
"\core\event\course_viewed","1006","1722794494"
"\mod_resource\event\course_module_viewed","1006","1722794495"
"\mod_resource\event\course_module_viewed","1006","1722794550"
"\mod_resource\event\course_module_viewed","1006","1722794552"
"\core\event\course_viewed","1006","1722794586"
"\core\event\course_viewed","1006","1722794589"
"\mod_resource\event\course_module_viewed","1006","1722794591"
"\mod_resource\event\course_module_viewed","1006","1722794594"
"\mod_workshop\event\assessable_uploaded","1006","1722795754"
"\mod_workshop\event\submission_created","1006","1722795755"
"\core\event\course_viewed","1006","1722795756"
"\mod_resource\event\course_module_viewed","1006","1722795761"
"\mod_resource\event\course_module_viewed","1006","1722795785"
"\core\event\course_viewed","1006","1722795799"
"\mod_resource\event\course_module_viewed","1006","1722795807"
"\mod_resource\event\course_module_viewed","1006","1722795826"
"\mod_resource\event\course_module_viewed","1006","1722795903"
"\core\event\course_viewed","1006","1722799434"
"\core\event\course_viewed","1006","1722799440"
"\core\event\course_viewed","1006","1722799452"
"\core\event\course_viewed","1006","1722799455"
"\mod_workshop\event\submission_viewed","1006","1722799490"
"\mod_workshop\event\submission_updated","1006","1722799492"
"\mod_workshop\event\submission_viewed","1006","1722799959"
"\mod_workshop\event\submission_assessed","1006","1722800122"
"\mod_workshop\event\submission_assessed","1006","1722800362"
"\mod_workshop\event\submission_assessed","1006","1722800492"
"\mod_workshop\event\submission_assessed","1006","1722800857"
"\mod_workshop\event\submission_reassessed","1006","1722800876"
"\mod_workshop\event\course_module_viewed","1006","1722800878"
"\mod_workshop\event\course_module_viewed","1006","1722800901"
"\mod_workshop\event\course_module_viewed","1006","1722800917"
"\core\event\course_viewed","1006","1722800924"
"\mod_workshop\event\course_module_viewed","1006","1722800938"
"\mod_workshop\event\submission_viewed","1006","1722800941"
"\mod_workshop\event\submission_viewed","1006","1722801024"
"\mod_workshop\event\submission_created","1006","1722801026"
"\mod_workshop\event\submission_viewed","1006","1722801027"
"\mod_workshop\event\assessable_uploaded","1006","1722801033"
"\mod_workshop\event\submission_viewed","1006","1722801034"
"\mod_workshop\event\assessable_uploaded","1006","1722801035"
"\mod_workshop\event\submission_viewed","1006","1722801113"
"\core\event\course_viewed","1006","1722801116"
"\mod_resource\event\course_module_viewed","1006","1722801130"
"\core\event\course_viewed","1006","1722801138"
"\mod_url\event\course_module_viewed","1006","1722801139"
"\core\event\course_viewed","1006","1722801141"
"\core\event\course_viewed","1006","1722801146"
"\core\event\course_viewed","1006","1722801149"
"\mod_resource\event\course_module_viewed","1006","1722801152"
"\core\event\course_viewed","1006","1722801155"
"\mod_workshop\event\course_module_viewed","1006","1722801161"
"\core\event\course_viewed","1006","1722801164"
"\mod_resource\event\course_module_viewed","1006","1722801166"
"\core\event\course_viewed","1006","1722801405"
"\core\event\course_viewed","1006","1722801410"
"\mod_workshop\event\course_module_viewed","1006","1722801412"
"\mod_workshop\event\course_module_viewed","1006","1722801521"
"\core\event\course_viewed","1006","1722801532"
"\core\event\course_viewed","1006","1722801541"
"\core\event\course_viewed","1006","1722801543"
"\core\event\course_viewed","1006","1722801547"
"\core\event\course_viewed","1006","1722801549"
"\core\event\course_viewed","1006","1722801555"
"\mod_resource\event\course_module_viewed","1006","1722801566"
"\core\event\course_viewed","1006","1722801806"
"\core\event\course_viewed","1006","1722801807"
"\gradereport_user\event\grade_report_viewed","1006","1722801813"
"\core\event\course_viewed","1006","1722804569"
"\core\event\course_viewed","1006","1722804575"
"\core\event\course_viewed","1006","1722804576"
"\mod_forum\event\discussion_viewed","1006","1722804580"
"\core\event\course_viewed","1006","1722804756"
"\mod_workshop\event\course_module_viewed","1006","1722804761"
"\core\event\course_viewed","1006","1722804909"
"\mod_workshop\event\course_module_viewed","1006","1722804926"
"\core\event\course_viewed","1006","1722805832"
"\core\event\course_viewed","1006","1722805833"
"\core\event\course_viewed","1006","1722805982"
"\core\event\course_viewed","1006","1722806013"
"\core\event\course_viewed","1006","1722806235"
"\core\event\course_viewed","1006","1722806237"
"\core\event\course_viewed","1006","1722806240"
"\mod_quiz\event\course_module_viewed","1006","1722806246"
"\core\event\course_viewed","1006","1722806259"
"\core\event\course_viewed","1006","1722813252"
"\mod_resource\event\course_module_viewed","1006","1722813267"
"\core\event\course_viewed","1006","1722818520"
"\core\event\course_viewed","1006","1722818521"
"\core\event\course_viewed","1006","1722818522"
"\core\event\course_viewed","1006","1722818525"
"\core\event\course_viewed","1006","1722818527"
"\core\event\course_viewed","1006","1722818547"
"\gradereport_user\event\grade_report_viewed","1006","1722818550"
"\core\event\course_viewed","1006","1722818555"
"\core\event\course_viewed","1006","1722818557"
"\core\event\course_viewed","1006","1722818559"
"\mod_workshop\event\course_module_viewed","1006","1722818572"
"\mod_workshop\event\course_module_viewed","1006","1722818783"
"\mod_workshop\event\course_module_viewed","1006","1722818790"
"\core\event\course_viewed","1006","1722818794"
"\core\event\course_viewed","1006","1722818798"
"\core\event\course_viewed","1006","1722819223"
"\mod_resource\event\course_module_viewed","1006","1722819228"
"\core\event\course_viewed","1006","1722819274"
"\mod_workshop\event\course_module_viewed","1006","1722819287"
"\mod_resource\event\course_module_viewed","1006","1722819324"
"\core\event\course_viewed","1006","1722819328"
"\mod_resource\event\course_module_viewed","1006","1722819357"
"\core\event\course_viewed","1006","1722819371"
"\mod_workshop\event\course_module_viewed","1006","1722819376"
"\core\event\course_viewed","1006","1722819381"
"\core\event\course_viewed","1006","1722819397"
"\mod_resource\event\course_module_viewed","1006","1722819401"
"\mod_resource\event\course_module_viewed","1006","1722819402"
"\mod_resource\event\course_module_viewed","1006","1722819415"
"\core\event\course_viewed","1006","1722819418"
"\core\event\course_viewed","1006","1722819420"
"\mod_resource\event\course_module_viewed","1006","1722819424"
"\core\event\course_viewed","1006","1722821524"
"\core\event\course_viewed","1006","1722821526"
"\core\event\course_viewed","1006","1722821531"
"\core\event\course_viewed","1006","1722821538"
"\core\event\course_viewed","1006","1722821541"
"\core\event\course_viewed","1006","1722821563"
"\core\event\course_viewed","1006","1722821570"
"\core\event\course_viewed","1006","1722821571"
"\core\event\course_viewed","1006","1722821575"
"\core\event\course_viewed","1006","1722821585"
"\core\event\course_viewed","1006","1722821590"
"\gradereport_user\event\grade_report_viewed","1006","1722821616"
"\core\event\user_graded","1006","1722821619"
"\mod_quiz\event\course_module_viewed","1006","1722821716"
"\core\event\course_viewed","1006","1723409666"
"\mod_forum\event\discussion_viewed","1006","1723409673"
"\mod_forum\event\discussion_viewed","1006","1723410317"
"\core\event\course_viewed","1006","1723410332"
"\core\event\course_viewed","1006","1723410355"
"\core\event\course_viewed","1006","1723861327"
"\core\event\course_viewed","1006","1723861329"
"\mod_url\event\course_module_viewed","1006","1723861332"
"\mod_quiz\event\attempt_reviewed","1006","1723861334"
"\mod_quiz\event\attempt_reviewed","1006","1723861351"
"\core\event\course_viewed","1006","1723861398"
"\mod_resource\event\course_module_viewed","1006","1723862123"
"\core\event\course_viewed","1006","1723862141"
"\mod_workshop\event\course_module_viewed","1006","1723862282"
"\core\event\course_viewed","1006","1723862292"
"\core\event\course_viewed","1006","1723862314"
"\core\event\course_viewed","1006","1723862319"
"\core\event\course_viewed","1006","1723862330"
"\core\event\course_viewed","1006","1723862334"
"\core\event\course_viewed","1006","1723862338"
"\mod_resource\event\course_module_viewed","1006","1723862340"
"\core\event\course_viewed","1006","1723862486"
"\core\event\course_viewed","1006","1723862489"
"\core\event\course_viewed","1006","1723862492"
"\core\event\course_viewed","1006","1723862543"
"\core\event\course_viewed","1006","1723862549"
"\mod_workshop\event\course_module_viewed","1006","1723862569"
"\core\event\course_viewed","1006","1723862573"
"\core\event\course_viewed","1006","1723862574"
"\core\event\course_viewed","1006","1723862577"
"\core\event\course_viewed","1006","1723862638"
"\core\event\course_viewed","1006","1723862645"
"\core\event\course_viewed","1006","1723862675"
"\mod_url\event\course_module_viewed","1006","1723862681"
"\core\event\course_viewed","1006","1723862689"
"\mod_quiz\event\course_module_viewed","1006","1723862806"
"\core\event\course_viewed","1006","1723862817"
"\core\event\course_viewed","1006","1723863013"
"\mod_resource\event\course_module_viewed","1006","1723863018"
"\mod_resource\event\course_module_viewed","1006","1723863024"
"\core\event\course_viewed","1006","1723863028"
"\core\event\course_viewed","1006","1723988434"
"\mod_resource\event\course_module_viewed","1006","1723988437"
"\mod_workshop\event\course_module_viewed","1006","1723996204"
"\core\event\course_viewed","1006","1724336583"
"\mod_quiz\event\course_module_viewed","1006","1724336670"
"\mod_quiz\event\attempt_viewed","1006","1724336675"
"\mod_quiz\event\attempt_updated","1006","1724336725"
"\mod_quiz\event\attempt_summary_viewed","1006","1724336727"
"\mod_quiz\event\attempt_submitted","1006","1724336729"
"\core\event\course_viewed","1006","1724338573"
"\core\event\course_viewed","1006","1724338577"
"\core\event\course_viewed","1006","1724442921"
"\core\event\course_viewed","1006","1724442923"
"\mod_resource\event\course_module_viewed","1006","1724442924"
"\mod_workshop\event\course_module_viewed","1006","1724443068"
"\core\event\course_viewed","1006","1724528982"
"\core\event\course_viewed","1006","1724528985"
"\mod_quiz\event\course_module_viewed","1006","1724528991"
"\core\event\course_viewed","1006","1724528998"
"\mod_resource\event\course_module_viewed","1006","1724529011"
"\core\event\course_viewed","1006","1724530651"
"\core\event\course_viewed","1006","1724530654"
"\mod_workshop\event\course_module_viewed","1006","1724530665"
"\mod_workshop\event\submission_assessed","1006","1724530719"
"\mod_workshop\event\course_module_viewed","1006","1724530743"
"\mod_workshop\event\submission_viewed","1006","1724530756"
"\core\event\course_viewed","1006","1724638620"
"\core\event\course_viewed","1006","1724638631"
"\mod_quiz\event\course_module_viewed","1006","1724638633"
"\mod_quiz\event\course_module_viewed","1006","1724638639"
"\mod_quiz\event\attempt_viewed","1006","1724638640"
"\mod_quiz\event\attempt_updated","1006","1724638642"
"\mod_quiz\event\attempt_updated","1006","1724638739"
"\mod_quiz\event\attempt_viewed","1006","1724638740"
"\mod_quiz\event\attempt_viewed","1006","1724638821"
"\mod_quiz\event\attempt_updated","1006","1724638823"
"\mod_quiz\event\attempt_updated","1006","1724638909"
"\mod_quiz\event\attempt_viewed","1006","1724638912"
"\mod_quiz\event\attempt_viewed","1006","1724638913"
"\mod_quiz\event\attempt_viewed","1006","1724638979"
"\mod_quiz\event\attempt_updated","1006","1724639467"
"\mod_quiz\event\attempt_viewed","1006","1724639468"
"\mod_quiz\event\attempt_updated","1006","1724639470"
"\mod_quiz\event\attempt_viewed","1006","1724639471"
"\core\event\course_viewed","1006","1724828209"
"\core\event\course_viewed","1006","1724828210"
"\core\event\course_viewed","1006","1724828216"
"\gradereport_user\event\grade_report_viewed","1006","1724828220"
"\core\event\course_viewed","1006","1724828224"
"\mod_mail\event\course_module_viewed","1006","1724924757"
"\mod_mail\event\course_module_viewed","1006","1724924760"
"\mod_mail\event\message_send","1006","1724924779"
"\mod_mail\event\course_module_viewed","1006","1724924782"
"\mod_mail\event\course_module_viewed","1006","1724924789"
"\mod_mail\event\course_module_viewed","1006","1724924795"
"\mod_mail\event\course_module_viewed","1006","1724924809"
"\mod_mail\event\course_module_viewed","1006","1724924812"
"\mod_mail\event\course_module_viewed","1006","1724924846"
"\core\event\course_viewed","1006","1724978617"
"\mod_workshop\event\course_module_viewed","1006","1724978618"
"\mod_workshop\event\submission_assessed","1006","1724978767"
"\mod_workshop\event\course_module_viewed","1006","1724978817"
"\core\event\course_viewed","1006","1724978932"
"\core\event\course_viewed","1006","1724978939"
"\mod_choice\event\course_module_viewed","1006","1724978941"
"\gradereport_user\event\grade_report_viewed","1006","1724978946"
"\core\event\course_viewed","1006","1724979161"
"\core\event\user_list_viewed","1006","1724979188"
"\core\event\course_viewed","1006","1724979191"
"\mod_resource\event\course_module_viewed","1006","1724979206"
"\core\event\course_viewed","1006","1725604016"
"\mod_workshop\event\course_module_viewed","1006","1725604023"
"\core\event\course_viewed","1006","1725604267"
"\core\event\course_viewed","1006","1725604271"
"\core\event\course_viewed","1006","1725604305"
"\mod_resource\event\course_module_viewed","1006","1725604309"
"\core\event\course_viewed","1006","1725604312"
"\core\event\course_viewed","1006","1725604335"
"\mod_resource\event\course_module_viewed","1006","1725604337"
"\mod_resource\event\course_module_viewed","1006","1725604346"
"\core\event\course_viewed","1006","1725788707"
"\core\event\course_viewed","1006","1725788711"
"\core\event\course_viewed","1006","1725788758"
"\mod_url\event\course_module_viewed","1006","1725788762"
"\core\event\course_viewed","1006","1725790082"
"\core\event\course_viewed","1006","1725790085"
"\core\event\course_viewed","1006","1725790091"
"\core\event\course_viewed","1006","1725790098"
"\core\event\course_viewed","1006","1725790104"
"\mod_resource\event\course_module_viewed","1006","1725790111"
"\mod_url\event\course_module_viewed","1006","1725790116"
"\mod_url\event\course_module_viewed","1006","1725790193"
"\core\event\course_viewed","1006","1725790488"
"\core\event\course_viewed","1006","1725790489"
"\core\event\course_viewed","1006","1725790496"
"\core\event\course_viewed","1006","1725790497"
"\core\event\course_viewed","1006","1725790500"
"\core\event\course_viewed","1006","1725790523"
"\core\event\course_viewed","1006","1725849634"
"\core\event\course_viewed","1006","1725849636"
"\core\event\course_viewed","1006","1725849742"
"\core\event\course_viewed","1006","1725849745"
"\mod_resource\event\course_module_viewed","1006","1725849807"
"\core\event\course_viewed","1006","1725851200"
"\mod_resource\event\course_module_viewed","1006","1725851201"
"\mod_resource\event\course_module_viewed","1006","1725851216"
"\core\event\course_viewed","1006","1725919325"
"\mod_url\event\course_module_viewed","1006","1725919332"
"\mod_workshop\event\course_module_viewed","1006","1725919854"
"\core\event\course_viewed","1006","1725919855"
"\mod_resource\event\course_module_viewed","1006","1725919861"
"\core\event\course_viewed","1006","1725923977"
"\core\event\course_viewed","1006","1725924040"
"\core\event\course_viewed","1006","1725924043"
"\core\event\course_viewed","1006","1725924044"
"\mod_feedback\event\course_module_viewed","1006","1725924050"
"\core\event\course_viewed","1006","1725957762"
"\mod_resource\event\course_module_viewed","1006","1725957767"
"\mod_resource\event\course_module_viewed","1006","1725957812"
"\core\event\course_viewed","1006","1725957819"
"\core\event\course_viewed","1006","1725957822"
"\gradereport_user\event\grade_report_viewed","1006","1725957826"
"\core\event\course_viewed","1006","1725957827"
"\mod_resource\event\course_module_viewed","1006","1725962472"
"\core\event\course_viewed","1006","1725962494"
"\core\event\course_viewed","1006","1725962496"
"\mod_resource\event\course_module_viewed","1006","1725962502"
"\mod_resource\event\course_module_viewed","1006","1725962522"
"\mod_workshop\event\course_module_viewed","1006","1725963117"
"\mod_workshop\event\course_module_viewed","1006","1725963121"
"\core\event\course_viewed","1006","1725963125"
"\core\event\course_viewed","1006","1725963127"
"\core\event\course_viewed","1006","1725963128"
"\core\event\course_viewed","1006","1725963132"
"\core\event\course_viewed","1006","1725963135"
"\core\event\course_viewed","1006","1725963138"
"\core\event\course_viewed","1006","1725963143"
"\core\event\course_viewed","1006","1725963145"
"\mod_resource\event\course_module_viewed","1006","1725963164"
"\core\event\course_viewed","1006","1725963385"
"\mod_workshop\event\course_module_viewed","1006","1725963389"
"\core\event\course_viewed","1006","1725963390"
"\core\event\course_viewed","1006","1725963427"
"\mod_workshop\event\course_module_viewed","1006","1725963433"
"\mod_workshop\event\course_module_viewed","1006","1725963439"
"\core\event\course_viewed","1006","1725963470"
"\mod_resource\event\course_module_viewed","1006","1725963480"
"\core\event\course_viewed","1006","1725963485"
"\core\event\course_viewed","1006","1725963487"
"\core\event\course_viewed","1006","1725963490"
"\core\event\course_viewed","1006","1725963882"
"\core\event\course_viewed","1006","1725963889"
"\mod_resource\event\course_module_viewed","1006","1725963910"
"\core\event\course_viewed","1006","1726115873"
"\mod_choice\event\course_module_viewed","1006","1726115875"
"\core\event\course_viewed","1006","1726115877"
"\mod_resource\event\course_module_viewed","1006","1726237948"
"\core\event\course_viewed","1006","1726237970"
"\mod_resource\event\course_module_viewed","1006","1726237991"
"\core\event\course_viewed","1006","1726238017"
"\mod_resource\event\course_module_viewed","1006","1726238021"
"\core\event\course_viewed","1006","1726238024"
"\core\event\course_viewed","1006","1726238031"
"\core\event\course_viewed","1006","1726238035"
"\mod_forum\event\discussion_viewed","1006","1726238095"
"\core\event\course_viewed","1006","1726467873"
"\core\event\course_viewed","1006","1726467881"
"\core\event\course_viewed","1006","1726467888"
"\mod_quiz\event\course_module_viewed","1006","1726467890"
"\mod_quiz\event\attempt_viewed","1006","1726467897"
"\mod_quiz\event\attempt_updated","1006","1726467901"
"\mod_quiz\event\attempt_viewed","1006","1726467904"
"\mod_quiz\event\attempt_updated","1006","1726467910"
"\mod_quiz\event\attempt_updated","1006","1726467916"
"\mod_quiz\event\attempt_viewed","1006","1726467918"
"\mod_quiz\event\attempt_updated","1006","1726467952"
"\mod_quiz\event\attempt_viewed","1006","1726467981"
"\mod_quiz\event\attempt_updated","1006","1726468145"
"\mod_quiz\event\attempt_viewed","1006","1726468147"
"\mod_quiz\event\attempt_viewed","1006","1726468155"
"\mod_quiz\event\attempt_updated","1006","1726468156"
"\mod_quiz\event\attempt_summary_viewed","1006","1726468158"
"\mod_quiz\event\attempt_submitted","1006","1726468162"
"\core\event\course_viewed","1006","1726471120"
"\core\event\course_viewed","1006","1726471121"
"\mod_resource\event\course_module_viewed","1006","1726471134"
"\core\event\course_viewed","1006","1726471142"
"\mod_resource\event\course_module_viewed","1006","1726471160"
"\mod_workshop\event\submission_assessed","1006","1726471165"
"\mod_workshop\event\course_module_viewed","1006","1726471291"
"\mod_workshop\event\course_module_viewed","1006","1726471320"
"\core\event\course_viewed","1006","1726510744"
"\core\event\course_viewed","1006","1726510748"
"\mod_workshop\event\course_module_viewed","1006","1726510919"
"\core\event\course_viewed","1006","1726514352"
"\core\event\course_viewed","1006","1726514383"
"\mod_resource\event\course_module_viewed","1006","1726514405"
"\mod_resource\event\course_module_viewed","1006","1726514683"
"\core\event\course_viewed","1006","1726514711"
"\core\event\course_viewed","1006","1726514716"
"\mod_workshop\event\course_module_viewed","1006","1726514723"
"\mod_workshop\event\course_module_viewed","1006","1726514748"
"\core\event\course_viewed","1006","1726514767"
"\core\event\course_viewed","1006","1726514770"
"\mod_resource\event\course_module_viewed","1006","1726514774"
"\mod_resource\event\course_module_viewed","1006","1726514779"
"\core\event\course_viewed","1006","1726514786"
"\core\event\course_viewed","1006","1726514789"
"\core\event\course_viewed","1006","1726514792"
"\core\event\course_viewed","1006","1726514793"
"\mod_workshop\event\course_module_viewed","1006","1726514794"
"\core\event\course_viewed","1006","1726514800"
"\mod_resource\event\course_module_viewed","1006","1726514818"
"\core\event\course_viewed","1006","1726524559"
"\core\event\course_viewed","1006","1726524564"
"\core\event\course_viewed","1006","1726524570"
"\core\event\course_viewed","1006","1726524571"
"\core\event\course_viewed","1006","1726555658"
"\mod_resource\event\course_module_viewed","1006","1726555662"
"\core\event\course_viewed","1006","1726564391"
"\core\event\course_viewed","1006","1726564394"
"\core\event\course_viewed","1006","1726564398"
"\core\event\course_viewed","1006","1726564403"
"\core\event\course_viewed","1006","1726564406"
"\core\event\course_viewed","1006","1726564421"
"\core\event\course_viewed","1006","1726564455"
"\core\event\course_viewed","1006","1726564457"
"\core\event\course_viewed","1006","1726564461"
"\gradereport_user\event\grade_report_viewed","1006","1726564470"
"\core\event\course_viewed","1006","1726613336"
"\core\event\course_viewed","1006","1726618041"
"\core\event\course_viewed","1006","1726702719"
"\mod_resource\event\course_module_viewed","1006","1726702725"
"\core\event\course_viewed","1006","1726702732"
"\mod_quiz\event\course_module_viewed","1006","1726702743"
"\core\event\course_viewed","1006","1726702749"
"\core\event\course_viewed","1006","1726702752"
"\mod_resource\event\course_module_viewed","1006","1726704605"
"\core\event\course_viewed","1006","1726704658"
"\core\event\course_viewed","1006","1726704673"
"\core\event\course_viewed","1006","1726704680"
"\mod_resource\event\course_module_viewed","1006","1726704684"
"\mod_resource\event\course_module_viewed","1006","1726704697"
"\core\event\course_viewed","1006","1726704970"
"\mod_url\event\course_module_viewed","1006","1726705056"
"\mod_url\event\course_module_viewed","1006","1726705061"
"\core\event\course_viewed","1006","1726709884"
"\gradereport_user\event\grade_report_viewed","1006","1726709891"
"\gradereport_user\event\grade_report_viewed","1006","1726709895"
"\core\event\course_viewed","1006","1726709912"
"\core\event\course_viewed","1006","1726709915"
"\core\event\course_viewed","1006","1726709917"
"\core\event\course_viewed","1006","1726709920"
"\core\event\course_viewed","1006","1726709942"
"\core\event\course_viewed","1006","1726709945"
"\mod_resource\event\course_module_viewed","1006","1726709952"
"\core\event\course_viewed","1006","1726712744"
"\core\event\course_viewed","1006","1726712747"
"\mod_workshop\event\course_module_viewed","1006","1726712751"
"\mod_workshop\event\submission_assessed","1006","1726713572"
"\mod_workshop\event\course_module_viewed","1006","1727465216"
"\mod_workshop\event\assessable_uploaded","1006","1727465662"
"\mod_workshop\event\submission_updated","1006","1727465663"
"\mod_workshop\event\assessable_uploaded","1006","1727465664"
"\mod_workshop\event\submission_created","1006","1727465666"
"\mod_workshop\event\submission_updated","1006","1727465667"
"\mod_workshop\event\assessable_uploaded","1006","1727465669"
"\core\event\course_viewed","1006","1727468524"
"\core\event\course_viewed","1006","1727468525"
"\core\event\course_viewed","1006","1727468562"
"\mod_quiz\event\course_module_viewed","1006","1727468573"
"\core\event\course_viewed","1006","1727469061"
"\core\event\course_viewed","1006","1727469074"
"\core\event\course_viewed","1006","1727469139"
"\mod_workshop\event\course_module_viewed","1006","1727469143"
"\mod_workshop\event\submission_updated","1006","1727469764"
"\core\event\course_viewed","1006","1727469808"
"\mod_mail\event\course_module_viewed","1006","1727469812"
"\mod_mail\event\message_send","1006","1727469843"
"\mod_mail\event\course_module_viewed","1006","1727469844"
"\mod_mail\event\course_module_viewed","1006","1727469858"
"\mod_mail\event\message_send","1006","1727469862"
"\mod_mail\event\course_module_viewed","1006","1727469866"
"\mod_mail\event\course_module_viewed","1006","1727469877"
"\mod_mail\event\course_module_viewed","1006","1727469897"
"\core\event\course_viewed","1006","1727473190"
"\core\event\course_viewed","1007","1707471517"
"\core\event\course_viewed","1007","1707476251"
"\mod_workshop\event\course_module_viewed","1007","1707476255"
"\mod_workshop\event\course_module_viewed","1007","1707476258"
"\core\event\course_viewed","1007","1707476299"
"\mod_url\event\course_module_viewed","1007","1707476399"
"\mod_quiz\event\attempt_reviewed","1007","1707476400"
"\mod_quiz\event\course_module_viewed","1007","1707476716"
"\core\event\course_viewed","1007","1707476725"
"\mod_workshop\event\course_module_viewed","1007","1707476729"
"\mod_workshop\event\submission_assessed","1007","1707476730"
"\mod_workshop\event\course_module_viewed","1007","1707476732"
"\core\event\course_viewed","1007","1707476738"
"\core\event\course_viewed","1007","1707476753"
"\core\event\course_viewed","1007","1707638894"
"\core\event\course_viewed","1007","1707638899"
"\core\event\course_viewed","1007","1707638901"
"\mod_resource\event\course_module_viewed","1007","1707638909"
"\core\event\course_viewed","1007","1707638972"
"\mod_resource\event\course_module_viewed","1007","1707638973"
"\core\event\course_viewed","1007","1707638974"
"\core\event\course_viewed","1007","1707638985"
"\mod_resource\event\course_module_viewed","1007","1707638988"
"\mod_resource\event\course_module_viewed","1007","1707638995"
"\mod_resource\event\course_module_viewed","1007","1707639005"
"\mod_resource\event\course_module_viewed","1007","1707640921"
"\mod_resource\event\course_module_viewed","1007","1707640922"
"\core\event\course_viewed","1007","1707961846"
"\core\event\course_viewed","1007","1707961848"
"\core\event\course_viewed","1007","1707961855"
"\mod_workshop\event\course_module_viewed","1007","1707961856"
"\core\event\course_viewed","1007","1707961867"
"\gradereport_user\event\grade_report_viewed","1007","1707971000"
"\core\event\course_viewed","1007","1708017125"
"\core\event\course_viewed","1007","1708017127"
"\mod_workshop\event\course_module_viewed","1007","1708017129"
"\mod_workshop\event\course_module_viewed","1007","1708017143"
"\mod_workshop\event\course_module_viewed","1007","1708017162"
"\core\event\course_viewed","1007","1708017171"
"\core\event\course_viewed","1007","1708017172"
"\mod_workshop\event\course_module_viewed","1007","1708017177"
"\mod_workshop\event\course_module_viewed","1007","1708017216"
"\core\event\course_viewed","1007","1708017217"
"\mod_resource\event\course_module_viewed","1007","1708017218"
"\core\event\course_viewed","1007","1708017225"
"\mod_resource\event\course_module_viewed","1007","1708017466"
"\core\event\course_viewed","1007","1708069634"
"\mod_workshop\event\course_module_viewed","1007","1708069639"
"\core\event\course_viewed","1007","1708069667"
"\core\event\course_viewed","1007","1708069670"
"\mod_quiz\event\course_module_viewed","1007","1708069690"
"\core\event\course_viewed","1007","1708069693"
"\mod_workshop\event\course_module_viewed","1007","1708069695"
"\mod_workshop\event\submission_assessed","1007","1708069736"
"\mod_workshop\event\course_module_viewed","1007","1708069737"
"\mod_workshop\event\submission_viewed","1007","1708159939"
"\core\event\course_viewed","1007","1708159960"
"\core\event\course_viewed","1007","1708160014"
"\core\event\course_viewed","1007","1708160016"
"\mod_workshop\event\course_module_viewed","1007","1708160020"
"\core\event\course_viewed","1007","1708160044"
"\core\event\course_viewed","1007","1708160046"
"\core\event\course_viewed","1007","1708160047"
"\core\event\course_viewed","1007","1708160089"
"\core\event\course_viewed","1007","1708160117"
"\mod_url\event\course_module_viewed","1007","1708160119"
"\core\event\course_viewed","1007","1708160121"
"\mod_resource\event\course_module_viewed","1007","1708160124"
"\core\event\course_viewed","1007","1708160538"
"\core\event\course_viewed","1007","1708160547"
"\core\event\course_viewed","1007","1708160551"
"\mod_workshop\event\course_module_viewed","1007","1708160553"
"\core\event\course_viewed","1007","1708160565"
"\core\event\course_viewed","1007","1708204203"
"\core\event\course_viewed","1007","1708204226"
"\core\event\course_viewed","1007","1708204228"
"\core\event\course_viewed","1007","1708204232"
"\core\event\user_list_viewed","1007","1708204376"
"\core\event\course_viewed","1007","1708204378"
"\core\event\course_viewed","1007","1708204381"
"\core\event\course_viewed","1007","1708204391"
"\core\event\course_viewed","1007","1708204401"
"\mod_resource\event\course_module_viewed","1007","1708204412"
"\core\event\course_viewed","1007","1708204447"
"\mod_workshop\event\course_module_viewed","1007","1708262127"
"\core\event\course_viewed","1007","1708262131"
"\mod_resource\event\course_module_viewed","1007","1708262133"
"\core\event\course_viewed","1007","1708262149"
"\core\event\course_viewed","1007","1708262193"
"\core\event\course_viewed","1007","1708262645"
"\mod_workshop\event\course_module_viewed","1007","1708262648"
"\core\event\course_viewed","1007","1708262655"
"\mod_workshop\event\course_module_viewed","1007","1708262656"
"\core\event\course_viewed","1007","1708262685"
"\core\event\course_viewed","1007","1708262689"
"\mod_resource\event\course_module_viewed","1007","1708262695"
"\core\event\course_viewed","1007","1708262712"
"\core\event\course_viewed","1007","1708262714"
"\core\event\course_viewed","1007","1708262736"
"\core\event\course_viewed","1007","1708262738"
"\mod_resource\event\course_module_viewed","1007","1708262741"
"\core\event\course_viewed","1007","1708262748"
"\core\event\course_viewed","1007","1708262749"
"\mod_workshop\event\course_module_viewed","1007","1708262757"
"\core\event\course_viewed","1007","1708263303"
"\mod_resource\event\course_module_viewed","1007","1708263306"
"\mod_url\event\course_module_viewed","1007","1708263313"
"\core\event\course_viewed","1007","1708263315"
"\core\event\course_viewed","1007","1708263319"
"\core\event\course_viewed","1007","1708263450"
"\mod_url\event\course_module_viewed","1007","1708263454"
"\core\event\course_viewed","1007","1708263455"
"\mod_quiz\event\course_module_viewed","1007","1708263461"
"\mod_quiz\event\attempt_reviewed","1007","1708263464"
"\mod_quiz\event\attempt_reviewed","1007","1708263515"
"\core\event\user_graded","1007","1708263520"
"\core\event\course_viewed","1007","1708263556"
"\core\event\course_viewed","1007","1708919783"
"\mod_url\event\course_module_viewed","1007","1708919785"
"\core\event\course_viewed","1007","1708919835"
"\core\event\course_viewed","1007","1708919837"
"\mod_workshop\event\course_module_viewed","1007","1708919878"
"\core\event\course_viewed","1007","1709319221"
"\core\event\course_viewed","1007","1709319222"
"\core\event\course_viewed","1007","1709319225"
"\core\event\course_viewed","1007","1709319229"
"\core\event\course_viewed","1007","1709319231"
"\core\event\course_viewed","1007","1709319232"
"\core\event\course_viewed","1007","1709319235"
"\core\event\course_viewed","1007","1709319246"
"\core\event\course_viewed","1007","1709410590"
"\mod_resource\event\course_module_viewed","1007","1709410592"
"\core\event\course_viewed","1007","1709410594"
"\core\event\course_viewed","1007","1709410598"
"\core\event\course_viewed","1007","1709410602"
"\core\event\course_viewed","1007","1709410614"
"\core\event\course_viewed","1007","1709410619"
"\core\event\course_viewed","1007","1709410620"
"\core\event\course_viewed","1007","1709410632"
"\core\event\course_viewed","1007","1709531182"
"\core\event\course_viewed","1007","1709531186"
"\mod_resource\event\course_module_viewed","1007","1709531203"
"\mod_resource\event\course_module_viewed","1007","1709531223"
"\core\event\course_viewed","1007","1709531228"
"\core\event\course_viewed","1007","1709531229"
"\mod_resource\event\course_module_viewed","1007","1709531230"
"\core\event\course_viewed","1007","1709532121"
"\core\event\course_viewed","1007","1709532130"
"\core\event\course_viewed","1007","1709532131"
"\mod_workshop\event\course_module_viewed","1007","1709532139"
"\core\event\course_viewed","1007","1709654015"
"\core\event\course_viewed","1007","1709654123"
"\core\event\course_viewed","1007","1709654132"
"\mod_workshop\event\course_module_viewed","1007","1709654138"
"\mod_workshop\event\submission_viewed","1007","1709654140"
"\mod_workshop\event\submission_viewed","1007","1709654143"
"\mod_workshop\event\submission_viewed","1007","1709654161"
"\mod_choicegroup\event\course_module_viewed","1007","1709654166"
"\core\event\course_viewed","1007","1709749944"
"\mod_workshop\event\course_module_viewed","1007","1709749966"
"\core\event\course_viewed","1007","1709858246"
"\core\event\course_viewed","1007","1709858251"
"\core\event\course_viewed","1007","1709858255"
"\mod_url\event\course_module_viewed","1007","1709858265"
"\core\event\course_viewed","1007","1709858293"
"\core\event\course_viewed","1007","1709859863"
"\core\event\course_viewed","1007","1709859867"
"\mod_resource\event\course_module_viewed","1007","1709860516"
"\mod_resource\event\course_module_viewed","1007","1709860593"
"\mod_resource\event\course_module_viewed","1007","1709860807"
"\mod_workshop\event\submission_assessed","1007","1709861136"
"\mod_workshop\event\course_module_viewed","1007","1709861138"
"\mod_workshop\event\submission_assessed","1007","1709861258"
"\mod_workshop\event\course_module_viewed","1007","1709861259"
"\core\event\course_viewed","1007","1709861265"
"\core\event\course_viewed","1007","1709861268"
"\core\event\course_viewed","1007","1709861270"
"\core\event\course_viewed","1007","1709861302"
"\core\event\course_viewed","1007","1709861303"
"\mod_workshop\event\course_module_viewed","1007","1709861441"
"\core\event\course_viewed","1007","1709864550"
"\core\event\course_viewed","1007","1709864552"
"\mod_workshop\event\course_module_viewed","1007","1709864556"
"\core\event\user_profile_viewed","1007","1709864572"
"\core\event\user_profile_viewed","1007","1709864590"
"\core\event\course_viewed","1007","1709864608"
"\core\event\course_viewed","1007","1709864613"
"\core\event\course_viewed","1007","1709976934"
"\core\event\user_list_viewed","1007","1709976938"
"\mod_workshop\event\submission_created","1007","1709976941"
"\core\event\course_viewed","1007","1709977120"
"\mod_workshop\event\course_module_viewed","1007","1709977128"
"\core\event\user_profile_viewed","1007","1709977668"
"\core\event\course_viewed","1007","1710888974"
"\core\event\course_viewed","1007","1710888975"
"\mod_workshop\event\course_module_viewed","1007","1710888980"
"\core\event\course_viewed","1007","1710888981"
"\core\event\course_viewed","1007","1710936759"
"\core\event\course_viewed","1007","1710936772"
"\core\event\course_viewed","1007","1710936777"
"\core\event\course_viewed","1007","1710936779"
"\core\event\course_viewed","1007","1711254597"
"\core\event\course_viewed","1007","1711254619"
"\mod_workshop\event\course_module_viewed","1007","1711254623"
"\mod_workshop\event\submission_assessed","1007","1711254627"
"\mod_workshop\event\submission_assessed","1007","1711254630"
"\mod_workshop\event\submission_reassessed","1007","1711254634"
"\mod_workshop\event\course_module_viewed","1007","1711254635"
"\mod_workshop\event\submission_updated","1007","1711254784"
"\core\event\course_viewed","1007","1711254792"
"\core\event\course_viewed","1007","1711254793"
"\mod_workshop\event\course_module_viewed","1007","1711254797"
"\core\event\course_viewed","1007","1711254801"
"\core\event\course_viewed","1007","1712013489"
"\mod_choicegroup\event\course_module_viewed","1007","1712013826"
"\mod_choicegroup\event\course_module_viewed","1007","1712013827"
"\mod_choicegroup\event\course_module_viewed","1007","1712013829"
"\core\event\course_viewed","1007","1712013834"
"\core\event\course_viewed","1007","1712013840"
"\mod_workshop\event\course_module_viewed","1007","1712013842"
"\core\event\course_viewed","1007","1712014064"
"\mod_forum\event\discussion_viewed","1007","1712014072"
"\core\event\course_viewed","1007","1712014170"
"\core\event\course_viewed","1007","1712014172"
"\core\event\course_viewed","1007","1712014173"
"\mod_workshop\event\course_module_viewed","1007","1712014176"
"\core\event\course_viewed","1007","1712014182"
"\core\event\course_viewed","1007","1712014186"
"\core\event\course_viewed","1007","1712014454"
"\gradereport_user\event\grade_report_viewed","1007","1712139105"
"\core\event\course_viewed","1007","1712139110"
"\core\event\course_viewed","1007","1712139111"
"\core\event\course_viewed","1007","1712139120"
"\mod_workshop\event\course_module_viewed","1007","1712174515"
"\mod_workshop\event\submission_viewed","1007","1712174834"
"\mod_workshop\event\submission_assessed","1007","1712175869"
"\mod_workshop\event\submission_assessed","1007","1712175923"
"\mod_workshop\event\course_module_viewed","1007","1712175925"
"\core\event\course_viewed","1007","1712176190"
"\core\event\course_viewed","1007","1712176192"
"\core\event\course_viewed","1007","1712720559"
"\mod_resource\event\course_module_viewed","1007","1712721187"
"\mod_forum\event\discussion_viewed","1007","1712721188"
"\mod_workshop\event\course_module_viewed","1007","1712721193"
"\mod_workshop\event\assessable_uploaded","1007","1712721547"
"\mod_workshop\event\submission_created","1007","1712721548"
"\mod_workshop\event\submission_updated","1007","1712721650"
"\mod_workshop\event\submission_created","1007","1712721651"
"\core\event\course_viewed","1007","1712918559"
"\core\event\course_viewed","1007","1712918565"
"\core\event\course_viewed","1007","1712920468"
"\core\event\course_viewed","1007","1712920469"
"\mod_resource\event\course_module_viewed","1007","1712920476"
"\core\event\course_viewed","1007","1712920478"
"\core\event\course_viewed","1007","1712920479"
"\core\event\course_viewed","1007","1712920519"
"\mod_workshop\event\course_module_viewed","1007","1712920651"
"\core\event\course_viewed","1007","1712981470"
"\mod_workshop\event\course_module_viewed","1007","1712981473"
"\mod_workshop\event\submission_viewed","1007","1712981476"
"\mod_workshop\event\submission_viewed","1007","1712981478"
"\core\event\course_viewed","1007","1712981521"
"\core\event\course_viewed","1007","1712981522"
"\mod_workshop\event\course_module_viewed","1007","1712981525"
"\core\event\course_viewed","1007","1712983910"
"\core\event\course_viewed","1007","1712983915"
"\core\event\course_viewed","1007","1712983916"
"\mod_url\event\course_module_viewed","1007","1712983919"
"\mod_resource\event\course_module_viewed","1007","1712986010"
"\core\event\course_viewed","1007","1712986028"
"\gradereport_user\event\grade_report_viewed","1007","1712986047"
"\core\event\course_viewed","1007","1712986052"
"\core\event\course_viewed","1007","1712986059"
"\core\event\course_viewed","1007","1712986065"
"\core\event\course_viewed","1007","1712986067"
"\core\event\course_viewed","1007","1712986071"
"\core\event\course_viewed","1007","1712986074"
"\core\event\course_viewed","1007","1713024937"
"\mod_resource\event\course_module_viewed","1007","1713024967"
"\core\event\course_viewed","1007","1713025078"
"\mod_choicegroup\event\course_module_viewed","1007","1713025079"
"\mod_choicegroup\event\course_module_viewed","1007","1713025096"
"\mod_choicegroup\event\course_module_viewed","1007","1713025134"
"\mod_choicegroup\event\course_module_viewed","1007","1713025140"
"\mod_choicegroup\event\course_module_viewed","1007","1713025141"
"\mod_choicegroup\event\course_module_viewed","1007","1713025154"
"\mod_choicegroup\event\course_module_viewed","1007","1713025155"
"\mod_choicegroup\event\course_module_viewed","1007","1713025156"
"\mod_choicegroup\event\course_module_viewed","1007","1713025162"
"\core\event\course_viewed","1007","1713025165"
"\mod_workshop\event\course_module_viewed","1007","1713025169"
"\core\event\course_viewed","1007","1713058035"
"\core\event\course_viewed","1007","1713058037"
"\mod_resource\event\course_module_viewed","1007","1713058040"
"\core\event\course_viewed","1007","1713058041"
"\core\event\course_viewed","1007","1713058043"
"\mod_quiz\event\course_module_viewed","1007","1713058049"
"\mod_quiz\event\attempt_viewed","1007","1713058050"
"\mod_quiz\event\attempt_updated","1007","1713058053"
"\mod_quiz\event\attempt_submitted","1007","1713058057"
"\core\event\user_graded","1007","1713058060"
"\mod_quiz\event\attempt_submitted","1007","1713058202"
"\mod_quiz\event\course_module_viewed","1007","1713058205"
"\mod_quiz\event\course_module_viewed","1007","1713058216"
"\core\event\course_viewed","1007","1713097608"
"\core\event\course_viewed","1007","1713097609"
"\mod_resource\event\course_module_viewed","1007","1713097610"
"\core\event\course_viewed","1007","1713104053"
"\core\event\course_viewed","1007","1713104058"
"\core\event\course_viewed","1007","1713104060"
"\mod_workshop\event\course_module_viewed","1007","1713104065"
"\core\event\course_viewed","1007","1713104198"
"\core\event\course_viewed","1007","1713104201"
"\core\event\course_viewed","1007","1713104220"
"\core\event\course_viewed","1007","1713109859"
"\core\event\course_viewed","1007","1713109860"
"\core\event\course_viewed","1007","1713109863"
"\mod_resource\event\course_module_viewed","1007","1713109867"
"\core\event\course_viewed","1007","1713109869"
"\core\event\course_viewed","1007","1713205369"
"\core\event\course_viewed","1007","1713205373"
"\core\event\course_viewed","1007","1713205377"
"\mod_resource\event\course_module_viewed","1007","1713205490"
"\mod_workshop\event\submission_assessed","1007","1713205872"
"\mod_workshop\event\submission_assessed","1007","1713205948"
"\core\event\course_viewed","1007","1713205961"
"\core\event\course_viewed","1007","1713205964"
"\mod_resource\event\course_module_viewed","1007","1713205970"
"\core\event\course_viewed","1007","1713205972"
"\core\event\course_viewed","1007","1713206000"
"\mod_workshop\event\course_module_viewed","1007","1713206002"
"\core\event\course_viewed","1007","1713206010"
"\core\event\course_viewed","1007","1713206522"
"\mod_forum\event\course_module_viewed","1007","1713206535"
"\core\event\course_viewed","1007","1713206536"
"\core\event\course_viewed","1007","1713206573"
"\mod_workshop\event\course_module_viewed","1007","1713206653"
"\core\event\course_viewed","1007","1713286081"
"\mod_workshop\event\course_module_viewed","1007","1713286085"
"\core\event\course_viewed","1007","1713286560"
"\mod_workshop\event\course_module_viewed","1007","1713286565"
"\core\event\course_viewed","1007","1713286592"
"\mod_resource\event\course_module_viewed","1007","1713286595"
"\mod_resource\event\course_module_viewed","1007","1713286615"
"\mod_resource\event\course_module_viewed","1007","1713287515"
"\core\event\course_viewed","1007","1713288407"
"\mod_workshop\event\course_module_viewed","1007","1713288411"
"\mod_workshop\event\course_module_viewed","1007","1713288458"
"\core\event\course_viewed","1007","1713288755"
"\core\event\course_viewed","1007","1713288763"
"\core\event\course_viewed","1007","1713288766"
"\mod_resource\event\course_module_viewed","1007","1713288769"
"\core\event\course_viewed","1007","1713551298"
"\mod_resource\event\course_module_viewed","1007","1713551302"
"\core\event\course_viewed","1007","1713551304"
"\core\event\course_viewed","1007","1713551305"
"\core\event\course_viewed","1007","1713551308"
"\core\event\course_viewed","1007","1713551309"
"\core\event\course_viewed","1007","1714295447"
"\mod_workshop\event\course_module_viewed","1007","1714295451"
"\mod_workshop\event\submission_assessed","1007","1714295831"
"\mod_workshop\event\submission_assessed","1007","1714297054"
"\mod_workshop\event\submission_viewed","1007","1714297058"
"\core\event\course_viewed","1007","1714358125"
"\core\event\course_viewed","1007","1714358129"
"\core\event\course_viewed","1007","1714358134"
"\core\event\course_viewed","1007","1714358150"
"\core\event\course_viewed","1007","1714358154"
"\mod_resource\event\course_module_viewed","1007","1714358157"
"\core\event\course_viewed","1007","1714359134"
"\core\event\course_viewed","1007","1714359136"
"\core\event\course_viewed","1007","1714359290"
"\core\event\course_viewed","1007","1714359292"
"\core\event\course_viewed","1007","1714359296"
"\core\event\course_viewed","1007","1714359299"
"\core\event\course_viewed","1007","1714362675"
"\mod_workshop\event\course_module_viewed","1007","1714362678"
"\mod_workshop\event\assessable_uploaded","1007","1714362700"
"\mod_workshop\event\submission_viewed","1007","1714362701"
"\core\event\course_viewed","1007","1714362706"
"\mod_resource\event\course_module_viewed","1007","1714362709"
"\core\event\course_viewed","1007","1714362786"
"\mod_resource\event\course_module_viewed","1007","1714362789"
"\mod_url\event\course_module_viewed","1007","1714362834"
"\core\event\course_viewed","1007","1714362859"
"\core\event\course_viewed","1007","1714362864"
"\core\event\course_viewed","1007","1714362867"
"\core\event\course_viewed","1007","1714362872"
"\mod_resource\event\course_module_viewed","1007","1714362893"
"\core\event\course_viewed","1007","1714363572"
"\core\event\course_viewed","1007","1714363574"
"\core\event\course_viewed","1007","1714363594"
"\core\event\course_viewed","1007","1714364221"
"\mod_resource\event\course_module_viewed","1007","1714364225"
"\core\event\course_viewed","1007","1714364228"
"\mod_workshop\event\course_module_viewed","1007","1714364230"
"\core\event\course_viewed","1007","1714364240"
"\core\event\course_viewed","1007","1714364257"
"\mod_resource\event\course_module_viewed","1007","1714364259"
"\mod_resource\event\course_module_viewed","1007","1714364269"
"\mod_resource\event\course_module_viewed","1007","1714364275"
"\core\event\course_viewed","1007","1714364305"
"\mod_workshop\event\course_module_viewed","1007","1714364308"
"\core\event\course_viewed","1007","1714364312"
"\mod_resource\event\course_module_viewed","1007","1714364348"
"\core\event\course_viewed","1007","1714446034"
"\core\event\course_viewed","1007","1714446036"
"\core\event\course_viewed","1007","1714446037"
"\mod_workshop\event\course_module_viewed","1007","1714446041"
"\mod_workshop\event\submission_viewed","1007","1714446052"
"\core\event\course_viewed","1007","1714446054"
"\core\event\course_viewed","1007","1714446057"
"\core\event\course_viewed","1007","1714446059"
"\core\event\course_viewed","1007","1714446733"
"\mod_resource\event\course_module_viewed","1007","1714446734"
"\core\event\course_viewed","1007","1714449889"
"\core\event\course_viewed","1007","1714948557"
"\core\event\course_viewed","1007","1714948563"
"\core\event\course_viewed","1007","1714948576"
"\core\event\course_viewed","1007","1714948579"
"\core\event\course_viewed","1007","1714948581"
"\core\event\course_viewed","1007","1714948584"
"\mod_workshop\event\course_module_viewed","1007","1714948588"
"\core\event\course_viewed","1007","1714999283"
"\core\event\course_viewed","1007","1714999287"
"\core\event\course_viewed","1007","1714999304"
"\core\event\course_viewed","1007","1714999306"
"\core\event\course_viewed","1007","1714999360"
"\core\event\course_viewed","1007","1715235850"
"\core\event\course_viewed","1007","1715235861"
"\core\event\course_viewed","1007","1715235863"
"\core\event\course_viewed","1007","1715235865"
"\core\event\course_viewed","1007","1715236648"
"\core\event\course_viewed","1007","1715719966"
"\core\event\course_viewed","1007","1715719970"
"\core\event\course_viewed","1007","1715719974"
"\core\event\course_viewed","1007","1715719976"
"\gradereport_user\event\grade_report_viewed","1007","1715719981"
"\core\event\course_viewed","1007","1715721367"
"\core\event\course_viewed","1007","1715727826"
"\core\event\course_viewed","1007","1715727828"
"\core\event\course_viewed","1007","1715727853"
"\core\event\course_viewed","1007","1715727855"
"\core\event\course_viewed","1007","1715727861"
"\core\event\course_viewed","1007","1715727866"
"\gradereport_user\event\grade_report_viewed","1007","1715727869"
"\mod_workshop\event\course_module_viewed","1007","1715727874"
"\core\event\course_viewed","1007","1715727899"
"\core\event\course_viewed","1007","1715727902"
"\core\event\course_viewed","1007","1715727905"
"\core\event\course_viewed","1007","1715727908"
"\core\event\course_viewed","1007","1715728753"
"\core\event\course_viewed","1007","1715728755"
"\mod_resource\event\course_module_viewed","1007","1715728785"
"\core\event\course_viewed","1007","1715728832"
"\core\event\course_viewed","1007","1715728835"
"\gradereport_user\event\grade_report_viewed","1007","1715728837"
"\core\event\course_viewed","1007","1715728840"
"\gradereport_user\event\grade_report_viewed","1007","1715728843"
"\gradereport_user\event\grade_report_viewed","1007","1715730847"
"\gradereport_user\event\grade_report_viewed","1007","1715730886"
"\mod_workshop\event\course_module_viewed","1007","1715730905"
"\mod_workshop\event\submission_assessed","1007","1715732705"
"\core\event\course_viewed","1007","1715808284"
"\core\event\course_viewed","1007","1715808296"
"\core\event\course_viewed","1007","1715808299"
"\mod_quiz\event\course_module_viewed","1007","1715808302"
"\core\event\course_viewed","1007","1715808303"
"\core\event\course_viewed","1007","1715896521"
"\core\event\course_viewed","1007","1715896524"
"\core\event\course_viewed","1007","1715896525"
"\core\event\course_viewed","1007","1715896535"
"\mod_resource\event\course_module_viewed","1007","1715896539"
"\core\event\course_viewed","1007","1715896581"
"\mod_url\event\course_module_viewed","1007","1715896582"
"\core\event\course_viewed","1007","1715896592"
"\core\event\course_viewed","1007","1715971823"
"\core\event\course_viewed","1007","1715971829"
"\core\event\course_viewed","1007","1715971830"
"\mod_quiz\event\course_module_viewed","1007","1715971840"
"\mod_mail\event\course_module_viewed","1007","1715971842"
"\mod_mail\event\course_module_viewed","1007","1715971846"
"\mod_mail\event\course_module_viewed","1007","1715971849"
"\mod_mail\event\course_module_viewed","1007","1715971856"
"\mod_mail\event\course_module_viewed","1007","1715971860"
"\core\event\course_viewed","1007","1716003530"
"\core\event\course_viewed","1007","1716003535"
"\core\event\course_viewed","1007","1716003541"
"\mod_workshop\event\course_module_viewed","1007","1716003543"
"\mod_workshop\event\assessable_uploaded","1007","1716005305"
"\mod_workshop\event\submission_updated","1007","1716005306"
"\mod_workshop\event\assessable_uploaded","1007","1716005312"
"\core\event\course_viewed","1007","1716005322"
"\mod_workshop\event\course_module_viewed","1007","1716005327"
"\core\event\course_viewed","1007","1716005708"
"\core\event\course_viewed","1007","1716005712"
"\core\event\course_viewed","1007","1716061546"
"\core\event\course_viewed","1007","1716061552"
"\core\event\course_viewed","1007","1716061557"
"\mod_workshop\event\course_module_viewed","1007","1716061563"
"\mod_workshop\event\submission_viewed","1007","1716061564"
"\core\event\course_viewed","1007","1716061579"
"\core\event\course_viewed","1007","1716061580"
"\core\event\course_viewed","1007","1716061584"
"\core\event\course_viewed","1007","1716061587"
"\core\event\course_viewed","1007","1716061610"
"\core\event\course_viewed","1007","1716061611"
"\core\event\course_viewed","1007","1716061613"
"\core\event\course_viewed","1007","1716061617"
"\core\event\course_viewed","1007","1716061623"
"\core\event\course_viewed","1007","1716157668"
"\core\event\course_viewed","1007","1716157672"
"\core\event\course_viewed","1007","1716157673"
"\core\event\course_viewed","1007","1716277668"
"\core\event\course_viewed","1007","1716277671"
"\mod_resource\event\course_module_viewed","1007","1716277674"
"\mod_workshop\event\course_module_viewed","1007","1716277675"
"\core\event\course_viewed","1007","1716278404"
"\mod_resource\event\course_module_viewed","1007","1716278409"
"\core\event\course_viewed","1007","1716278467"
"\mod_workshop\event\course_module_viewed","1007","1716278471"
"\core\event\course_viewed","1007","1716282115"
"\mod_workshop\event\course_module_viewed","1007","1716282119"
"\core\event\course_viewed","1007","1716282162"
"\mod_workshop\event\course_module_viewed","1007","1716282163"
"\core\event\course_viewed","1007","1716282173"
"\core\event\course_viewed","1007","1716282177"
"\mod_workshop\event\course_module_viewed","1007","1716282185"
"\core\event\course_viewed","1007","1716282187"
"\core\event\course_viewed","1007","1716282191"
"\core\event\course_viewed","1007","1716282193"
"\mod_resource\event\course_module_viewed","1007","1716282253"
"\mod_resource\event\course_module_viewed","1007","1716282255"
"\mod_resource\event\course_module_viewed","1007","1716282257"
"\core\event\course_viewed","1007","1716282757"
"\core\event\course_viewed","1007","1716283102"
"\mod_choicegroup\event\course_module_viewed","1007","1716283103"
"\mod_choicegroup\event\course_module_viewed","1007","1716284032"
"\mod_choicegroup\event\course_module_viewed","1007","1716284043"
"\mod_choicegroup\event\course_module_viewed","1007","1716284831"
"\core\event\course_viewed","1007","1716284836"
"\mod_resource\event\course_module_viewed","1007","1716284837"
"\core\event\course_viewed","1007","1716284838"
"\core\event\course_viewed","1007","1716284839"
"\core\event\course_viewed","1007","1716284841"
"\core\event\course_viewed","1007","1716284844"
"\gradereport_user\event\grade_report_viewed","1007","1716284847"
"\gradereport_user\event\grade_report_viewed","1007","1716284848"
"\core\event\course_viewed","1007","1716366988"
"\core\event\course_viewed","1007","1716367001"
"\core\event\course_viewed","1007","1716367003"
"\core\event\course_viewed","1007","1716372269"
"\core\event\course_viewed","1007","1716372271"
"\core\event\course_viewed","1007","1716372276"
"\core\event\course_viewed","1007","1716372278"
"\core\event\course_viewed","1007","1716372281"
"\core\event\course_viewed","1007","1716372290"
"\core\event\course_viewed","1007","1716372294"
"\gradereport_user\event\grade_report_viewed","1007","1716372302"
"\gradereport_user\event\grade_report_viewed","1007","1716372338"
"\mod_resource\event\course_module_viewed","1007","1716372340"
"\core\event\course_viewed","1007","1716374189"
"\core\event\course_viewed","1007","1716848236"
"\mod_url\event\course_module_viewed","1007","1716848237"
"\core\event\course_viewed","1007","1716848387"
"\core\event\course_viewed","1007","1716848389"
"\mod_resource\event\course_module_viewed","1007","1716848405"
"\core\event\course_viewed","1007","1716848534"
"\mod_resource\event\course_module_viewed","1007","1716848540"
"\core\event\course_viewed","1007","1716848542"
"\core\event\course_viewed","1007","1716848562"
"\core\event\course_viewed","1007","1716848564"
"\mod_resource\event\course_module_viewed","1007","1716848568"
"\core\event\course_viewed","1007","1716848587"
"\core\event\course_viewed","1007","1716848588"
"\core\event\course_viewed","1007","1716913927"
"\core\event\course_viewed","1007","1716913936"
"\mod_workshop\event\course_module_viewed","1007","1716913939"
"\core\event\course_viewed","1007","1716917433"
"\core\event\course_viewed","1007","1716917435"
"\core\event\course_viewed","1007","1716958167"
"\core\event\course_viewed","1007","1716958174"
"\core\event\course_viewed","1007","1716958209"
"\mod_workshop\event\course_module_viewed","1007","1716958212"
"\core\event\course_viewed","1007","1716958215"
"\core\event\course_viewed","1007","1716958217"
"\mod_resource\event\course_module_viewed","1007","1716958220"
"\core\event\course_viewed","1007","1716958221"
"\gradereport_user\event\grade_report_viewed","1007","1716958599"
"\core\event\course_viewed","1007","1717449817"
"\core\event\course_viewed","1007","1717449820"
"\core\event\course_viewed","1007","1717449828"
"\core\event\course_viewed","1007","1717449923"
"\core\event\course_viewed","1007","1717449927"
"\core\event\course_viewed","1007","1717449930"
"\core\event\course_viewed","1007","1717449941"
"\core\event\course_viewed","1007","1717449945"
"\core\event\course_viewed","1007","1717450780"
"\core\event\course_viewed","1007","1717450791"
"\core\event\course_viewed","1007","1717450793"
"\core\event\course_viewed","1007","1717750593"
"\core\event\course_viewed","1007","1717760225"
"\core\event\course_viewed","1007","1717760238"
"\core\event\course_viewed","1007","1717760241"
"\core\event\course_viewed","1007","1717760260"
"\core\event\course_viewed","1007","1717760268"
"\core\event\course_viewed","1007","1717855939"
"\core\event\course_viewed","1007","1717855943"
"\mod_resource\event\course_module_viewed","1007","1717855948"
"\core\event\course_viewed","1007","1717855953"
"\core\event\course_viewed","1007","1717855955"
"\core\event\course_viewed","1007","1717855959"
"\mod_workshop\event\course_module_viewed","1007","1717855969"
"\mod_workshop\event\submission_created","1007","1717856211"
"\mod_workshop\event\submission_updated","1007","1717856213"
"\mod_workshop\event\assessable_uploaded","1007","1717856218"
"\mod_workshop\event\course_module_viewed","1007","1717856288"
"\core\event\course_viewed","1007","1717856296"
"\core\event\course_viewed","1007","1717856400"
"\core\event\course_viewed","1007","1717856401"
"\core\event\course_viewed","1007","1717856416"
"\core\event\course_viewed","1007","1717856437"
"\core\event\course_viewed","1007","1717856441"
"\core\event\course_viewed","1007","1717856446"
"\core\event\course_viewed","1007","1717856449"
"\core\event\course_viewed","1007","1717856453"
"\mod_quiz\event\course_module_viewed","1007","1717856457"
"\mod_quiz\event\attempt_reviewed","1007","1717856464"
"\mod_quiz\event\attempt_reviewed","1007","1717856465"
"\core\event\user_graded","1007","1717856469"
"\mod_quiz\event\attempt_reviewed","1007","1717856470"
"\core\event\course_viewed","1007","1717856473"
"\core\event\course_viewed","1007","1717856487"
"\mod_resource\event\course_module_viewed","1007","1717856527"
"\core\event\course_viewed","1007","1717860571"
"\core\event\course_viewed","1007","1717860580"
"\core\event\course_viewed","1007","1717860582"
"\mod_workshop\event\course_module_viewed","1007","1717860587"
"\core\event\course_viewed","1007","1717887627"
"\core\event\course_viewed","1007","1717887694"
"\core\event\course_viewed","1007","1717887697"
"\core\event\course_viewed","1007","1717887699"
"\core\event\course_viewed","1007","1717887702"
"\core\event\course_viewed","1007","1717887706"
"\core\event\course_viewed","1007","1717982541"
"\core\event\course_viewed","1007","1717982543"
"\mod_workshop\event\course_module_viewed","1007","1717982544"
"\core\event\user_profile_viewed","1007","1717982552"
"\core\event\user_profile_viewed","1007","1717982553"
"\mod_workshop\event\submission_viewed","1007","1717982558"
"\mod_workshop\event\assessable_uploaded","1007","1717982559"
"\core\event\course_viewed","1007","1718041069"
"\core\event\course_viewed","1007","1718041088"
"\mod_resource\event\course_module_viewed","1007","1718041107"
"\core\event\course_viewed","1007","1718041119"
"\core\event\course_viewed","1007","1718094310"
"\core\event\course_viewed","1007","1718094314"
"\mod_resource\event\course_module_viewed","1007","1718094316"
"\core\event\course_viewed","1007","1718095954"
"\core\event\course_viewed","1007","1718302512"
"\mod_resource\event\course_module_viewed","1007","1718302515"
"\core\event\course_viewed","1007","1718307511"
"\core\event\course_viewed","1007","1718703345"
"\core\event\course_viewed","1007","1718703347"
"\mod_workshop\event\course_module_viewed","1007","1718703395"
"\core\event\course_viewed","1007","1718703400"
"\core\event\course_viewed","1007","1718703401"
"\core\event\course_viewed","1007","1718703471"
"\core\event\course_viewed","1007","1718703473"
"\core\event\course_viewed","1007","1719113073"
"\core\event\course_viewed","1007","1719113074"
"\mod_resource\event\course_module_viewed","1007","1719113078"
"\mod_url\event\course_module_viewed","1007","1719113164"
"\core\event\course_viewed","1007","1719113176"
"\mod_url\event\course_module_viewed","1007","1719113178"
"\core\event\course_viewed","1007","1719113295"
"\core\event\course_viewed","1007","1719113304"
"\mod_url\event\course_module_viewed","1007","1719113307"
"\mod_workshop\event\submission_viewed","1007","1719114508"
"\mod_workshop\event\submission_created","1007","1719114509"
"\mod_workshop\event\submission_updated","1007","1719114533"
"\mod_workshop\event\assessable_uploaded","1007","1719114534"
"\mod_workshop\event\submission_updated","1007","1719114535"
"\mod_workshop\event\submission_viewed","1007","1719114536"
"\mod_workshop\event\assessable_uploaded","1007","1719114542"
"\mod_workshop\event\submission_created","1007","1719114543"
"\mod_workshop\event\assessable_uploaded","1007","1719114544"
"\mod_workshop\event\submission_viewed","1007","1719114546"
"\core\event\course_viewed","1007","1719118769"
"\mod_resource\event\course_module_viewed","1007","1719118917"
"\core\event\course_viewed","1007","1719119221"
"\mod_url\event\course_module_viewed","1007","1719119224"
"\mod_resource\event\course_module_viewed","1007","1719119482"
"\mod_workshop\event\submission_viewed","1007","1719119518"
"\core\event\course_viewed","1007","1719119528"
"\core\event\course_viewed","1007","1719119530"
"\core\event\course_viewed","1007","1719119536"
"\mod_forum\event\course_module_viewed","1007","1719122264"
"\core\event\course_viewed","1007","1719122269"
"\mod_resource\event\course_module_viewed","1007","1719122274"
"\core\event\course_viewed","1007","1719122286"
"\core\event\course_viewed","1007","1719122290"
"\core\event\course_viewed","1007","1719200034"
"\core\event\course_viewed","1007","1719200039"
"\mod_workshop\event\course_module_viewed","1007","1719200053"
"\mod_workshop\event\submission_viewed","1007","1719205419"
"\mod_workshop\event\submission_viewed","1007","1719205420"
"\mod_workshop\event\submission_created","1007","1719205426"
"\core\event\course_viewed","1007","1719206019"
"\core\event\course_viewed","1007","1719206022"
"\mod_workshop\event\course_module_viewed","1007","1719206025"
"\core\event\course_viewed","1007","1719206026"
"\core\event\course_viewed","1007","1719206031"
"\mod_workshop\event\course_module_viewed","1007","1719206034"
"\core\event\course_viewed","1007","1719206035"
"\core\event\course_viewed","1007","1719247380"
"\core\event\course_viewed","1007","1719247382"
"\core\event\course_viewed","1007","1719250473"
"\core\event\course_viewed","1007","1719250474"
"\mod_resource\event\course_module_viewed","1007","1719250478"
"\mod_resource\event\course_module_viewed","1007","1719250647"
"\mod_resource\event\course_module_viewed","1007","1719250774"
"\core\event\course_viewed","1007","1719250821"
"\mod_workshop\event\course_module_viewed","1007","1719250823"
"\mod_workshop\event\submission_viewed","1007","1719250831"
"\core\event\course_viewed","1007","1719250841"
"\core\event\course_viewed","1007","1719451352"
"\core\event\course_viewed","1007","1719451354"
"\mod_resource\event\course_module_viewed","1007","1719451356"
"\mod_resource\event\course_module_viewed","1007","1719451375"
"\core\event\course_viewed","1007","1719452905"
"\mod_resource\event\course_module_viewed","1007","1719452909"
"\core\event\course_viewed","1007","1719453610"
"\core\event\course_viewed","1007","1719598994"
"\mod_workshop\event\course_module_viewed","1007","1719598998"
"\core\event\course_viewed","1007","1719599000"
"\core\event\course_viewed","1007","1719599003"
"\core\event\course_viewed","1007","1719599012"
"\core\event\course_viewed","1007","1719599020"
"\core\event\course_viewed","1007","1719599026"
"\core\event\course_viewed","1007","1719623751"
"\mod_forum\event\course_module_viewed","1007","1719623752"
"\mod_forum\event\discussion_viewed","1007","1719623753"
"\core\event\course_viewed","1007","1719623755"
"\core\event\course_viewed","1007","1719623756"
"\core\event\course_viewed","1007","1719907732"
"\core\event\course_viewed","1007","1719908329"
"\core\event\course_viewed","1007","1719908343"
"\core\event\course_viewed","1007","1719908345"
"\core\event\course_viewed","1007","1719908362"
"\mod_resource\event\course_module_viewed","1007","1719908419"
"\mod_quiz\event\attempt_autosaved","1007","1719908785"
"\mod_quiz\event\attempt_viewed","1007","1719908798"
"\mod_quiz\event\attempt_summary_viewed","1007","1719908809"
"\mod_quiz\event\attempt_submitted","1007","1719908818"
"\core\event\user_graded","1007","1719908819"
"\mod_quiz\event\attempt_submitted","1007","1719908828"
"\mod_quiz\event\course_module_viewed","1007","1719909230"
"\mod_quiz\event\attempt_viewed","1007","1719909233"
"\mod_quiz\event\attempt_updated","1007","1719909285"
"\mod_quiz\event\attempt_updated","1007","1719909287"
"\mod_quiz\event\attempt_viewed","1007","1719909299"
"\mod_quiz\event\attempt_updated","1007","1719909300"
"\mod_quiz\event\attempt_autosaved","1007","1719909483"
"\mod_quiz\event\attempt_viewed","1007","1719909484"
"\mod_quiz\event\attempt_updated","1007","1719909489"
"\mod_quiz\event\attempt_viewed","1007","1719909492"
"\mod_quiz\event\attempt_updated","1007","1719909493"
"\mod_quiz\event\attempt_updated","1007","1719909590"
"\mod_quiz\event\attempt_viewed","1007","1719909592"
"\mod_quiz\event\attempt_updated","1007","1719909593"
"\mod_quiz\event\attempt_viewed","1007","1719909594"
"\mod_quiz\event\attempt_updated","1007","1719909595"
"\mod_quiz\event\attempt_updated","1007","1719909612"
"\mod_quiz\event\attempt_viewed","1007","1719909617"
"\mod_quiz\event\attempt_updated","1007","1719909618"
"\mod_quiz\event\attempt_viewed","1007","1719909619"
"\mod_quiz\event\attempt_viewed","1007","1719909653"
"\mod_quiz\event\attempt_updated","1007","1719909654"
"\mod_quiz\event\attempt_viewed","1007","1719909656"
"\mod_quiz\event\attempt_updated","1007","1719909657"
"\mod_quiz\event\attempt_autosaved","1007","1719909757"
"\mod_quiz\event\attempt_updated","1007","1719909770"
"\mod_quiz\event\attempt_updated","1007","1719909773"
"\mod_quiz\event\attempt_summary_viewed","1007","1719909775"
"\core\event\user_graded","1007","1719909778"
"\mod_quiz\event\attempt_submitted","1007","1719909786"
"\core\event\user_graded","1007","1719909789"
"\mod_quiz\event\attempt_reviewed","1007","1719910645"
"\core\event\course_viewed","1007","1720251140"
"\core\event\course_viewed","1007","1720251143"
"\core\event\course_viewed","1007","1720251146"
"\mod_resource\event\course_module_viewed","1007","1720251150"
"\core\event\course_viewed","1007","1720251151"
"\mod_page\event\course_module_viewed","1007","1720251153"
"\core\event\course_viewed","1007","1720251210"
"\core\event\course_viewed","1007","1720251213"
"\core\event\course_viewed","1007","1720253443"
"\core\event\course_viewed","1007","1720253449"
"\core\event\course_viewed","1007","1720253457"
"\core\event\course_viewed","1007","1720253460"
"\core\event\course_viewed","1007","1720253509"
"\core\event\course_viewed","1007","1720253515"
"\core\event\course_viewed","1007","1720253519"
"\mod_url\event\course_module_viewed","1007","1720253532"
"\mod_url\event\course_module_viewed","1007","1720253533"
"\core\event\course_viewed","1007","1720393398"
"\core\event\course_viewed","1007","1720393400"
"\core\event\course_viewed","1007","1720395408"
"\mod_forum\event\course_module_viewed","1007","1720395435"
"\core\event\course_viewed","1007","1720395447"
"\mod_resource\event\course_module_viewed","1007","1720395452"
"\mod_resource\event\course_module_viewed","1007","1720395464"
"\core\event\course_viewed","1007","1720398151"
"\mod_resource\event\course_module_viewed","1007","1720398158"
"\mod_workshop\event\course_module_viewed","1007","1720398163"
"\core\event\course_viewed","1007","1720398226"
"\core\event\course_viewed","1007","1720398228"
"\core\event\course_viewed","1007","1720398230"
"\core\event\course_viewed","1007","1720398234"
"\core\event\course_viewed","1007","1720398239"
"\mod_quiz\event\course_module_viewed","1007","1720398242"
"\core\event\course_viewed","1007","1720398243"
"\core\event\course_viewed","1007","1720398246"
"\mod_quiz\event\course_module_viewed","1007","1720398249"
"\mod_quiz\event\attempt_started","1007","1720398275"
"\core\event\course_viewed","1007","1720398320"
"\mod_resource\event\course_module_viewed","1007","1720398323"
"\mod_workshop\event\assessable_uploaded","1007","1720398689"
"\core\event\course_viewed","1007","1720462781"
"\core\event\course_viewed","1007","1720462784"
"\mod_resource\event\course_module_viewed","1007","1720462787"
"\core\event\course_viewed","1007","1720463540"
"\mod_url\event\course_module_viewed","1007","1720463548"
"\core\event\course_viewed","1007","1720463554"
"\core\event\course_viewed","1007","1720463555"
"\core\event\course_viewed","1007","1720463557"
"\core\event\course_viewed","1007","1720463561"
"\core\event\course_viewed","1007","1720463569"
"\core\event\course_viewed","1007","1720463574"
"\mod_workshop\event\course_module_viewed","1007","1720463579"
"\core\event\course_viewed","1007","1720463582"
"\core\event\course_viewed","1007","1720464039"
"\core\event\course_viewed","1007","1720464846"
"\core\event\course_viewed","1007","1720464852"
"\core\event\course_viewed","1007","1720464853"
"\core\event\course_viewed","1007","1720464868"
"\core\event\course_viewed","1007","1720523613"
"\mod_workshop\event\course_module_viewed","1007","1720523618"
"\core\event\course_viewed","1007","1720523623"
"\mod_resource\event\course_module_viewed","1007","1720523626"
"\core\event\course_viewed","1007","1720523682"
"\core\event\course_viewed","1007","1720613162"
"\mod_resource\event\course_module_viewed","1007","1720613175"
"\core\event\course_viewed","1007","1720613182"
"\core\event\course_viewed","1007","1720613184"
"\core\event\course_viewed","1007","1720613188"
"\core\event\course_viewed","1007","1720613192"
"\core\event\course_viewed","1007","1720613217"
"\core\event\course_viewed","1007","1720745585"
"\mod_workshop\event\course_module_viewed","1007","1720745586"
"\mod_resource\event\course_module_viewed","1007","1720745589"
"\core\event\course_viewed","1007","1720745654"
"\core\event\course_viewed","1007","1720745657"
"\core\event\course_viewed","1007","1720745659"
"\core\event\course_viewed","1007","1721658011"
"\core\event\course_viewed","1007","1721658016"
"\mod_resource\event\course_module_viewed","1007","1721659967"
"\mod_resource\event\course_module_viewed","1007","1721659976"
"\mod_resource\event\course_module_viewed","1007","1721660264"
"\mod_workshop\event\submission_viewed","1007","1721662430"
"\mod_workshop\event\submission_created","1007","1721662431"
"\mod_workshop\event\submission_viewed","1007","1721662468"
"\mod_workshop\event\course_module_viewed","1007","1721662503"
"\core\event\course_viewed","1007","1721662510"
"\core\event\course_viewed","1007","1721662514"
"\core\event\course_viewed","1007","1721734948"
"\core\event\course_viewed","1007","1721734953"
"\core\event\course_viewed","1007","1721734954"
"\core\event\course_viewed","1007","1721734955"
"\core\event\course_viewed","1007","1721734956"
"\core\event\course_viewed","1007","1721736386"
"\mod_workshop\event\course_module_viewed","1007","1721736391"
"\core\event\course_viewed","1007","1721738117"
"\mod_resource\event\course_module_viewed","1007","1721738119"
"\core\event\course_viewed","1007","1721824189"
"\mod_workshop\event\course_module_viewed","1007","1721824213"
"\core\event\course_viewed","1007","1721824229"
"\mod_url\event\course_module_viewed","1007","1721824253"
"\core\event\course_viewed","1007","1721824254"
"\mod_workshop\event\course_module_viewed","1007","1721824258"
"\mod_workshop\event\course_module_viewed","1007","1721824401"
"\mod_resource\event\course_module_viewed","1007","1721825123"
"\core\event\course_viewed","1007","1721825129"
"\mod_resource\event\course_module_viewed","1007","1721825131"
"\core\event\course_viewed","1007","1721867568"
"\core\event\course_viewed","1007","1721867570"
"\core\event\course_viewed","1007","1721867574"
"\mod_workshop\event\course_module_viewed","1007","1721867576"
"\core\event\course_viewed","1007","1721867577"
"\core\event\course_viewed","1007","1721867588"
"\gradereport_user\event\grade_report_viewed","1007","1721867632"
"\core\event\course_viewed","1007","1721867633"
"\mod_workshop\event\course_module_viewed","1007","1721867638"
"\core\event\course_viewed","1007","1721867652"
"\core\event\course_viewed","1007","1721867910"
"\core\event\course_viewed","1007","1721867914"
"\mod_resource\event\course_module_viewed","1007","1721867918"
"\core\event\course_viewed","1007","1721870441"
"\core\event\course_viewed","1007","1721870442"
"\core\event\course_viewed","1007","1721870445"
"\core\event\course_viewed","1007","1721983110"
"\core\event\course_viewed","1007","1721983121"
"\core\event\course_viewed","1007","1721983169"
"\mod_quiz\event\course_module_viewed","1007","1721983173"
"\mod_quiz\event\attempt_viewed","1007","1721983175"
"\mod_quiz\event\attempt_updated","1007","1721983177"
"\mod_quiz\event\attempt_viewed","1007","1721983178"
"\mod_quiz\event\attempt_autosaved","1007","1721983319"
"\mod_quiz\event\attempt_viewed","1007","1721983413"
"\mod_quiz\event\attempt_updated","1007","1721983414"
"\mod_quiz\event\attempt_updated","1007","1721983504"
"\mod_quiz\event\attempt_viewed","1007","1721983506"
"\mod_quiz\event\attempt_updated","1007","1721983510"
"\mod_quiz\event\attempt_updated","1007","1721983532"
"\core\event\user_graded","1007","1721983536"
"\mod_workshop\event\submission_viewed","1007","1721983548"
"\mod_workshop\event\submission_updated","1007","1721983549"
"\mod_workshop\event\submission_viewed","1007","1721983550"
"\mod_workshop\event\submission_viewed","1007","1721983552"
"\core\event\course_viewed","1007","1721983678"
"\core\event\course_viewed","1007","1721983681"
"\mod_workshop\event\course_module_viewed","1007","1721983686"
"\core\event\course_viewed","1007","1721983687"
"\core\event\course_viewed","1007","1721983863"
"\core\event\course_viewed","1007","1721984012"
"\mod_resource\event\course_module_viewed","1007","1721984035"
"\mod_resource\event\course_module_viewed","1007","1721984041"
"\core\event\course_viewed","1007","1721985288"
"\core\event\course_viewed","1007","1721985290"
"\mod_resource\event\course_module_viewed","1007","1721985298"
"\core\event\course_viewed","1007","1721985301"
"\gradereport_user\event\grade_report_viewed","1007","1721985404"
"\core\event\course_viewed","1007","1721985508"
"\core\event\course_viewed","1007","1722033338"
"\core\event\course_viewed","1007","1722033339"
"\core\event\course_viewed","1007","1722033345"
"\core\event\course_viewed","1007","1722033346"
"\mod_workshop\event\course_module_viewed","1007","1722033351"
"\mod_workshop\event\submission_assessed","1007","1722033353"
"\mod_workshop\event\course_module_viewed","1007","1722033395"
"\mod_workshop\event\course_module_viewed","1007","1722033396"
"\mod_workshop\event\submission_updated","1007","1722033419"
"\mod_workshop\event\assessable_uploaded","1007","1722033421"
"\core\event\course_viewed","1007","1722033427"
"\core\event\course_viewed","1007","1722033431"
"\mod_resource\event\course_module_viewed","1007","1722033437"
"\core\event\course_viewed","1007","1722033445"
"\core\event\course_viewed","1007","1722033469"
"\core\event\course_viewed","1007","1722033472"
"\core\event\course_viewed","1007","1722033476"
"\mod_resource\event\course_module_viewed","1007","1722033480"
"\core\event\course_viewed","1007","1722033484"
"\core\event\course_viewed","1007","1722033485"
"\core\event\course_viewed","1007","1722034332"
"\core\event\course_viewed","1007","1722115497"
"\core\event\course_viewed","1007","1722115509"
"\mod_resource\event\course_module_viewed","1007","1722115511"
"\mod_resource\event\course_module_viewed","1007","1722115584"
"\mod_resource\event\course_module_viewed","1007","1722115587"
"\mod_resource\event\course_module_viewed","1007","1722116361"
"\core\event\course_viewed","1007","1722116586"
"\core\event\course_viewed","1007","1722116589"
"\core\event\course_viewed","1007","1722118125"
"\core\event\course_viewed","1007","1722118131"
"\core\event\course_viewed","1007","1722118138"
"\core\event\course_viewed","1007","1722118140"
"\core\event\course_viewed","1007","1722118149"
"\mod_resource\event\course_module_viewed","1007","1722118151"
"\core\event\course_viewed","1007","1722118426"
"\core\event\course_viewed","1007","1722118445"
"\mod_resource\event\course_module_viewed","1007","1722118457"
"\core\event\course_viewed","1007","1722120217"
"\mod_resource\event\course_module_viewed","1007","1722120219"
"\mod_workshop\event\submission_updated","1007","1722121124"
"\mod_workshop\event\assessable_uploaded","1007","1722231191"
"\mod_workshop\event\submission_viewed","1007","1722231192"
"\mod_workshop\event\submission_viewed","1007","1722231203"
"\mod_workshop\event\submission_viewed","1007","1722231215"
"\mod_workshop\event\submission_viewed","1007","1722231237"
"\mod_workshop\event\submission_viewed","1007","1722231238"
"\core\event\course_viewed","1007","1722231239"
"\core\event\course_viewed","1007","1722267754"
"\core\event\course_viewed","1007","1722267758"
"\mod_workshop\event\course_module_viewed","1007","1722267761"
"\core\event\course_viewed","1007","1722267775"
"\core\event\course_viewed","1007","1722267778"
"\mod_resource\event\course_module_viewed","1007","1722267873"
"\core\event\course_viewed","1007","1722562100"
"\core\event\course_viewed","1007","1722562101"
"\core\event\course_viewed","1007","1722562103"
"\core\event\course_viewed","1007","1722562192"
"\core\event\course_viewed","1007","1722562196"
"\core\event\course_viewed","1007","1722562198"
"\core\event\course_viewed","1007","1722562201"
"\core\event\course_viewed","1007","1722562204"
"\core\event\course_viewed","1007","1722562206"
"\mod_resource\event\course_module_viewed","1007","1722617400"
"\core\event\course_viewed","1007","1722617428"
"\mod_workshop\event\course_module_viewed","1007","1722617434"
"\core\event\course_viewed","1007","1722617973"
"\core\event\course_viewed","1007","1722691949"
"\core\event\course_viewed","1007","1722691953"
"\core\event\course_viewed","1007","1722691955"
"\core\event\course_viewed","1007","1722691958"
"\mod_workshop\event\course_module_viewed","1007","1722691962"
"\mod_workshop\event\submission_assessed","1007","1722692029"
"\mod_workshop\event\submission_assessed","1007","1722692171"
"\mod_workshop\event\submission_viewed","1007","1722692193"
"\core\event\course_viewed","1007","1722692255"
"\core\event\course_viewed","1007","1722692258"
"\mod_resource\event\course_module_viewed","1007","1722692270"
"\core\event\course_viewed","1007","1722695084"
"\mod_page\event\course_module_viewed","1007","1722695643"
"\core\event\course_viewed","1007","1722695949"
"\core\event\course_viewed","1007","1722695952"
"\core\event\course_viewed","1007","1722695957"
"\mod_url\event\course_module_viewed","1007","1722696253"
"\mod_workshop\event\course_module_viewed","1007","1722696260"
"\mod_workshop\event\course_module_viewed","1007","1722696270"
"\mod_workshop\event\course_module_viewed","1007","1722696289"
"\mod_workshop\event\submission_updated","1007","1722696291"
"\mod_workshop\event\assessable_uploaded","1007","1722696292"
"\mod_workshop\event\submission_updated","1007","1722696293"
"\core\event\course_viewed","1007","1722699722"
"\core\event\course_viewed","1007","1722701882"
"\core\event\course_viewed","1007","1722701888"
"\mod_resource\event\course_module_viewed","1007","1722702156"
"\core\event\course_viewed","1007","1722702792"
"\mod_resource\event\course_module_viewed","1007","1722702793"
"\mod_resource\event\course_module_viewed","1007","1722702795"
"\core\event\course_viewed","1007","1722702801"
"\core\event\course_viewed","1007","1722702805"
"\core\event\course_viewed","1007","1722702806"
"\mod_workshop\event\course_module_viewed","1007","1722702811"
"\core\event\course_viewed","1007","1722702814"
"\core\event\course_viewed","1007","1722703112"
"\core\event\course_viewed","1007","1722703114"
"\core\event\course_viewed","1007","1723102194"
"\core\event\course_viewed","1007","1723102198"
"\core\event\course_viewed","1007","1723102231"
"\mod_url\event\course_module_viewed","1007","1723102280"
"\core\event\course_viewed","1007","1723102912"
"\core\event\course_viewed","1007","1723353717"
"\core\event\course_viewed","1007","1723353719"
"\mod_resource\event\course_module_viewed","1007","1723353724"
"\mod_resource\event\course_module_viewed","1007","1723353755"
"\core\event\course_viewed","1007","1723353765"
"\core\event\course_viewed","1007","1723353771"
"\core\event\course_viewed","1007","1723353777"
"\core\event\course_viewed","1007","1723353778"
"\core\event\course_viewed","1007","1723409366"
"\core\event\user_profile_viewed","1007","1723409714"
"\mod_workshop\event\submission_viewed","1007","1723409718"
"\mod_workshop\event\submission_viewed","1007","1723409727"
"\mod_workshop\event\submission_viewed","1007","1723409728"
"\mod_workshop\event\submission_updated","1007","1723409729"
"\core\event\course_viewed","1007","1723545335"
"\mod_forum\event\discussion_viewed","1007","1723545337"
"\core\event\course_viewed","1007","1723545345"
"\mod_resource\event\course_module_viewed","1007","1723545348"
"\core\event\course_viewed","1007","1723545353"
"\mod_url\event\course_module_viewed","1007","1723545363"
"\core\event\course_viewed","1007","1723545371"
"\core\event\course_viewed","1007","1723545377"
"\core\event\course_viewed","1007","1723546262"
"\gradereport_user\event\grade_report_viewed","1007","1723546265"
"\core\event\course_viewed","1007","1723546273"
"\core\event\course_viewed","1007","1723546275"
"\mod_resource\event\course_module_viewed","1007","1723546280"
"\core\event\course_viewed","1007","1723546283"
"\core\event\course_viewed","1007","1723546287"
"\core\event\course_viewed","1007","1723546293"
"\gradereport_user\event\grade_report_viewed","1007","1723546295"
"\mod_quiz\event\course_module_viewed","1007","1723546299"
"\mod_quiz\event\attempt_viewed","1007","1723546301"
"\mod_quiz\event\attempt_viewed","1007","1723550466"
"\mod_quiz\event\attempt_updated","1007","1723550467"
"\mod_quiz\event\attempt_viewed","1007","1723550473"
"\mod_quiz\event\attempt_viewed","1007","1723550474"
"\mod_quiz\event\attempt_updated","1007","1723550475"
"\mod_quiz\event\attempt_viewed","1007","1723550476"
"\mod_quiz\event\attempt_updated","1007","1723550478"
"\mod_quiz\event\attempt_updated","1007","1723550494"
"\mod_quiz\event\attempt_updated","1007","1723550513"
"\mod_quiz\event\attempt_viewed","1007","1723550610"
"\mod_quiz\event\attempt_updated","1007","1723550611"
"\mod_quiz\event\attempt_updated","1007","1723550615"
"\mod_quiz\event\attempt_viewed","1007","1723550986"
"\core\event\course_viewed","1007","1723551504"
"\mod_resource\event\course_module_viewed","1007","1723551505"
"\core\event\course_viewed","1007","1723552005"
"\core\event\course_viewed","1007","1723552006"
"\core\event\course_viewed","1007","1723552011"
"\mod_url\event\course_module_viewed","1007","1723552019"
"\core\event\course_viewed","1007","1723560173"
"\core\event\course_viewed","1007","1723560181"
"\mod_resource\event\course_module_viewed","1007","1723560182"
"\core\event\course_viewed","1007","1723560184"
"\core\event\course_viewed","1007","1723560185"
"\core\event\course_viewed","1007","1723560186"
"\mod_workshop\event\course_module_viewed","1007","1723560191"
"\core\event\course_viewed","1007","1723560193"
"\core\event\course_viewed","1007","1723560205"
"\mod_resource\event\course_module_viewed","1007","1723560211"
"\core\event\course_viewed","1007","1723560221"
"\core\event\course_viewed","1007","1723560224"
"\core\event\course_viewed","1007","1723560225"
"\mod_workshop\event\course_module_viewed","1007","1723560240"
"\core\event\course_viewed","1007","1723560256"
"\core\event\course_viewed","1007","1723560265"
"\mod_workshop\event\course_module_viewed","1007","1723560271"
"\core\event\course_viewed","1007","1723560281"
"\mod_workshop\event\course_module_viewed","1007","1723560286"
"\mod_workshop\event\submission_viewed","1007","1723560287"
"\core\event\course_viewed","1007","1723560770"
"\core\event\course_viewed","1007","1723560776"
"\core\event\course_viewed","1007","1723560777"
"\core\event\course_viewed","1007","1723560780"
"\core\event\course_viewed","1007","1723561869"
"\core\event\course_viewed","1007","1723561871"
"\mod_workshop\event\course_module_viewed","1007","1723561872"
"\core\event\course_viewed","1007","1723562045"
"\mod_workshop\event\course_module_viewed","1007","1723562048"
"\core\event\course_viewed","1007","1723562994"
"\core\event\course_viewed","1007","1723562995"
"\core\event\course_viewed","1007","1723562998"
"\gradereport_user\event\grade_report_viewed","1007","1723562999"
"\core\event\course_viewed","1007","1723563003"
"\core\event\course_viewed","1007","1723566070"
"\mod_workshop\event\course_module_viewed","1007","1723566087"
"\core\event\course_viewed","1007","1723566089"
"\core\event\course_viewed","1007","1723566091"
"\core\event\course_viewed","1007","1723566103"
"\core\event\course_viewed","1007","1723566104"
"\mod_resource\event\course_module_viewed","1007","1723566733"
"\mod_resource\event\course_module_viewed","1007","1723566888"
"\mod_workshop\event\submission_created","1007","1723568989"
"\mod_workshop\event\assessable_uploaded","1007","1723569004"
"\core\event\course_viewed","1007","1723569033"
"\mod_workshop\event\course_module_viewed","1007","1723569037"
"\core\event\course_viewed","1007","1723569041"
"\mod_resource\event\course_module_viewed","1007","1723569044"
"\core\event\course_viewed","1007","1723570347"
"\core\event\course_viewed","1007","1723570357"
"\core\event\course_viewed","1007","1723570361"
"\mod_resource\event\course_module_viewed","1007","1723570366"
"\core\event\course_viewed","1007","1723570430"
"\core\event\course_viewed","1007","1723570437"
"\mod_resource\event\course_module_viewed","1007","1723570438"
"\core\event\course_viewed","1007","1723570788"
"\mod_resource\event\course_module_viewed","1007","1723570801"
"\mod_resource\event\course_module_viewed","1007","1723570802"
"\core\event\course_viewed","1007","1723570807"
"\mod_resource\event\course_module_viewed","1007","1723570809"
"\core\event\course_viewed","1007","1723571242"
"\core\event\course_viewed","1007","1723576634"
"\core\event\course_viewed","1007","1723576635"
"\mod_workshop\event\course_module_viewed","1007","1723577633"
"\mod_workshop\event\course_module_viewed","1007","1723577634"
"\core\event\course_viewed","1007","1723577638"
"\core\event\course_viewed","1007","1723577641"
"\mod_workshop\event\course_module_viewed","1007","1723577643"
"\core\event\course_viewed","1007","1723577669"
"\mod_url\event\course_module_viewed","1007","1723577672"
"\mod_workshop\event\course_module_viewed","1007","1723578129"
"\core\event\course_viewed","1007","1723578144"
"\core\event\course_viewed","1007","1723578154"
"\mod_resource\event\course_module_viewed","1007","1723578156"
"\core\event\course_viewed","1007","1723578159"
"\mod_workshop\event\course_module_viewed","1007","1723578161"
"\core\event\course_viewed","1007","1723578166"
"\mod_workshop\event\course_module_viewed","1007","1723578168"
"\mod_resource\event\course_module_viewed","1007","1723578177"
"\core\event\course_viewed","1007","1723578267"
"\core\event\course_viewed","1007","1723578272"
"\core\event\course_viewed","1007","1723578275"
"\gradereport_user\event\grade_report_viewed","1007","1723578311"
"\core\event\course_viewed","1007","1723580736"
"\core\event\course_viewed","1007","1723580742"
"\mod_resource\event\course_module_viewed","1007","1723580743"
"\mod_resource\event\course_module_viewed","1007","1723580746"
"\core\event\course_viewed","1007","1723585909"
"\core\event\course_viewed","1007","1723585913"
"\mod_resource\event\course_module_viewed","1007","1723585914"
"\core\event\course_viewed","1007","1723586004"
"\core\event\course_viewed","1007","1723586012"
"\core\event\course_viewed","1007","1723586038"
"\core\event\course_viewed","1007","1723586039"
"\mod_resource\event\course_module_viewed","1007","1723586052"
"\core\event\course_viewed","1007","1723592233"
"\core\event\course_viewed","1007","1723592239"
"\core\event\course_viewed","1007","1723592243"
"\mod_url\event\course_module_viewed","1007","1723592249"
"\core\event\course_viewed","1007","1723592734"
"\core\event\course_viewed","1007","1723592736"
"\core\event\course_viewed","1007","1723592737"
"\mod_resource\event\course_module_viewed","1007","1723592741"
"\mod_workshop\event\submission_updated","1007","1723593501"
"\mod_workshop\event\submission_created","1007","1723593764"
"\mod_workshop\event\assessable_uploaded","1007","1723593765"
"\mod_workshop\event\submission_updated","1007","1723593766"
"\mod_workshop\event\assessable_uploaded","1007","1723593767"
"\mod_workshop\event\submission_viewed","1007","1723593768"
"\mod_workshop\event\assessable_uploaded","1007","1723593774"
"\mod_workshop\event\submission_created","1007","1723593775"
"\mod_workshop\event\submission_updated","1007","1723593776"
"\mod_workshop\event\submission_created","1007","1723593787"
"\core\event\course_viewed","1007","1723594225"
"\core\event\course_viewed","1007","1723594228"
"\mod_workshop\event\course_module_viewed","1007","1723594231"
"\mod_workshop\event\submission_viewed","1007","1723594331"
"\mod_workshop\event\submission_reassessed","1007","1723594840"
"\mod_workshop\event\submission_reassessed","1007","1723594862"
"\mod_workshop\event\course_module_viewed","1007","1723594864"
"\mod_workshop\event\course_module_viewed","1007","1723594869"
"\core\event\course_viewed","1007","1723595771"
"\gradereport_user\event\grade_report_viewed","1007","1723595955"
"\core\event\course_viewed","1007","1723601791"
"\mod_resource\event\course_module_viewed","1007","1723601795"
"\mod_resource\event\course_module_viewed","1007","1723601800"
"\core\event\course_viewed","1007","1723603857"
"\mod_quiz\event\course_module_viewed","1007","1723603858"
"\mod_quiz\event\attempt_started","1007","1723603863"
"\core\event\course_viewed","1007","1723681897"
"\core\event\course_viewed","1007","1723681898"
"\gradereport_user\event\grade_report_viewed","1007","1723681908"
"\mod_quiz\event\course_module_viewed","1007","1723681921"
"\core\event\course_viewed","1007","1723681924"
"\core\event\course_viewed","1007","1723681926"
"\core\event\course_viewed","1007","1723681928"
"\mod_workshop\event\course_module_viewed","1007","1723681930"
"\core\event\course_viewed","1007","1723681946"
"\mod_workshop\event\course_module_viewed","1007","1723681955"
"\mod_workshop\event\submission_viewed","1007","1723681960"
"\core\event\course_viewed","1007","1723682574"
"\mod_workshop\event\submission_assessed","1007","1723683727"
"\mod_workshop\event\submission_assessed","1007","1723683905"
"\mod_workshop\event\course_module_viewed","1007","1723683906"
"\core\event\course_viewed","1007","1723683919"
"\core\event\course_viewed","1007","1723683923"
"\core\event\course_viewed","1007","1723683932"
"\core\event\course_viewed","1007","1723683933"
"\mod_url\event\course_module_viewed","1007","1723683945"
"\core\event\course_viewed","1007","1723685740"
"\mod_workshop\event\course_module_viewed","1007","1723685741"
"\core\event\course_viewed","1007","1723685764"
"\core\event\course_viewed","1007","1723685774"
"\gradereport_user\event\grade_report_viewed","1007","1723685778"
"\core\event\course_viewed","1007","1723685779"
"\core\event\course_viewed","1007","1723685780"
"\mod_workshop\event\course_module_viewed","1007","1723685813"
"\mod_workshop\event\submission_viewed","1007","1723685815"
"\core\event\course_viewed","1007","1723685914"
"\mod_resource\event\course_module_viewed","1007","1723685917"
"\core\event\course_viewed","1007","1723685928"
"\core\event\course_viewed","1007","1723686646"
"\core\event\course_viewed","1007","1723686649"
"\core\event\course_viewed","1007","1723686654"
"\mod_resource\event\course_module_viewed","1007","1723686657"
"\mod_forum\event\discussion_viewed","1007","1723686661"
"\mod_forum\event\discussion_viewed","1007","1723686665"
"\core\event\course_viewed","1007","1723686669"
"\core\event\course_viewed","1007","1723686674"
"\mod_workshop\event\submission_assessed","1007","1723687054"
"\mod_workshop\event\course_module_viewed","1007","1723687069"
"\core\event\course_viewed","1007","1723687073"
"\core\event\course_viewed","1007","1723687074"
"\core\event\course_viewed","1007","1723687104"
"\core\event\course_viewed","1007","1723687108"
"\mod_url\event\course_module_viewed","1007","1723687109"
"\core\event\course_viewed","1007","1723687111"
"\mod_resource\event\course_module_viewed","1007","1723687142"
"\mod_workshop\event\submission_created","1007","1723688039"
"\mod_workshop\event\assessable_uploaded","1007","1723688040"
"\mod_workshop\event\submission_viewed","1007","1723688043"
"\mod_workshop\event\submission_updated","1007","1723688044"
"\mod_workshop\event\submission_created","1007","1723688045"
"\mod_workshop\event\submission_viewed","1007","1723688047"
"\mod_workshop\event\submission_updated","1007","1723688048"
"\core\event\course_viewed","1007","1723688103"
"\core\event\course_viewed","1007","1723688106"
"\core\event\course_viewed","1007","1723688109"
"\core\event\course_viewed","1007","1723688111"
"\mod_workshop\event\course_module_viewed","1007","1723688128"
"\core\event\course_viewed","1007","1723688135"
"\mod_url\event\course_module_viewed","1007","1723688138"
"\core\event\course_viewed","1007","1723688139"
"\core\event\course_viewed","1007","1723688144"
"\core\event\course_viewed","1007","1723695811"
"\core\event\course_viewed","1007","1723695813"
"\mod_workshop\event\course_module_viewed","1007","1723695815"
"\mod_workshop\event\course_module_viewed","1007","1723695871"
"\mod_workshop\event\submission_assessed","1007","1723695872"
"\mod_workshop\event\submission_assessed","1007","1723695878"
"\mod_workshop\event\course_module_viewed","1007","1723695880"
"\core\event\course_viewed","1007","1723695886"
"\core\event\course_viewed","1007","1723911079"
"\core\event\course_viewed","1007","1723911082"
"\core\event\course_viewed","1007","1723911085"
"\mod_resource\event\course_module_viewed","1007","1723911086"
"\core\event\course_viewed","1007","1723916905"
"\mod_workshop\event\course_module_viewed","1007","1723916910"
"\core\event\course_viewed","1007","1723918196"
"\mod_resource\event\course_module_viewed","1007","1723918200"
"\core\event\course_viewed","1007","1723923934"
"\mod_quiz\event\attempt_updated","1007","1723923940"
"\mod_quiz\event\attempt_viewed","1007","1723923941"
"\mod_quiz\event\attempt_updated","1007","1723923995"
"\mod_quiz\event\attempt_summary_viewed","1007","1723923996"
"\mod_quiz\event\attempt_submitted","1007","1723923999"
"\mod_quiz\event\attempt_reviewed","1007","1723924009"
"\mod_quiz\event\course_module_viewed","1007","1723924021"
"\mod_quiz\event\attempt_started","1007","1723924026"
"\mod_quiz\event\attempt_viewed","1007","1723924027"
"\mod_quiz\event\attempt_updated","1007","1723924187"
"\mod_quiz\event\attempt_updated","1007","1723924263"
"\mod_quiz\event\attempt_viewed","1007","1723924291"
"\mod_quiz\event\attempt_updated","1007","1723924292"
"\mod_quiz\event\attempt_autosaved","1007","1723924356"
"\mod_quiz\event\attempt_updated","1007","1723924608"
"\mod_quiz\event\attempt_viewed","1007","1723924609"
"\mod_quiz\event\attempt_viewed","1007","1723924611"
"\core\event\course_viewed","1007","1723963420"
"\mod_resource\event\course_module_viewed","1007","1723963422"
"\core\event\course_viewed","1007","1723964592"
"\mod_workshop\event\course_module_viewed","1007","1723964649"
"\mod_workshop\event\course_module_viewed","1007","1723965175"
"\core\event\course_viewed","1007","1723965195"
"\mod_workshop\event\course_module_viewed","1007","1723965196"
"\core\event\course_viewed","1007","1724277955"
"\mod_workshop\event\submission_created","1007","1724277965"
"\mod_workshop\event\submission_viewed","1007","1724277966"
"\mod_workshop\event\submission_created","1007","1724277967"
"\mod_workshop\event\assessable_uploaded","1007","1724277968"
"\mod_workshop\event\submission_updated","1007","1724277969"
"\mod_workshop\event\submission_viewed","1007","1724277971"
"\core\event\course_viewed","1007","1724278819"
"\core\event\course_viewed","1007","1724278824"
"\core\event\course_viewed","1007","1724278838"
"\mod_resource\event\course_module_viewed","1007","1724278843"
"\core\event\course_viewed","1007","1724281709"
"\core\event\course_viewed","1007","1724385061"
"\mod_resource\event\course_module_viewed","1007","1724385062"
"\core\event\course_viewed","1007","1724385067"
"\mod_feedback\event\course_module_viewed","1007","1724385080"
"\mod_workshop\event\submission_created","1007","1724390495"
"\mod_workshop\event\submission_updated","1007","1724390497"
"\core\event\course_viewed","1007","1724390529"
"\core\event\course_viewed","1007","1724390784"
"\core\event\course_viewed","1007","1724390788"
"\core\event\course_viewed","1007","1724390791"
"\core\event\course_viewed","1007","1724446630"
"\core\event\course_viewed","1007","1724446635"
"\core\event\course_viewed","1007","1724446638"
"\core\event\course_viewed","1007","1724446641"
"\mod_quiz\event\course_module_viewed","1007","1724446643"
"\core\event\course_viewed","1007","1724446646"
"\core\event\course_viewed","1007","1724549179"
"\core\event\course_viewed","1007","1724549180"
"\core\event\course_viewed","1007","1724549181"
"\core\event\course_viewed","1007","1724549184"
"\core\event\course_viewed","1007","1724549185"
"\core\event\course_viewed","1007","1724618677"
"\mod_workshop\event\course_module_viewed","1007","1724618680"
"\core\event\course_viewed","1007","1724620338"
"\mod_workshop\event\course_module_viewed","1007","1724620339"
"\mod_workshop\event\submission_viewed","1007","1724620347"
"\mod_workshop\event\course_module_viewed","1007","1724620355"
"\core\event\course_viewed","1007","1724801854"
"\core\event\course_viewed","1007","1724801856"
"\core\event\course_viewed","1007","1724805376"
"\core\event\course_viewed","1007","1724805379"
"\core\event\course_viewed","1007","1724805382"
"\mod_resource\event\course_module_viewed","1007","1724805387"
"\core\event\course_viewed","1007","1724805391"
"\core\event\course_viewed","1007","1725030155"
"\mod_workshop\event\course_module_viewed","1007","1725030157"
"\mod_workshop\event\submission_created","1007","1725031051"
"\mod_workshop\event\submission_updated","1007","1725031052"
"\mod_workshop\event\submission_created","1007","1725031060"
"\mod_workshop\event\assessable_uploaded","1007","1725031064"
"\mod_workshop\event\submission_viewed","1007","1725031065"
"\mod_workshop\event\submission_updated","1007","1725031066"
"\mod_workshop\event\assessable_uploaded","1007","1725031067"
"\mod_workshop\event\submission_viewed","1007","1725031068"
"\mod_workshop\event\submission_viewed","1007","1725031069"
"\mod_workshop\event\submission_updated","1007","1725031070"
"\mod_workshop\event\assessable_uploaded","1007","1725032113"
"\core\event\course_viewed","1007","1725032147"
"\core\event\course_viewed","1007","1725032158"
"\mod_workshop\event\course_module_viewed","1007","1725032160"
"\core\event\course_viewed","1007","1725032166"
"\core\event\course_viewed","1007","1725032168"
"\mod_workshop\event\course_module_viewed","1007","1725032170"
"\mod_workshop\event\submission_reassessed","1007","1725145299"
"\mod_workshop\event\submission_reassessed","1007","1725145339"
"\mod_workshop\event\course_module_viewed","1007","1725145340"
"\core\event\course_viewed","1007","1725145343"
"\core\event\course_viewed","1007","1725145345"
"\core\event\course_viewed","1007","1725456775"
"\core\event\course_viewed","1007","1725456784"
"\core\event\course_viewed","1007","1725456790"
"\core\event\course_viewed","1007","1725457652"
"\mod_workshop\event\course_module_viewed","1007","1725457664"
"\mod_workshop\event\course_module_viewed","1007","1725457752"
"\core\event\course_viewed","1007","1725457755"
"\mod_resource\event\course_module_viewed","1007","1725457775"
"\core\event\course_viewed","1007","1725484522"
"\core\event\course_viewed","1007","1725485066"
"\mod_workshop\event\course_module_viewed","1007","1725485070"
"\core\event\course_viewed","1007","1725485081"
"\core\event\course_viewed","1007","1725485084"
"\core\event\course_viewed","1007","1725485086"
"\core\event\course_viewed","1007","1725485092"
"\core\event\course_viewed","1007","1725485095"
"\core\event\course_viewed","1007","1725696719"
"\core\event\course_viewed","1007","1725696721"
"\core\event\course_viewed","1007","1725696729"
"\core\event\course_viewed","1007","1725696730"
"\mod_resource\event\course_module_viewed","1007","1725696731"
"\core\event\course_viewed","1007","1725696745"
"\mod_resource\event\course_module_viewed","1007","1725696746"
"\core\event\course_viewed","1007","1725837217"
"\core\event\course_viewed","1007","1725837581"
"\core\event\course_viewed","1007","1725837629"
"\core\event\course_viewed","1007","1725837631"
"\mod_resource\event\course_module_viewed","1007","1725837633"
"\core\event\course_viewed","1007","1725837659"
"\mod_resource\event\course_module_viewed","1007","1725837661"
"\core\event\course_viewed","1007","1725838560"
"\mod_resource\event\course_module_viewed","1007","1725838563"
"\core\event\course_viewed","1007","1725905674"
"\core\event\course_viewed","1007","1725905678"
"\core\event\course_viewed","1007","1725905684"
"\mod_resource\event\course_module_viewed","1007","1725905685"
"\core\event\course_viewed","1007","1725905699"
"\mod_resource\event\course_module_viewed","1007","1725905700"
"\mod_resource\event\course_module_viewed","1007","1725907322"
"\core\event\course_viewed","1007","1725911155"
"\core\event\course_viewed","1007","1725911157"
"\mod_resource\event\course_module_viewed","1007","1725911170"
"\core\event\course_viewed","1007","1726296990"
"\core\event\course_viewed","1007","1726297258"
"\core\event\course_viewed","1007","1726297259"
"\core\event\course_viewed","1007","1726297703"
"\core\event\course_viewed","1007","1726297705"
"\core\event\course_viewed","1007","1726297707"
"\core\event\course_viewed","1007","1726298441"
"\core\event\course_viewed","1007","1726298451"
"\core\event\course_viewed","1007","1726298452"
"\core\event\course_viewed","1007","1726298512"
"\core\event\course_viewed","1007","1726298529"
"\core\event\course_viewed","1007","1726298538"
"\mod_url\event\course_module_viewed","1007","1726298540"
"\core\event\course_viewed","1007","1726301916"
"\core\event\course_viewed","1007","1726301987"
"\core\event\course_viewed","1007","1726427774"
"\core\event\course_viewed","1007","1726427776"
"\gradereport_user\event\grade_report_viewed","1007","1726427780"
"\mod_workshop\event\course_module_viewed","1007","1726428090"
"\core\event\course_viewed","1007","1726428118"
"\core\event\course_viewed","1007","1726428120"
"\core\event\course_viewed","1007","1726428126"
"\gradereport_user\event\grade_report_viewed","1007","1726428127"
"\core\event\course_viewed","1007","1726428129"
"\core\event\course_viewed","1007","1726428134"
"\mod_url\event\course_module_viewed","1007","1726428138"
"\core\event\course_viewed","1007","1726428199"
"\core\event\course_viewed","1007","1726428202"
"\core\event\course_viewed","1007","1726519771"
"\core\event\course_viewed","1007","1726519774"
"\mod_resource\event\course_module_viewed","1007","1726519775"
"\mod_resource\event\course_module_viewed","1007","1726519787"
"\core\event\course_viewed","1007","1726519788"
"\mod_url\event\course_module_viewed","1007","1726519793"
"\mod_mail\event\course_module_viewed","1007","1726519803"
"\core\event\course_viewed","1007","1726522385"
"\mod_resource\event\course_module_viewed","1007","1726522431"
"\mod_resource\event\course_module_viewed","1007","1726522437"
"\mod_resource\event\course_module_viewed","1007","1726522449"
"\core\event\course_viewed","1007","1726522467"
"\core\event\course_viewed","1007","1726522474"
"\mod_choicegroup\event\course_module_viewed","1007","1726522502"
"\mod_choicegroup\event\course_module_viewed","1007","1726522503"
"\core\event\course_viewed","1007","1726522504"
"\core\event\course_viewed","1007","1726522505"
"\mod_workshop\event\course_module_viewed","1007","1726522510"
"\mod_workshop\event\submission_assessed","1007","1726522834"
"\mod_workshop\event\submission_assessed","1007","1726523320"
"\mod_workshop\event\course_module_viewed","1007","1726523321"
"\mod_workshop\event\course_module_viewed","1007","1726523333"
"\mod_workshop\event\submission_assessed","1007","1726523908"
"\mod_workshop\event\course_module_viewed","1007","1726524136"
"\core\event\course_viewed","1007","1726524160"
"\mod_resource\event\course_module_viewed","1007","1726524161"
"\mod_workshop\event\submission_created","1007","1726524167"
"\mod_workshop\event\submission_updated","1007","1726524168"
"\mod_workshop\event\assessable_uploaded","1007","1726524169"
"\mod_workshop\event\submission_viewed","1007","1726524170"
"\core\event\course_viewed","1007","1726524217"
"\core\event\course_viewed","1007","1726524219"
"\core\event\course_viewed","1007","1726588870"
"\core\event\course_viewed","1007","1726588874"
"\core\event\course_viewed","1007","1726588876"
"\core\event\course_viewed","1007","1726588884"
"\mod_feedback\event\course_module_viewed","1007","1726588889"
"\mod_feedback\event\response_submitted","1007","1726589021"
"\core\event\course_viewed","1007","1726589025"
"\core\event\course_viewed","1007","1726590124"
"\mod_workshop\event\course_module_viewed","1007","1726590134"
"\mod_workshop\event\assessable_uploaded","1007","1726592396"
"\core\event\course_viewed","1007","1726593742"
"\mod_url\event\course_module_viewed","1007","1726593744"
"\core\event\course_viewed","1007","1726593772"
"\core\event\course_viewed","1007","1726593775"
"\mod_resource\event\course_module_viewed","1007","1726593778"
"\mod_resource\event\course_module_viewed","1007","1726593780"
"\mod_resource\event\course_module_viewed","1007","1726594832"
"\core\event\course_viewed","1007","1726594850"
"\mod_resource\event\course_module_viewed","1007","1726594851"
"\core\event\course_viewed","1007","1726595609"
"\core\event\course_viewed","1007","1726595620"
"\core\event\course_viewed","1007","1726595621"
"\mod_resource\event\course_module_viewed","1007","1726595626"
"\core\event\course_viewed","1007","1726596572"
"\mod_url\event\course_module_viewed","1007","1726596573"
"\mod_url\event\course_module_viewed","1007","1726596575"
"\core\event\course_viewed","1007","1726597188"
"\mod_resource\event\course_module_viewed","1007","1726597191"
"\mod_resource\event\course_module_viewed","1007","1726597197"
"\core\event\course_viewed","1007","1726597260"
"\core\event\course_viewed","1007","1726597303"
"\core\event\course_viewed","1007","1726597305"
"\core\event\course_viewed","1007","1726597307"
"\core\event\course_viewed","1007","1726597315"
"\core\event\course_viewed","1007","1726597319"
"\core\event\course_viewed","1007","1726597320"
"\mod_resource\event\course_module_viewed","1007","1726597326"
"\core\event\course_viewed","1007","1726597331"
"\mod_workshop\event\course_module_viewed","1007","1726597333"
"\core\event\course_viewed","1007","1726597338"
"\core\event\course_viewed","1007","1726597341"
"\mod_workshop\event\course_module_viewed","1007","1726597342"
"\mod_workshop\event\submission_updated","1007","1726597348"
"\mod_workshop\event\submission_viewed","1007","1726597349"
"\mod_workshop\event\submission_assessed","1007","1726597351"
"\mod_workshop\event\submission_assessed","1007","1726597381"
"\mod_workshop\event\submission_reassessed","1007","1726597395"
"\mod_workshop\event\course_module_viewed","1007","1726597396"
"\core\event\course_viewed","1007","1726597397"
"\mod_choice\event\course_module_viewed","1007","1726597405"
"\core\event\course_viewed","1007","1726597411"
"\gradereport_user\event\grade_report_viewed","1007","1726597413"
"\core\event\course_viewed","1007","1726726678"
"\mod_workshop\event\course_module_viewed","1007","1726726680"
"\core\event\course_viewed","1007","1726726740"
"\core\event\course_viewed","1007","1726726757"
"\mod_url\event\course_module_viewed","1007","1726726759"
"\core\event\course_viewed","1007","1726726761"
"\core\event\course_viewed","1007","1726726764"
"\core\event\course_viewed","1007","1726726766"
"\mod_resource\event\course_module_viewed","1007","1727235609"
"\core\event\course_viewed","1007","1727235620"
"\core\event\course_viewed","1007","1727235621"
"\core\event\course_viewed","1007","1727235625"
"\core\event\course_viewed","1007","1727235628"
"\mod_url\event\course_module_viewed","1007","1727235641"
"\mod_workshop\event\submission_viewed","1007","1727235823"
"\mod_workshop\event\submission_created","1007","1727235824"
"\mod_workshop\event\assessable_uploaded","1007","1727235825"
"\mod_workshop\event\submission_viewed","1007","1727235826"
"\core\event\course_viewed","1007","1727235843"
"\gradereport_user\event\grade_report_viewed","1007","1727236020"
"\core\event\course_viewed","1007","1727236190"
"\core\event\course_viewed","1007","1727236238"
"\core\event\course_viewed","1007","1727236243"
"\mod_forum\event\discussion_viewed","1007","1727236254"
"\mod_workshop\event\course_module_viewed","1007","1727236263"
"\mod_workshop\event\submission_assessed","1007","1727236295"
"\mod_workshop\event\course_module_viewed","1007","1727236297"
"\mod_workshop\event\submission_reassessed","1007","1727696481"
"\mod_workshop\event\course_module_viewed","1007","1727696483"
"\core\event\course_viewed","1007","1727696494"
"\core\event\course_viewed","1007","1727696496"
"\core\event\course_viewed","1007","1727696500"
"\core\event\course_viewed","1007","1727696580"
"\core\event\course_viewed","1007","1727696588"
"\core\event\course_viewed","1007","1727696591"
"\mod_url\event\course_module_viewed","1007","1727696596"
"\core\event\course_viewed","1007","1727696751"
"\mod_workshop\event\course_module_viewed","1007","1727696770"
"\mod_workshop\event\submission_viewed","1007","1727696773"
"\core\event\course_viewed","1007","1728395804"
"\core\event\course_viewed","1007","1728395809"
"\mod_url\event\course_module_viewed","1007","1728395820"
"\mod_quiz\event\course_module_viewed","1007","1728395824"
"\core\event\course_viewed","1007","1728395827"
"\core\event\course_viewed","1007","1728395835"
"\mod_workshop\event\course_module_viewed","1007","1728395841"
"\mod_workshop\event\course_module_viewed","1007","1728395847"
"\core\event\user_profile_viewed","1007","1728395902"
"\mod_workshop\event\course_module_viewed","1007","1728396023"
"\core\event\course_viewed","1007","1728610401"
"\mod_workshop\event\course_module_viewed","1007","1728610404"
"\core\event\course_viewed","1007","1728610452"
"\core\event\course_viewed","1007","1728610453"
"\core\event\course_viewed","1007","1728610456"
"\mod_workshop\event\course_module_viewed","1007","1728610463"
"\mod_workshop\event\submission_viewed","1007","1728610492"
"\mod_workshop\event\submission_viewed","1007","1728610782"
"\mod_workshop\event\submission_created","1007","1728610783"
"\mod_workshop\event\submission_viewed","1007","1728610801"
"\core\event\course_viewed","1007","1728755350"
"\mod_resource\event\course_module_viewed","1007","1728755351"
"\core\event\course_viewed","1007","1728755367"
"\core\event\course_viewed","1007","1728755370"
"\core\event\course_viewed","1007","1728755374"
"\core\event\course_viewed","1007","1728755376"
"\core\event\course_viewed","1007","1728839064"
"\mod_forum\event\discussion_viewed","1007","1728839066"
"\mod_forum\event\discussion_viewed","1007","1728839069"
"\core\event\course_viewed","1007","1728842583"
"\mod_url\event\course_module_viewed","1007","1728843004"
"\core\event\course_viewed","1007","1728843014"
"\mod_mail\event\course_module_viewed","1007","1728843121"
"\core\event\user_profile_viewed","1007","1728843134"
"\mod_workshop\event\submission_viewed","1007","1728843137"
"\mod_workshop\event\assessable_uploaded","1007","1728843139"
"\mod_workshop\event\submission_viewed","1007","1728843140"
"\mod_workshop\event\submission_viewed","1007","1728843155"
"\core\event\course_viewed","1007","1728843214"
"\mod_resource\event\course_module_viewed","1007","1728843217"
"\mod_resource\event\course_module_viewed","1007","1728843235"
"\core\event\course_viewed","1007","1728844161"
"\core\event\course_viewed","1007","1728844162"
"\mod_resource\event\course_module_viewed","1007","1728844163"
"\core\event\course_viewed","1007","1728844165"
"\mod_url\event\course_module_viewed","1007","1728844168"
"\core\event\course_viewed","1007","1728844173"
"\mod_resource\event\course_module_viewed","1007","1728844179"
"\mod_resource\event\course_module_viewed","1007","1728939044"
"\core\event\course_viewed","1007","1728939068"
"\mod_forum\event\discussion_viewed","1007","1728939086"
"\core\event\course_viewed","1007","1728939103"
"\core\event\course_viewed","1007","1728939125"
"\mod_page\event\course_module_viewed","1007","1728939127"
"\core\event\course_viewed","1007","1728939141"
"\mod_resource\event\course_module_viewed","1007","1728939155"
"\core\event\course_viewed","1007","1728940580"
"\core\event\course_viewed","1007","1728940617"
"\core\event\course_viewed","1007","1728940622"
"\mod_resource\event\course_module_viewed","1007","1728940740"
"\core\event\course_viewed","1007","1728940741"
"\core\event\course_viewed","1008","1707515327"
"\mod_resource\event\course_module_viewed","1008","1707515328"
"\core\event\course_viewed","1008","1707515441"
"\core\event\course_viewed","1008","1707515572"
"\mod_resource\event\course_module_viewed","1008","1707515577"
"\core\event\course_viewed","1008","1707515588"
"\core\event\course_viewed","1008","1707515589"
"\mod_resource\event\course_module_viewed","1008","1707515593"
"\mod_resource\event\course_module_viewed","1008","1707515598"
"\core\event\course_viewed","1008","1707522842"
"\mod_resource\event\course_module_viewed","1008","1707522848"
"\core\event\course_viewed","1008","1707522852"
"\mod_workshop\event\course_module_viewed","1008","1707522856"
"\core\event\course_viewed","1008","1707522872"
"\core\event\course_viewed","1008","1707522878"
"\core\event\course_viewed","1008","1707522880"
"\core\event\course_viewed","1008","1707522890"
"\core\event\course_viewed","1008","1707522893"
"\core\event\course_viewed","1008","1707522896"
"\mod_workshop\event\course_module_viewed","1008","1707522976"
"\core\event\user_list_viewed","1008","1707522982"
"\core\event\user_list_viewed","1008","1707522984"
"\core\event\course_viewed","1008","1707522985"
"\core\event\course_viewed","1008","1707522986"
"\mod_workshop\event\course_module_viewed","1008","1707523343"
"\mod_workshop\event\assessable_uploaded","1008","1707525411"
"\mod_workshop\event\course_module_viewed","1008","1707527138"
"\core\event\course_viewed","1008","1707527145"
"\core\event\course_viewed","1008","1707527146"
"\core\event\course_viewed","1008","1707527152"
"\mod_workshop\event\course_module_viewed","1008","1707527157"
"\core\event\course_viewed","1008","1707527182"
"\gradereport_user\event\grade_report_viewed","1008","1707527185"
"\core\event\course_viewed","1008","1707527187"
"\core\event\course_viewed","1008","1707527194"
"\mod_workshop\event\course_module_viewed","1008","1707527200"
"\core\event\course_viewed","1008","1707527260"
"\core\event\course_viewed","1008","1707527263"
"\core\event\course_viewed","1008","1707527269"
"\gradereport_user\event\grade_report_viewed","1008","1707527279"
"\core\event\course_viewed","1008","1707527289"
"\mod_resource\event\course_module_viewed","1008","1707527290"
"\core\event\course_viewed","1008","1707527294"
"\mod_workshop\event\course_module_viewed","1008","1707527351"
"\core\event\course_viewed","1008","1707527357"
"\mod_workshop\event\course_module_viewed","1008","1707527361"
"\mod_workshop\event\course_module_viewed","1008","1707527366"
"\core\event\course_viewed","1008","1707531724"
"\mod_resource\event\course_module_viewed","1008","1707531726"
"\core\event\course_viewed","1008","1707533348"
"\core\event\course_viewed","1008","1707533362"
"\core\event\user_list_viewed","1008","1707533378"
"\core\event\course_viewed","1008","1707533382"
"\core\event\course_viewed","1008","1707585394"
"\core\event\course_viewed","1008","1707585396"
"\core\event\course_viewed","1008","1707585403"
"\core\event\course_viewed","1008","1707585409"
"\core\event\course_viewed","1008","1707585415"
"\core\event\course_viewed","1008","1707653190"
"\mod_workshop\event\course_module_viewed","1008","1707653191"
"\core\event\course_viewed","1008","1707653196"
"\core\event\course_viewed","1008","1707709653"
"\core\event\course_viewed","1008","1707709657"
"\core\event\course_viewed","1008","1707709660"
"\core\event\course_viewed","1008","1707709667"
"\core\event\course_viewed","1008","1707709672"
"\mod_workshop\event\course_module_viewed","1008","1707709675"
"\core\event\course_viewed","1008","1707709696"
"\mod_workshop\event\course_module_viewed","1008","1707709719"
"\mod_workshop\event\course_module_viewed","1008","1707710011"
"\core\event\course_viewed","1008","1707710019"
"\core\event\course_viewed","1008","1707816742"
"\core\event\course_viewed","1008","1707816744"
"\core\event\course_viewed","1008","1707816772"
"\core\event\course_viewed","1008","1707816777"
"\core\event\course_viewed","1008","1707816778"
"\mod_workshop\event\course_module_viewed","1008","1707816795"
"\mod_workshop\event\submission_viewed","1008","1707817238"
"\core\event\course_viewed","1008","1707817362"
"\mod_workshop\event\course_module_viewed","1008","1707817368"
"\core\event\course_viewed","1008","1707937591"
"\core\event\course_viewed","1008","1707937593"
"\core\event\user_list_viewed","1008","1707938209"
"\core\event\course_viewed","1008","1707938212"
"\mod_resource\event\course_module_viewed","1008","1707938216"
"\mod_workshop\event\course_module_viewed","1008","1707938262"
"\mod_workshop\event\submission_viewed","1008","1707938263"
"\mod_workshop\event\assessable_uploaded","1008","1707938265"
"\core\event\course_viewed","1008","1708018002"
"\mod_resource\event\course_module_viewed","1008","1708018003"
"\mod_url\event\course_module_viewed","1008","1708018004"
"\mod_resource\event\course_module_viewed","1008","1708018082"
"\core\event\course_viewed","1008","1708018098"
"\core\event\course_viewed","1008","1708186997"
"\core\event\course_viewed","1008","1708187012"
"\core\event\course_viewed","1008","1708187016"
"\core\event\course_viewed","1008","1708187021"
"\mod_resource\event\course_module_viewed","1008","1708187025"
"\core\event\course_viewed","1008","1708187026"
"\mod_resource\event\course_module_viewed","1008","1708187032"
"\mod_resource\event\course_module_viewed","1008","1708187034"
"\mod_resource\event\course_module_viewed","1008","1708187688"
"\core\event\course_viewed","1008","1708189623"
"\core\event\course_viewed","1008","1708189630"
"\mod_workshop\event\course_module_viewed","1008","1708189632"
"\core\event\course_viewed","1008","1708189633"
"\core\event\course_viewed","1008","1708190986"
"\core\event\course_viewed","1008","1708190991"
"\core\event\course_viewed","1008","1708190996"
"\gradereport_user\event\grade_report_viewed","1008","1708191000"
"\core\event\course_viewed","1008","1708191003"
"\mod_workshop\event\course_module_viewed","1008","1708191014"
"\core\event\course_viewed","1008","1708846658"
"\mod_resource\event\course_module_viewed","1008","1708846665"
"\core\event\course_viewed","1008","1708846923"
"\core\event\course_viewed","1008","1708846929"
"\mod_resource\event\course_module_viewed","1008","1708846930"
"\core\event\course_viewed","1008","1708847243"
"\core\event\course_viewed","1008","1708847253"
"\mod_resource\event\course_module_viewed","1008","1708847294"
"\core\event\course_viewed","1008","1708847314"
"\core\event\course_viewed","1008","1708853731"
"\core\event\course_viewed","1008","1708853738"
"\core\event\course_viewed","1008","1708933713"
"\mod_workshop\event\course_module_viewed","1008","1708933716"
"\mod_workshop\event\submission_viewed","1008","1708933718"
"\core\event\course_viewed","1008","1708933740"
"\mod_workshop\event\course_module_viewed","1008","1708933743"
"\core\event\course_viewed","1008","1708933767"
"\core\event\course_viewed","1008","1708933770"
"\core\event\course_viewed","1008","1708933773"
"\core\event\course_viewed","1008","1708933775"
"\core\event\course_viewed","1008","1708933778"
"\core\event\course_viewed","1008","1708933780"
"\core\event\course_viewed","1008","1708933794"
"\core\event\course_viewed","1008","1708933888"
"\mod_resource\event\course_module_viewed","1008","1708933891"
"\mod_resource\event\course_module_viewed","1008","1708936330"
"\core\event\course_viewed","1008","1708937098"
"\core\event\course_viewed","1008","1708937102"
"\core\event\course_viewed","1008","1708937169"
"\core\event\course_viewed","1008","1709243923"
"\mod_url\event\course_module_viewed","1008","1709250181"
"\core\event\course_viewed","1008","1709250216"
"\core\event\course_viewed","1008","1709250218"
"\core\event\course_viewed","1008","1709250219"
"\mod_forum\event\discussion_viewed","1008","1709250224"
"\core\event\course_viewed","1008","1709250226"
"\core\event\course_viewed","1008","1709316411"
"\mod_url\event\course_module_viewed","1008","1709316413"
"\core\event\course_viewed","1008","1709317562"
"\core\event\course_viewed","1008","1709317564"
"\core\event\course_viewed","1008","1709317571"
"\mod_url\event\course_module_viewed","1008","1709317590"
"\core\event\course_viewed","1008","1709317592"
"\core\event\course_viewed","1008","1709319211"
"\core\event\course_viewed","1008","1709319346"
"\mod_resource\event\course_module_viewed","1008","1709319354"
"\core\event\course_viewed","1008","1709321189"
"\core\event\course_viewed","1008","1709321191"
"\mod_resource\event\course_module_viewed","1008","1709321194"
"\mod_resource\event\course_module_viewed","1008","1709323666"
"\core\event\course_viewed","1008","1709323835"
"\core\event\course_viewed","1008","1709323840"
"\core\event\course_viewed","1008","1709323844"
"\mod_workshop\event\course_module_viewed","1008","1709323850"
"\core\event\user_profile_viewed","1008","1709323868"
"\mod_workshop\event\submission_assessed","1008","1709323938"
"\mod_workshop\event\submission_viewed","1008","1709323941"
"\mod_workshop\event\submission_viewed","1008","1709323947"
"\core\event\course_viewed","1008","1709323968"
"\core\event\course_viewed","1008","1709323972"
"\core\event\course_viewed","1008","1709323976"
"\core\event\course_viewed","1008","1709324014"
"\core\event\course_viewed","1008","1709351129"
"\core\event\course_viewed","1008","1709351132"
"\mod_resource\event\course_module_viewed","1008","1709351135"
"\core\event\course_viewed","1008","1709351139"
"\core\event\course_viewed","1008","1709351141"
"\mod_resource\event\course_module_viewed","1008","1709351147"
"\core\event\course_viewed","1008","1709355273"
"\mod_workshop\event\course_module_viewed","1008","1709355282"
"\core\event\course_viewed","1008","1709355288"
"\core\event\course_viewed","1008","1709355401"
"\core\event\course_viewed","1008","1709355405"
"\mod_resource\event\course_module_viewed","1008","1709355410"
"\core\event\course_viewed","1008","1709355632"
"\core\event\course_viewed","1008","1709355636"
"\core\event\course_viewed","1008","1709355639"
"\gradereport_user\event\grade_report_viewed","1008","1709355642"
"\core\event\course_viewed","1008","1709355649"
"\core\event\course_viewed","1008","1709355651"
"\core\event\course_viewed","1008","1709355655"
"\mod_resource\event\course_module_viewed","1008","1709355660"
"\core\event\course_viewed","1008","1709355661"
"\core\event\course_viewed","1008","1709355665"
"\core\event\course_viewed","1008","1709355666"
"\core\event\course_viewed","1008","1709355685"
"\core\event\course_viewed","1008","1709355690"
"\core\event\course_viewed","1008","1709355711"
"\mod_workshop\event\course_module_viewed","1008","1709356513"
"\mod_workshop\event\submission_assessed","1008","1709356516"
"\mod_workshop\event\submission_assessed","1008","1709356923"
"\core\event\course_viewed","1008","1709357093"
"\core\event\course_viewed","1008","1709357103"
"\core\event\course_viewed","1008","1709357105"
"\core\event\course_viewed","1008","1709408406"
"\core\event\course_viewed","1008","1709408410"
"\core\event\course_viewed","1008","1709408412"
"\core\event\course_viewed","1008","1709408415"
"\mod_workshop\event\course_module_viewed","1008","1709408420"
"\core\event\course_viewed","1008","1709408425"
"\core\event\course_viewed","1008","1709408427"
"\core\event\course_viewed","1008","1709408429"
"\core\event\course_viewed","1008","1709408430"
"\mod_workshop\event\course_module_viewed","1008","1709408436"
"\mod_workshop\event\assessable_uploaded","1008","1709408440"
"\mod_workshop\event\submission_viewed","1008","1709408441"
"\mod_workshop\event\submission_viewed","1008","1709408454"
"\mod_workshop\event\submission_viewed","1008","1709408475"
"\mod_workshop\event\submission_updated","1008","1709408476"
"\core\event\course_viewed","1008","1709464244"
"\core\event\course_viewed","1008","1709464245"
"\core\event\course_viewed","1008","1709464255"
"\core\event\course_viewed","1008","1709464259"
"\mod_workshop\event\course_module_viewed","1008","1709467982"
"\mod_workshop\event\course_module_viewed","1008","1709468028"
"\core\event\course_viewed","1008","1709468035"
"\mod_workshop\event\course_module_viewed","1008","1709468037"
"\core\event\course_viewed","1008","1709831348"
"\core\event\course_viewed","1008","1709831364"
"\core\event\course_viewed","1008","1709831368"
"\core\event\course_viewed","1008","1709831369"
"\mod_forum\event\course_module_viewed","1008","1709831374"
"\mod_forum\event\discussion_viewed","1008","1709831378"
"\mod_forum\event\discussion_viewed","1008","1709831390"
"\mod_forum\event\discussion_viewed","1008","1709831396"
"\core\event\course_viewed","1008","1709831503"
"\core\event\course_viewed","1008","1709831506"
"\mod_workshop\event\course_module_viewed","1008","1709831507"
"\mod_workshop\event\course_module_viewed","1008","1709831508"
"\core\event\course_viewed","1008","1709831509"
"\mod_workshop\event\course_module_viewed","1008","1709864083"
"\core\event\course_viewed","1008","1709864095"
"\mod_forum\event\discussion_viewed","1008","1709864096"
"\core\event\course_viewed","1008","1709864106"
"\core\event\course_viewed","1008","1709864110"
"\core\event\course_viewed","1008","1710066790"
"\core\event\course_viewed","1008","1710067819"
"\core\event\course_viewed","1008","1710067823"
"\mod_resource\event\course_module_viewed","1008","1710067824"
"\core\event\course_viewed","1008","1710068728"
"\core\event\course_viewed","1008","1710068736"
"\core\event\course_viewed","1008","1710068737"
"\core\event\course_viewed","1008","1710176105"
"\core\event\course_viewed","1008","1710176110"
"\mod_resource\event\course_module_viewed","1008","1710176116"
"\mod_resource\event\course_module_viewed","1008","1710176122"
"\core\event\course_viewed","1008","1710176132"
"\core\event\course_viewed","1008","1710176139"
"\mod_resource\event\course_module_viewed","1008","1710176144"
"\core\event\course_viewed","1008","1710244719"
"\core\event\course_viewed","1008","1710244722"
"\core\event\course_viewed","1008","1710245707"
"\core\event\course_viewed","1008","1710245710"
"\core\event\course_viewed","1008","1710245711"
"\mod_forum\event\discussion_viewed","1008","1710245713"
"\mod_forum\event\discussion_viewed","1008","1710245736"
"\core\event\course_viewed","1008","1710245846"
"\mod_workshop\event\course_module_viewed","1008","1710245849"
"\core\event\course_viewed","1008","1710245855"
"\core\event\course_viewed","1008","1710245859"
"\mod_workshop\event\course_module_viewed","1008","1710245877"
"\core\event\course_viewed","1008","1710245900"
"\core\event\course_viewed","1008","1710400721"
"\mod_workshop\event\course_module_viewed","1008","1710400742"
"\core\event\course_viewed","1008","1710400746"
"\gradereport_user\event\grade_report_viewed","1008","1710400750"
"\core\event\course_viewed","1008","1710400771"
"\mod_choicegroup\event\course_module_viewed","1008","1710400774"
"\mod_choicegroup\event\course_module_viewed","1008","1710400775"
"\mod_choicegroup\event\course_module_viewed","1008","1710400776"
"\mod_choicegroup\event\course_module_viewed","1008","1710400829"
"\mod_choicegroup\event\course_module_viewed","1008","1710400835"
"\mod_choicegroup\event\course_module_viewed","1008","1710400837"
"\core\event\course_viewed","1008","1710400852"
"\core\event\course_viewed","1008","1710400978"
"\core\event\course_viewed","1008","1710400983"
"\core\event\course_viewed","1008","1710401183"
"\core\event\course_viewed","1008","1710401186"
"\core\event\course_viewed","1008","1710401187"
"\core\event\course_viewed","1008","1710401191"
"\core\event\course_viewed","1008","1710401192"
"\core\event\course_viewed","1008","1710401196"
"\mod_resource\event\course_module_viewed","1008","1710401198"
"\core\event\course_viewed","1008","1710403134"
"\mod_workshop\event\course_module_viewed","1008","1710403534"
"\mod_workshop\event\submission_assessed","1008","1710403539"
"\core\event\course_viewed","1008","1710406396"
"\core\event\course_viewed","1008","1710407603"
"\mod_workshop\event\course_module_viewed","1008","1710407606"
"\core\event\course_viewed","1008","1710407616"
"\core\event\course_viewed","1008","1710407625"
"\mod_workshop\event\course_module_viewed","1008","1710407629"
"\mod_workshop\event\submission_viewed","1008","1710407637"
"\mod_workshop\event\assessable_uploaded","1008","1710407641"
"\core\event\course_viewed","1008","1710407644"
"\mod_resource\event\course_module_viewed","1008","1710407650"
"\core\event\course_viewed","1008","1710407661"
"\core\event\course_viewed","1008","1710407665"
"\core\event\course_viewed","1008","1710410054"
"\core\event\course_viewed","1008","1710410060"
"\core\event\course_viewed","1008","1710604053"
"\mod_resource\event\course_module_viewed","1008","1710604054"
"\core\event\course_viewed","1008","1710604176"
"\gradereport_user\event\grade_report_viewed","1008","1710604179"
"\core\event\course_viewed","1008","1711419994"
"\core\event\course_viewed","1008","1711420012"
"\core\event\course_viewed","1008","1711420014"
"\core\event\course_viewed","1008","1711420018"
"\mod_forum\event\discussion_viewed","1008","1711420027"
"\core\event\course_viewed","1008","1711420113"
"\core\event\course_viewed","1008","1711420117"
"\core\event\course_viewed","1008","1711420125"
"\core\event\course_viewed","1008","1711420248"
"\core\event\course_viewed","1008","1711420274"
"\mod_resource\event\course_module_viewed","1008","1711420277"
"\core\event\course_viewed","1008","1711420495"
"\core\event\course_viewed","1008","1711420498"
"\mod_workshop\event\course_module_viewed","1008","1711420504"
"\core\event\course_viewed","1008","1711892771"
"\mod_forum\event\discussion_viewed","1008","1711892784"
"\core\event\course_viewed","1008","1711892789"
"\core\event\course_viewed","1008","1711892792"
"\core\event\course_viewed","1008","1711892801"
"\core\event\course_viewed","1008","1711892810"
"\core\event\course_viewed","1008","1711892827"
"\core\event\course_viewed","1008","1712065729"
"\core\event\course_viewed","1008","1712065731"
"\mod_resource\event\course_module_viewed","1008","1712065732"
"\mod_resource\event\course_module_viewed","1008","1712065914"
"\core\event\course_viewed","1008","1712067922"
"\core\event\course_viewed","1008","1712067934"
"\core\event\course_viewed","1008","1712067935"
"\mod_workshop\event\course_module_viewed","1008","1712067950"
"\core\event\course_viewed","1008","1712067956"
"\mod_workshop\event\course_module_viewed","1008","1712067960"
"\mod_quiz\event\attempt_viewed","1008","1712067962"
"\mod_quiz\event\attempt_viewed","1008","1712068034"
"\mod_quiz\event\attempt_updated","1008","1712068035"
"\mod_quiz\event\attempt_updated","1008","1712068155"
"\core\event\course_viewed","1008","1712249015"
"\mod_workshop\event\course_module_viewed","1008","1712249017"
"\mod_workshop\event\submission_viewed","1008","1712249022"
"\core\event\course_viewed","1008","1712249035"
"\mod_resource\event\course_module_viewed","1008","1712249116"
"\core\event\course_viewed","1008","1712249170"
"\core\event\course_viewed","1008","1712276288"
"\gradereport_user\event\grade_report_viewed","1008","1712276295"
"\core\event\course_viewed","1008","1712276299"
"\core\event\course_viewed","1008","1712276301"
"\core\event\course_viewed","1008","1712276319"
"\core\event\course_viewed","1008","1712456563"
"\core\event\course_viewed","1008","1712456565"
"\mod_scheduler\event\booking_form_viewed","1008","1712456571"
"\mod_mail\event\course_module_viewed","1008","1712456593"
"\mod_mail\event\message_send","1008","1712456602"
"\mod_mail\event\course_module_viewed","1008","1712456604"
"\mod_mail\event\course_module_viewed","1008","1712456612"
"\mod_mail\event\course_module_viewed","1008","1712456618"
"\mod_mail\event\course_module_viewed","1008","1712456624"
"\mod_mail\event\course_module_viewed","1008","1712456627"
"\mod_mail\event\course_module_viewed","1008","1712457128"
"\mod_mail\event\course_module_viewed","1008","1712457133"
"\core\event\course_viewed","1008","1712518773"
"\mod_workshop\event\course_module_viewed","1008","1712518777"
"\core\event\course_viewed","1008","1712518781"
"\mod_resource\event\course_module_viewed","1008","1712518782"
"\core\event\course_viewed","1008","1712677278"
"\mod_resource\event\course_module_viewed","1008","1712677334"
"\core\event\course_viewed","1008","1712677388"
"\core\event\course_viewed","1008","1712677391"
"\core\event\course_viewed","1008","1712677398"
"\core\event\course_viewed","1008","1712681204"
"\core\event\course_viewed","1008","1712681207"
"\core\event\course_viewed","1008","1712681217"
"\core\event\course_viewed","1008","1712681218"
"\core\event\course_viewed","1008","1712681224"
"\core\event\course_viewed","1008","1712681226"
"\mod_workshop\event\course_module_viewed","1008","1712681588"
"\core\event\course_viewed","1008","1712681591"
"\gradereport_user\event\grade_report_viewed","1008","1712681596"
"\gradereport_user\event\grade_report_viewed","1008","1712682367"
"\core\event\course_viewed","1008","1712682368"
"\mod_quiz\event\course_module_viewed","1008","1712682377"
"\mod_quiz\event\course_module_viewed","1008","1712682378"
"\mod_quiz\event\attempt_viewed","1008","1712682379"
"\mod_quiz\event\attempt_updated","1008","1712682380"
"\mod_quiz\event\attempt_viewed","1008","1712682387"
"\mod_quiz\event\attempt_updated","1008","1712682433"
"\mod_quiz\event\attempt_viewed","1008","1712682439"
"\mod_quiz\event\attempt_updated","1008","1712682441"
"\mod_quiz\event\attempt_viewed","1008","1712682442"
"\mod_quiz\event\attempt_viewed","1008","1712682462"
"\mod_quiz\event\attempt_updated","1008","1712682463"
"\mod_quiz\event\attempt_viewed","1008","1712682482"
"\mod_quiz\event\attempt_updated","1008","1712682483"
"\mod_quiz\event\attempt_submitted","1008","1712682487"
"\mod_quiz\event\course_module_viewed","1008","1712683003"
"\core\event\course_viewed","1008","1712683007"
"\core\event\course_viewed","1008","1712683009"
"\mod_workshop\event\course_module_viewed","1008","1712683012"
"\core\event\course_viewed","1008","1712685016"
"\core\event\course_viewed","1008","1712767370"
"\core\event\course_viewed","1008","1712768442"
"\core\event\course_viewed","1008","1712768445"
"\core\event\course_viewed","1008","1712768482"
"\core\event\course_viewed","1008","1712768485"
"\core\event\course_viewed","1008","1712768487"
"\core\event\course_viewed","1008","1712769377"
"\gradereport_user\event\grade_report_viewed","1008","1712769385"
"\core\event\course_viewed","1008","1713080688"
"\mod_resource\event\course_module_viewed","1008","1713080690"
"\core\event\course_viewed","1008","1713081113"
"\core\event\course_viewed","1008","1713081115"
"\core\event\course_viewed","1008","1713081116"
"\core\event\course_viewed","1008","1713081121"
"\mod_workshop\event\course_module_viewed","1008","1713084114"
"\core\event\course_viewed","1008","1713084140"
"\core\event\course_viewed","1008","1713216138"
"\mod_resource\event\course_module_viewed","1008","1713216143"
"\mod_resource\event\course_module_viewed","1008","1713216425"
"\core\event\course_viewed","1008","1713218893"
"\mod_resource\event\course_module_viewed","1008","1713218895"
"\mod_resource\event\course_module_viewed","1008","1713218919"
"\core\event\course_viewed","1008","1713220275"
"\core\event\course_viewed","1008","1713220694"
"\core\event\course_viewed","1008","1713220695"
"\core\event\course_viewed","1008","1713220698"
"\mod_forum\event\course_module_viewed","1008","1713221688"
"\core\event\course_viewed","1008","1713221693"
"\mod_url\event\course_module_viewed","1008","1713221827"
"\core\event\course_viewed","1008","1713316533"
"\core\event\course_viewed","1008","1713316538"
"\core\event\course_viewed","1008","1713316541"
"\core\event\course_viewed","1008","1713316632"
"\mod_resource\event\course_module_viewed","1008","1713316636"
"\mod_resource\event\course_module_viewed","1008","1713316637"
"\mod_resource\event\course_module_viewed","1008","1713316859"
"\core\event\course_viewed","1008","1713317483"
"\core\event\course_viewed","1008","1713317485"
"\core\event\course_viewed","1008","1713416088"
"\mod_resource\event\course_module_viewed","1008","1713416658"
"\core\event\course_viewed","1008","1713417632"
"\core\event\course_viewed","1008","1713417726"
"\core\event\course_viewed","1008","1713417735"
"\mod_workshop\event\course_module_viewed","1008","1713417736"
"\mod_workshop\event\course_module_viewed","1008","1713417906"
"\mod_workshop\event\submission_viewed","1008","1713417908"
"\core\event\course_viewed","1008","1713491186"
"\mod_workshop\event\course_module_viewed","1008","1713491371"
"\mod_workshop\event\submission_viewed","1008","1713491378"
"\mod_workshop\event\assessable_uploaded","1008","1713491379"
"\core\event\course_viewed","1008","1713492618"
"\core\event\course_viewed","1008","1713492624"
"\mod_url\event\course_module_viewed","1008","1713492632"
"\core\event\course_viewed","1008","1713494271"
"\mod_workshop\event\course_module_viewed","1008","1713494275"
"\core\event\course_viewed","1008","1713494280"
"\mod_quiz\event\course_module_viewed","1008","1713494286"
"\core\event\course_viewed","1008","1713494292"
"\mod_choice\event\course_module_viewed","1008","1713494304"
"\core\event\course_viewed","1008","1713494307"
"\core\event\course_viewed","1008","1713494314"
"\core\event\course_viewed","1008","1713494315"
"\mod_workshop\event\course_module_viewed","1008","1713494317"
"\core\event\course_viewed","1008","1713494321"
"\core\event\course_viewed","1008","1713494322"
"\mod_workshop\event\course_module_viewed","1008","1713494345"
"\core\event\course_viewed","1008","1713494349"
"\gradereport_user\event\grade_report_viewed","1008","1713494358"
"\core\event\course_viewed","1008","1713494381"
"\core\event\course_viewed","1008","1713494388"
"\mod_resource\event\course_module_viewed","1008","1713494389"
"\core\event\course_viewed","1008","1713494405"
"\core\event\course_viewed","1008","1713494410"
"\mod_workshop\event\course_module_viewed","1008","1713494413"
"\core\event\course_viewed","1008","1713494424"
"\mod_workshop\event\course_module_viewed","1008","1713494429"
"\core\event\course_viewed","1008","1713495686"
"\mod_mail\event\course_module_viewed","1008","1713495689"
"\mod_mail\event\course_module_viewed","1008","1713495694"
"\mod_mail\event\message_send","1008","1713495816"
"\mod_mail\event\course_module_viewed","1008","1713495817"
"\mod_mail\event\course_module_viewed","1008","1713495822"
"\mod_mail\event\course_module_viewed","1008","1713495915"
"\mod_mail\event\course_module_viewed","1008","1713495933"
"\core\event\course_viewed","1008","1713497905"
"\core\event\course_viewed","1008","1713497910"
"\mod_workshop\event\course_module_viewed","1008","1713497916"
"\core\event\course_viewed","1008","1713497921"
"\core\event\course_viewed","1008","1713497927"
"\mod_resource\event\course_module_viewed","1008","1713497930"
"\mod_resource\event\course_module_viewed","1008","1713497969"
"\mod_resource\event\course_module_viewed","1008","1713498022"
"\mod_workshop\event\course_module_viewed","1008","1713499221"
"\mod_workshop\event\assessable_uploaded","1008","1713503342"
"\core\event\course_viewed","1008","1713503415"
"\mod_resource\event\course_module_viewed","1008","1713503419"
"\mod_resource\event\course_module_viewed","1008","1713503431"
"\core\event\course_viewed","1008","1713503445"
"\core\event\course_viewed","1008","1713503449"
"\core\event\course_viewed","1008","1713503452"
"\core\event\course_viewed","1008","1713503453"
"\mod_workshop\event\course_module_viewed","1008","1713503455"
"\mod_workshop\event\course_module_viewed","1008","1713503460"
"\mod_workshop\event\submission_viewed","1008","1713530583"
"\mod_workshop\event\submission_created","1008","1713530584"
"\mod_workshop\event\submission_updated","1008","1713530585"
"\mod_workshop\event\submission_created","1008","1713530588"
"\mod_workshop\event\submission_viewed","1008","1713530589"
"\mod_workshop\event\course_module_viewed","1008","1713530599"
"\core\event\course_viewed","1008","1713530628"
"\core\event\course_viewed","1008","1713530633"
"\mod_scheduler\event\booking_form_viewed","1008","1713530635"
"\core\event\course_viewed","1008","1713530639"
"\mod_workshop\event\course_module_viewed","1008","1713530641"
"\core\event\course_viewed","1008","1713530642"
"\mod_resource\event\course_module_viewed","1008","1713530653"
"\core\event\course_viewed","1008","1713531043"
"\core\event\course_viewed","1008","1713531045"
"\core\event\course_viewed","1008","1713531051"
"\mod_workshop\event\course_module_viewed","1008","1713531069"
"\mod_workshop\event\assessable_uploaded","1008","1713531070"
"\mod_workshop\event\submission_viewed","1008","1713531071"
"\core\event\course_viewed","1008","1713531072"
"\mod_url\event\course_module_viewed","1008","1713531104"
"\core\event\course_viewed","1008","1713531107"
"\mod_resource\event\course_module_viewed","1008","1713566964"
"\mod_resource\event\course_module_viewed","1008","1713566972"
"\mod_resource\event\course_module_viewed","1008","1713566974"
"\mod_resource\event\course_module_viewed","1008","1713566981"
"\core\event\course_viewed","1008","1713566995"
"\core\event\course_viewed","1008","1713567011"
"\core\event\course_viewed","1008","1713632477"
"\mod_resource\event\course_module_viewed","1008","1713632480"
"\core\event\course_viewed","1008","1713633144"
"\core\event\course_viewed","1008","1713633147"
"\gradereport_user\event\grade_report_viewed","1008","1713633159"
"\core\event\course_viewed","1008","1713633166"
"\mod_workshop\event\course_module_viewed","1008","1713633177"
"\mod_workshop\event\submission_assessed","1008","1713633178"
"\mod_workshop\event\submission_reassessed","1008","1713633645"
"\mod_workshop\event\course_module_viewed","1008","1713633651"
"\mod_workshop\event\course_module_viewed","1008","1713633656"
"\mod_workshop\event\submission_reassessed","1008","1713633658"
"\mod_workshop\event\submission_reassessed","1008","1713633687"
"\mod_workshop\event\course_module_viewed","1008","1713633688"
"\mod_workshop\event\submission_viewed","1008","1713633699"
"\core\event\course_viewed","1008","1713633704"
"\core\event\course_viewed","1008","1713633705"
"\mod_forum\event\discussion_viewed","1008","1713715173"
"\core\event\course_viewed","1008","1713715175"
"\mod_resource\event\course_module_viewed","1008","1713715178"
"\core\event\course_viewed","1008","1713715373"
"\core\event\course_viewed","1008","1713715375"
"\mod_resource\event\course_module_viewed","1008","1713715377"
"\core\event\course_viewed","1008","1713715390"
"\mod_workshop\event\course_module_viewed","1008","1713715662"
"\core\event\course_viewed","1008","1713715680"
"\core\event\course_viewed","1008","1713715693"
"\core\event\course_viewed","1008","1713715702"
"\core\event\course_viewed","1008","1713715710"
"\mod_scheduler\event\booking_form_viewed","1008","1713715714"
"\core\event\course_viewed","1008","1713763160"
"\core\event\course_viewed","1008","1713763165"
"\core\event\course_viewed","1008","1713763172"
"\core\event\course_viewed","1008","1713763180"
"\core\event\course_viewed","1008","1713763185"
"\core\event\course_viewed","1008","1713763190"
"\core\event\course_viewed","1008","1713763191"
"\core\event\course_viewed","1008","1713763207"
"\core\event\course_viewed","1008","1713763210"
"\mod_resource\event\course_module_viewed","1008","1713763215"
"\mod_workshop\event\submission_assessed","1008","1713763220"
"\core\event\course_viewed","1008","1713767399"
"\core\event\course_viewed","1008","1713767437"
"\core\event\course_viewed","1008","1713767441"
"\core\event\course_viewed","1008","1713767443"
"\core\event\course_viewed","1008","1714454843"
"\mod_resource\event\course_module_viewed","1008","1714457087"
"\mod_resource\event\course_module_viewed","1008","1714457090"
"\core\event\course_viewed","1008","1714457099"
"\mod_workshop\event\course_module_viewed","1008","1714457104"
"\mod_workshop\event\submission_viewed","1008","1714457106"
"\core\event\course_viewed","1008","1714457131"
"\mod_resource\event\course_module_viewed","1008","1714457140"
"\mod_resource\event\course_module_viewed","1008","1714457169"
"\core\event\course_viewed","1008","1714457171"
"\core\event\course_viewed","1008","1714457173"
"\mod_choice\event\course_module_viewed","1008","1714457178"
"\core\event\course_viewed","1008","1714458925"
"\mod_workshop\event\course_module_viewed","1008","1714458928"
"\mod_workshop\event\course_module_viewed","1008","1714460407"
"\core\event\course_viewed","1008","1714460410"
"\core\event\course_viewed","1008","1714460416"
"\mod_workshop\event\course_module_viewed","1008","1714460420"
"\core\event\course_viewed","1008","1714625364"
"\core\event\course_viewed","1008","1714625368"
"\mod_resource\event\course_module_viewed","1008","1714625371"
"\mod_resource\event\course_module_viewed","1008","1714625375"
"\mod_resource\event\course_module_viewed","1008","1714698109"
"\core\event\course_viewed","1008","1714698632"
"\core\event\course_viewed","1008","1714698653"
"\core\event\course_viewed","1008","1714698657"
"\core\event\course_viewed","1008","1714698668"
"\mod_workshop\event\course_module_viewed","1008","1714698697"
"\core\event\course_viewed","1008","1714698762"
"\mod_workshop\event\course_module_viewed","1008","1714698768"
"\mod_workshop\event\submission_viewed","1008","1714698824"
"\core\event\course_viewed","1008","1714698938"
"\mod_resource\event\course_module_viewed","1008","1714698940"
"\core\event\course_viewed","1008","1714698997"
"\core\event\course_viewed","1008","1714698998"
"\core\event\course_viewed","1008","1714699080"
"\mod_quiz\event\course_module_viewed","1008","1714699082"
"\mod_quiz\event\attempt_reviewed","1008","1714699088"
"\mod_quiz\event\attempt_submitted","1008","1714699090"
"\mod_quiz\event\course_module_viewed","1008","1714699268"
"\core\event\course_viewed","1008","1714699288"
"\core\event\course_viewed","1008","1714699298"
"\mod_url\event\course_module_viewed","1008","1714699331"
"\core\event\course_viewed","1008","1714699842"
"\core\event\course_viewed","1008","1714699848"
"\gradereport_user\event\grade_report_viewed","1008","1714699867"
"\core\event\course_viewed","1008","1715649434"
"\mod_resource\event\course_module_viewed","1008","1715649437"
"\mod_workshop\event\submission_viewed","1008","1715651410"
"\mod_workshop\event\course_module_viewed","1008","1715651413"
"\mod_workshop\event\submission_viewed","1008","1715655482"
"\mod_workshop\event\assessable_uploaded","1008","1715655483"
"\mod_workshop\event\submission_viewed","1008","1715655484"
"\core\event\course_viewed","1008","1715655498"
"\core\event\course_viewed","1008","1715774426"
"\mod_workshop\event\course_module_viewed","1008","1715774431"
"\mod_workshop\event\assessable_uploaded","1008","1715776167"
"\mod_workshop\event\submission_viewed","1008","1715776169"
"\mod_workshop\event\submission_updated","1008","1715776283"
"\mod_workshop\event\submission_viewed","1008","1715776303"
"\mod_workshop\event\submission_viewed","1008","1715776308"
"\mod_workshop\event\submission_updated","1008","1715776309"
"\mod_workshop\event\assessable_uploaded","1008","1715776313"
"\core\event\course_viewed","1008","1715837680"
"\core\event\course_viewed","1008","1715837684"
"\core\event\user_list_viewed","1008","1715837685"
"\mod_quiz\event\attempt_autosaved","1008","1715837688"
"\mod_quiz\event\attempt_viewed","1008","1715837930"
"\mod_quiz\event\attempt_viewed","1008","1715837975"
"\mod_quiz\event\attempt_updated","1008","1715838175"
"\mod_quiz\event\attempt_updated","1008","1715838178"
"\mod_quiz\event\attempt_viewed","1008","1715838180"
"\mod_quiz\event\attempt_viewed","1008","1715838269"
"\mod_quiz\event\attempt_updated","1008","1715838298"
"\mod_quiz\event\attempt_summary_viewed","1008","1715838299"
"\mod_quiz\event\attempt_updated","1008","1715838304"
"\mod_quiz\event\attempt_viewed","1008","1715838305"
"\mod_quiz\event\attempt_updated","1008","1715838417"
"\mod_quiz\event\attempt_viewed","1008","1715838418"
"\mod_quiz\event\attempt_updated","1008","1715838419"
"\mod_quiz\event\attempt_updated","1008","1715838510"
"\mod_quiz\event\attempt_updated","1008","1715838516"
"\mod_quiz\event\attempt_updated","1008","1715838525"
"\mod_quiz\event\attempt_viewed","1008","1715838526"
"\mod_quiz\event\attempt_updated","1008","1715838542"
"\mod_url\event\course_module_viewed","1008","1715838556"
"\core\event\course_viewed","1008","1715839681"
"\mod_resource\event\course_module_viewed","1008","1715839687"
"\core\event\course_viewed","1008","1715841773"
"\core\event\course_viewed","1008","1715841775"
"\core\event\course_viewed","1008","1715841780"
"\core\event\course_viewed","1008","1715841781"
"\mod_resource\event\course_module_viewed","1008","1715841795"
"\core\event\course_viewed","1008","1715841943"
"\mod_mail\event\course_module_viewed","1008","1715841954"
"\mod_mail\event\course_module_viewed","1008","1715841957"
"\core\event\course_viewed","1008","1715842087"
"\core\event\course_viewed","1008","1715842090"
"\core\event\course_viewed","1008","1715842097"
"\mod_workshop\event\course_module_viewed","1008","1715842098"
"\core\event\course_viewed","1008","1715842126"
"\core\event\course_viewed","1008","1715842128"
"\core\event\course_viewed","1008","1715842131"
"\core\event\course_viewed","1008","1715842132"
"\core\event\course_viewed","1008","1715842133"
"\core\event\course_viewed","1008","1715842144"
"\mod_resource\event\course_module_viewed","1008","1715842161"
"\core\event\course_viewed","1008","1715842175"
"\core\event\course_viewed","1008","1715842187"
"\core\event\course_viewed","1008","1715842194"
"\core\event\course_viewed","1008","1715842195"
"\mod_workshop\event\course_module_viewed","1008","1715842200"
"\core\event\course_viewed","1008","1715842258"
"\core\event\course_viewed","1008","1715842268"
"\mod_quiz\event\attempt_viewed","1008","1715842270"
"\core\event\course_viewed","1008","1715916728"
"\mod_workshop\event\course_module_viewed","1008","1715916733"
"\core\event\course_viewed","1008","1715916744"
"\core\event\course_viewed","1008","1715916745"
"\core\event\course_viewed","1008","1715916750"
"\mod_workshop\event\course_module_viewed","1008","1715916788"
"\core\event\course_viewed","1008","1715916809"
"\core\event\course_viewed","1008","1715916838"
"\core\event\course_viewed","1008","1715916840"
"\core\event\course_viewed","1008","1715916841"
"\core\event\course_viewed","1008","1715918752"
"\core\event\course_viewed","1008","1715918755"
"\mod_resource\event\course_module_viewed","1008","1715918769"
"\core\event\course_viewed","1008","1715921048"
"\mod_forum\event\discussion_viewed","1008","1715921052"
"\mod_forum\event\discussion_viewed","1008","1715921053"
"\core\event\course_viewed","1008","1715921288"
"\mod_workshop\event\course_module_viewed","1008","1715921289"
"\mod_workshop\event\course_module_viewed","1008","1715921322"
"\mod_workshop\event\submission_assessed","1008","1716500363"
"\mod_workshop\event\submission_assessed","1008","1716500433"
"\mod_workshop\event\submission_assessed","1008","1716500944"
"\core\event\course_viewed","1008","1716501025"
"\core\event\course_viewed","1008","1716501030"
"\core\event\course_viewed","1008","1716501033"
"\core\event\course_viewed","1008","1716501050"
"\mod_resource\event\course_module_viewed","1008","1716501330"
"\core\event\course_viewed","1008","1716501643"
"\core\event\course_viewed","1008","1716501650"
"\mod_resource\event\course_module_viewed","1008","1716501651"
"\core\event\course_viewed","1008","1716501915"
"\core\event\course_viewed","1008","1716501925"
"\mod_workshop\event\course_module_viewed","1008","1716501926"
"\core\event\course_viewed","1008","1716501946"
"\core\event\course_viewed","1008","1716501955"
"\core\event\course_viewed","1008","1716501957"
"\gradereport_user\event\grade_report_viewed","1008","1716501960"
"\core\event\course_viewed","1008","1716502011"
"\core\event\course_viewed","1008","1716502016"
"\mod_resource\event\course_module_viewed","1008","1716502017"
"\core\event\course_viewed","1008","1716588836"
"\core\event\course_viewed","1008","1716589115"
"\mod_resource\event\course_module_viewed","1008","1716589127"
"\core\event\course_viewed","1008","1716590380"
"\core\event\course_viewed","1008","1716590386"
"\core\event\course_viewed","1008","1716590393"
"\core\event\course_viewed","1008","1716720810"
"\core\event\course_viewed","1008","1716720868"
"\mod_workshop\event\course_module_viewed","1008","1716720870"
"\core\event\course_viewed","1008","1716720876"
"\mod_resource\event\course_module_viewed","1008","1716720878"
"\core\event\course_viewed","1008","1716721852"
"\mod_quiz\event\course_module_viewed","1008","1716721854"
"\mod_quiz\event\attempt_viewed","1008","1716721859"
"\core\event\course_viewed","1008","1716722167"
"\mod_workshop\event\course_module_viewed","1008","1716724103"
"\mod_workshop\event\course_module_viewed","1008","1716724110"
"\core\event\user_profile_viewed","1008","1716724135"
"\core\event\user_profile_viewed","1008","1716724137"
"\mod_mail\event\course_module_viewed","1008","1716724142"
"\core\event\course_viewed","1008","1716724147"
"\core\event\course_viewed","1008","1716724151"
"\core\event\course_viewed","1008","1716724154"
"\core\event\course_viewed","1008","1716724160"
"\core\event\course_viewed","1008","1716724164"
"\mod_workshop\event\course_module_viewed","1008","1716724179"
"\mod_workshop\event\course_module_viewed","1008","1716724206"
"\mod_workshop\event\course_module_viewed","1008","1717349236"
"\mod_workshop\event\submission_assessed","1008","1717349454"
"\core\event\course_viewed","1008","1717349465"
"\mod_forum\event\discussion_viewed","1008","1717349469"
"\core\event\course_viewed","1008","1717349473"
"\mod_choicegroup\event\course_module_viewed","1008","1717349476"
"\mod_choicegroup\event\course_module_viewed","1008","1717349477"
"\mod_choicegroup\event\course_module_viewed","1008","1717349478"
"\mod_choicegroup\event\course_module_viewed","1008","1717349481"
"\core\event\course_viewed","1008","1717349542"
"\gradereport_user\event\grade_report_viewed","1008","1717349543"
"\core\event\course_viewed","1008","1717349548"
"\mod_resource\event\course_module_viewed","1008","1717349553"
"\mod_resource\event\course_module_viewed","1008","1717349558"
"\mod_resource\event\course_module_viewed","1008","1717353733"
"\mod_workshop\event\course_module_viewed","1008","1717353825"
"\mod_workshop\event\course_module_viewed","1008","1717356018"
"\core\event\course_viewed","1008","1717641444"
"\mod_resource\event\course_module_viewed","1008","1717641446"
"\mod_resource\event\course_module_viewed","1008","1717641967"
"\core\event\course_viewed","1008","1717684348"
"\mod_scheduler\event\booking_form_viewed","1008","1717684350"
"\core\event\course_viewed","1008","1717684353"
"\mod_resource\event\course_module_viewed","1008","1717684360"
"\core\event\course_viewed","1008","1717684362"
"\mod_workshop\event\course_module_viewed","1008","1717684367"
"\mod_workshop\event\submission_assessed","1008","1717684369"
"\mod_workshop\event\submission_assessed","1008","1717684574"
"\core\event\course_viewed","1008","1717684586"
"\mod_resource\event\course_module_viewed","1008","1717684588"
"\mod_quiz\event\attempt_updated","1008","1717684780"
"\mod_quiz\event\attempt_viewed","1008","1717684781"
"\mod_quiz\event\attempt_updated","1008","1717684782"
"\mod_quiz\event\attempt_viewed","1008","1717684783"
"\mod_quiz\event\attempt_updated","1008","1717684785"
"\mod_quiz\event\attempt_summary_viewed","1008","1717684821"
"\mod_quiz\event\attempt_updated","1008","1717684822"
"\mod_quiz\event\attempt_summary_viewed","1008","1717684824"
"\mod_quiz\event\attempt_updated","1008","1717684825"
"\mod_quiz\event\attempt_viewed","1008","1717684826"
"\mod_quiz\event\attempt_updated","1008","1717684827"
"\core\event\course_viewed","1008","1717726919"
"\core\event\course_viewed","1008","1717726924"
"\mod_workshop\event\course_module_viewed","1008","1717726927"
"\core\event\course_viewed","1008","1717726932"
"\mod_mail\event\course_module_viewed","1008","1717726937"
"\mod_mail\event\course_module_viewed","1008","1717726941"
"\mod_mail\event\course_module_viewed","1008","1717726946"
"\mod_mail\event\course_module_viewed","1008","1717726960"
"\mod_mail\event\course_module_viewed","1008","1717726963"
"\mod_mail\event\message_send","1008","1717727232"
"\core\event\course_viewed","1008","1717727236"
"\mod_resource\event\course_module_viewed","1008","1717727240"
"\core\event\course_viewed","1008","1717727250"
"\core\event\course_viewed","1008","1717873740"
"\core\event\course_viewed","1008","1717873745"
"\mod_resource\event\course_module_viewed","1008","1717873747"
"\mod_resource\event\course_module_viewed","1008","1717876881"
"\core\event\course_viewed","1008","1717876953"
"\core\event\course_viewed","1008","1717876959"
"\core\event\course_viewed","1008","1717876965"
"\mod_resource\event\course_module_viewed","1008","1717879861"
"\mod_forum\event\discussion_viewed","1008","1717879901"
"\core\event\user_profile_viewed","1008","1717879905"
"\mod_mail\event\course_module_viewed","1008","1718149296"
"\mod_mail\event\course_module_viewed","1008","1718149299"
"\mod_mail\event\message_send","1008","1718149309"
"\mod_mail\event\course_module_viewed","1008","1718149322"
"\mod_mail\event\course_module_viewed","1008","1718149325"
"\mod_mail\event\course_module_viewed","1008","1718149327"
"\mod_mail\event\message_send","1008","1718149329"
"\mod_mail\event\course_module_viewed","1008","1718149330"
"\core\event\course_viewed","1008","1718149342"
"\core\event\course_viewed","1008","1718149346"
"\mod_resource\event\course_module_viewed","1008","1718149349"
"\mod_url\event\course_module_viewed","1008","1718149358"
"\core\event\course_viewed","1008","1718149594"
"\core\event\course_viewed","1008","1718149599"
"\core\event\course_viewed","1008","1718149600"
"\gradereport_user\event\grade_report_viewed","1008","1718149602"
"\core\event\course_viewed","1008","1718150340"
"\mod_workshop\event\course_module_viewed","1008","1718150344"
"\core\event\course_viewed","1008","1718150350"
"\core\event\course_viewed","1008","1718151122"
"\core\event\course_viewed","1008","1718321190"
"\core\event\course_viewed","1008","1718321319"
"\core\event\course_viewed","1008","1718321322"
"\core\event\course_viewed","1008","1718321341"
"\core\event\course_viewed","1008","1718321342"
"\core\event\course_viewed","1008","1718321352"
"\core\event\course_viewed","1008","1718321356"
"\core\event\course_viewed","1008","1718321357"
"\core\event\course_viewed","1008","1718321370"
"\core\event\course_viewed","1008","1718321372"
"\core\event\course_viewed","1008","1718321375"
"\core\event\course_viewed","1008","1718806263"
"\core\event\course_viewed","1008","1718806264"
"\core\event\course_viewed","1008","1718806275"
"\core\event\course_viewed","1008","1718806280"
"\core\event\course_viewed","1008","1718806284"
"\mod_url\event\course_module_viewed","1008","1718806306"
"\core\event\course_viewed","1008","1719187746"
"\core\event\course_viewed","1008","1719187750"
"\mod_url\event\course_module_viewed","1008","1719187754"
"\core\event\course_viewed","1008","1719187809"
"\core\event\course_viewed","1008","1719187811"
"\core\event\course_viewed","1008","1719187814"
"\core\event\course_viewed","1008","1719187816"
"\mod_workshop\event\course_module_viewed","1008","1719187818"
"\core\event\course_viewed","1008","1719187841"
"\mod_quiz\event\course_module_viewed","1008","1719187844"
"\mod_quiz\event\attempt_started","1008","1719187847"
"\mod_quiz\event\attempt_viewed","1008","1719187848"
"\mod_quiz\event\attempt_updated","1008","1719187849"
"\core\event\course_viewed","1008","1719187870"
"\core\event\course_viewed","1008","1719187874"
"\core\event\course_viewed","1008","1719187875"
"\mod_resource\event\course_module_viewed","1008","1719187877"
"\core\event\course_viewed","1008","1719187975"
"\core\event\course_viewed","1008","1719189577"
"\core\event\course_viewed","1008","1719189591"
"\mod_url\event\course_module_viewed","1008","1719189732"
"\core\event\course_viewed","1008","1719189738"
"\core\event\course_viewed","1008","1719189742"
"\mod_workshop\event\course_module_viewed","1008","1719189747"
"\core\event\course_viewed","1008","1719189749"
"\core\event\course_viewed","1008","1719189754"
"\core\event\course_viewed","1008","1719189757"
"\core\event\course_viewed","1008","1719189758"
"\mod_resource\event\course_module_viewed","1008","1719189759"
"\core\event\course_viewed","1008","1719189816"
"\mod_quiz\event\attempt_viewed","1008","1719189821"
"\mod_quiz\event\attempt_updated","1008","1719189822"
"\mod_quiz\event\attempt_viewed","1008","1719189823"
"\mod_quiz\event\attempt_updated","1008","1719189825"
"\mod_quiz\event\attempt_viewed","1008","1719189826"
"\mod_quiz\event\attempt_viewed","1008","1719189887"
"\core\event\course_viewed","1008","1719225848"
"\core\event\course_viewed","1008","1719225858"
"\core\event\course_viewed","1008","1719225872"
"\mod_url\event\course_module_viewed","1008","1719225879"
"\mod_url\event\course_module_viewed","1008","1719226324"
"\core\event\course_viewed","1008","1719229469"
"\core\event\course_viewed","1008","1719229474"
"\mod_resource\event\course_module_viewed","1008","1719229479"
"\core\event\course_viewed","1008","1719229480"
"\core\event\course_viewed","1008","1719229483"
"\core\event\course_viewed","1008","1719229888"
"\core\event\course_viewed","1008","1719229893"
"\core\event\course_viewed","1008","1719229896"
"\mod_workshop\event\course_module_viewed","1008","1719229898"
"\mod_workshop\event\course_module_viewed","1008","1719230672"
"\mod_resource\event\course_module_viewed","1008","1719230683"
"\core\event\course_viewed","1008","1719230684"
"\mod_resource\event\course_module_viewed","1008","1719230687"
"\core\event\course_viewed","1008","1719230707"
"\gradereport_user\event\grade_report_viewed","1008","1719230758"
"\mod_quiz\event\course_module_viewed","1008","1719230988"
"\core\event\course_viewed","1008","1719230992"
"\core\event\course_viewed","1008","1719274899"
"\core\event\course_viewed","1008","1719274901"
"\gradereport_user\event\grade_report_viewed","1008","1719274906"
"\core\event\course_viewed","1008","1719274910"
"\core\event\course_viewed","1008","1719274911"
"\core\event\course_viewed","1008","1719274913"
"\mod_workshop\event\course_module_viewed","1008","1719274919"
"\core\event\user_profile_viewed","1008","1719274945"
"\mod_mail\event\course_module_viewed","1008","1719274950"
"\mod_mail\event\course_module_viewed","1008","1719275447"
"\mod_mail\event\message_send","1008","1719275450"
"\mod_mail\event\course_module_viewed","1008","1719275454"
"\mod_mail\event\message_send","1008","1719275647"
"\mod_mail\event\course_module_viewed","1008","1719275648"
"\mod_mail\event\course_module_viewed","1008","1719275654"
"\mod_mail\event\course_module_viewed","1008","1719275658"
"\core\event\course_viewed","1008","1719275662"
"\core\event\course_viewed","1008","1719275663"
"\core\event\course_viewed","1008","1719362914"
"\mod_workshop\event\course_module_viewed","1008","1719362925"
"\core\event\course_viewed","1008","1719363721"
"\core\event\course_viewed","1008","1719363723"
"\core\event\course_viewed","1008","1719369517"
"\core\event\course_viewed","1008","1719369520"
"\mod_resource\event\course_module_viewed","1008","1719369531"
"\core\event\course_viewed","1008","1719369532"
"\mod_resource\event\course_module_viewed","1008","1719369534"
"\mod_resource\event\course_module_viewed","1008","1719369535"
"\core\event\course_viewed","1008","1719369559"
"\mod_resource\event\course_module_viewed","1008","1719369560"
"\core\event\course_viewed","1008","1719369795"
"\gradereport_user\event\grade_report_viewed","1008","1719369799"
"\core\event\course_viewed","1008","1719369825"
"\core\event\course_viewed","1008","1719443713"
"\core\event\course_viewed","1008","1719443724"
"\core\event\course_viewed","1008","1719712335"
"\core\event\course_viewed","1008","1719712340"
"\core\event\course_viewed","1008","1719712342"
"\mod_resource\event\course_module_viewed","1008","1719712344"
"\core\event\course_viewed","1008","1719712460"
"\mod_forum\event\discussion_viewed","1008","1719712471"
"\core\event\course_viewed","1008","1719712520"
"\mod_workshop\event\course_module_viewed","1008","1719712524"
"\mod_workshop\event\course_module_viewed","1008","1719750138"
"\core\event\course_viewed","1008","1719750365"
"\core\event\course_viewed","1008","1719750369"
"\mod_url\event\course_module_viewed","1008","1719750376"
"\mod_resource\event\course_module_viewed","1008","1719750377"
"\core\event\course_viewed","1008","1719750653"
"\core\event\course_viewed","1008","1720921889"
"\mod_workshop\event\course_module_viewed","1008","1720921890"
"\mod_workshop\event\submission_assessed","1008","1720921891"
"\mod_workshop\event\course_module_viewed","1008","1720921899"
"\core\event\course_viewed","1008","1720921906"
"\core\event\course_viewed","1008","1720921909"
"\mod_forum\event\course_module_viewed","1008","1720921992"
"\core\event\course_viewed","1008","1721148769"
"\mod_workshop\event\course_module_viewed","1008","1721148773"
"\core\event\course_viewed","1008","1721190219"
"\core\event\course_viewed","1008","1721190264"
"\mod_resource\event\course_module_viewed","1008","1721190267"
"\mod_resource\event\course_module_viewed","1008","1721190282"
"\mod_workshop\event\submission_viewed","1008","1721190287"
"\mod_workshop\event\assessable_uploaded","1008","1721190288"
"\mod_workshop\event\submission_created","1008","1721190299"
"\mod_workshop\event\submission_updated","1008","1721190300"
"\mod_workshop\event\submission_viewed","1008","1721190334"
"\core\event\course_viewed","1008","1721190393"
"\mod_workshop\event\course_module_viewed","1008","1721190396"
"\core\event\course_viewed","1008","1721190421"
"\core\event\course_viewed","1008","1721190425"
"\mod_workshop\event\course_module_viewed","1008","1721190428"
"\core\event\course_viewed","1008","1721192058"
"\core\event\course_viewed","1008","1721192063"
"\mod_resource\event\course_module_viewed","1008","1721192064"
"\mod_resource\event\course_module_viewed","1008","1721192070"
"\core\event\course_viewed","1008","1721192080"
"\core\event\course_viewed","1008","1721192240"
"\core\event\course_viewed","1008","1721192242"
"\core\event\course_viewed","1008","1721192244"
"\core\event\course_viewed","1008","1721192252"
"\mod_resource\event\course_module_viewed","1008","1721192256"
"\core\event\course_viewed","1008","1721193322"
"\core\event\course_viewed","1008","1721685312"
"\core\event\course_viewed","1008","1721685313"
"\core\event\course_viewed","1008","1721685314"
"\core\event\course_viewed","1008","1721685562"
"\mod_workshop\event\course_module_viewed","1008","1721685586"
"\core\event\course_viewed","1008","1721685589"
"\mod_url\event\course_module_viewed","1008","1721686315"
"\core\event\course_viewed","1008","1721688645"
"\core\event\course_viewed","1008","1721688651"
"\core\event\course_viewed","1008","1721688653"
"\mod_workshop\event\course_module_viewed","1008","1721688655"
"\core\event\course_viewed","1008","1721688657"
"\core\event\course_viewed","1008","1721688660"
"\core\event\course_viewed","1008","1721688661"
"\core\event\course_viewed","1008","1721688666"
"\core\event\course_viewed","1008","1721688667"
"\core\event\course_viewed","1008","1721688668"
"\mod_page\event\course_module_viewed","1008","1721688761"
"\core\event\course_viewed","1008","1721688848"
"\core\event\course_viewed","1008","1721688853"
"\core\event\course_viewed","1008","1721688855"
"\core\event\course_viewed","1008","1721688862"
"\core\event\course_viewed","1008","1721688880"
"\core\event\course_viewed","1008","1721688888"
"\gradereport_user\event\grade_report_viewed","1008","1721688891"
"\core\event\course_viewed","1008","1721795205"
"\mod_workshop\event\course_module_viewed","1008","1721795229"
"\mod_workshop\event\submission_reassessed","1008","1721795469"
"\core\event\course_viewed","1008","1721795478"
"\mod_url\event\course_module_viewed","1008","1721795483"
"\core\event\course_viewed","1008","1721795485"
"\core\event\course_viewed","1008","1721795490"
"\core\event\course_viewed","1008","1721795518"
"\gradereport_user\event\grade_report_viewed","1008","1721795520"
"\core\event\course_viewed","1008","1721795592"
"\gradereport_user\event\grade_report_viewed","1008","1721795601"
"\core\event\course_viewed","1008","1721795606"
"\core\event\course_viewed","1008","1721795609"
"\core\event\course_viewed","1008","1721795613"
"\core\event\course_viewed","1008","1721795616"
"\core\event\course_viewed","1008","1721795617"
"\core\event\course_viewed","1008","1721795627"
"\mod_resource\event\course_module_viewed","1008","1721795634"
"\core\event\course_viewed","1008","1721795639"
"\core\event\course_viewed","1008","1721795644"
"\mod_resource\event\course_module_viewed","1008","1721795647"
"\core\event\course_viewed","1008","1721795806"
"\mod_resource\event\course_module_viewed","1008","1721795813"
"\core\event\course_viewed","1008","1721795821"
"\mod_page\event\course_module_viewed","1008","1721795824"
"\core\event\course_viewed","1008","1721795885"
"\core\event\course_viewed","1008","1721796074"
"\core\event\course_viewed","1008","1721796078"
"\core\event\course_viewed","1008","1721796084"
"\core\event\course_viewed","1008","1721968728"
"\core\event\course_viewed","1008","1721968731"
"\core\event\course_viewed","1008","1721968736"
"\core\event\course_viewed","1008","1721968740"
"\mod_forum\event\course_module_viewed","1008","1721968746"
"\mod_forum\event\discussion_viewed","1008","1722079120"
"\core\event\course_viewed","1008","1722088647"
"\core\event\course_viewed","1008","1722088922"
"\core\event\course_viewed","1008","1722088926"
"\core\event\course_viewed","1008","1722088927"
"\core\event\course_viewed","1008","1722163757"
"\core\event\course_viewed","1008","1722163760"
"\mod_workshop\event\course_module_viewed","1008","1722163785"
"\core\event\course_viewed","1008","1722163789"
"\core\event\course_viewed","1008","1722163794"
"\core\event\course_viewed","1008","1722167419"
"\core\event\course_viewed","1008","1722167422"
"\mod_quiz\event\course_module_viewed","1008","1722167424"
"\mod_quiz\event\course_module_viewed","1008","1722167425"
"\mod_quiz\event\attempt_reviewed","1008","1722167427"
"\core\event\course_viewed","1008","1722210348"
"\core\event\course_viewed","1008","1722210350"
"\mod_workshop\event\course_module_viewed","1008","1722210354"
"\core\event\course_viewed","1008","1722519949"
"\core\event\course_viewed","1008","1722519956"
"\core\event\course_viewed","1008","1722519958"
"\core\event\course_viewed","1008","1722519959"
"\mod_forum\event\discussion_viewed","1008","1722519961"
"\core\event\course_viewed","1008","1722520448"
"\mod_resource\event\course_module_viewed","1008","1722520453"
"\core\event\course_viewed","1008","1722522285"
"\core\event\course_viewed","1008","1722522317"
"\core\event\course_viewed","1008","1722522320"
"\mod_workshop\event\course_module_viewed","1008","1722522323"
"\core\event\course_viewed","1008","1722554734"
"\mod_page\event\course_module_viewed","1008","1722554736"
"\core\event\course_viewed","1008","1722554741"
"\gradereport_user\event\grade_report_viewed","1008","1722554745"
"\core\event\course_viewed","1008","1722554754"
"\core\event\course_viewed","1008","1722554756"
"\core\event\course_viewed","1008","1722554843"
"\core\event\course_viewed","1008","1722554847"
"\mod_url\event\course_module_viewed","1008","1722554849"
"\core\event\course_viewed","1008","1722554909"
"\core\event\course_viewed","1008","1722554914"
"\core\event\course_viewed","1008","1722554968"
"\core\event\course_viewed","1008","1722554971"
"\core\event\course_viewed","1008","1722555001"
"\core\event\course_viewed","1008","1722555003"
"\core\event\course_viewed","1008","1722555012"
"\core\event\course_viewed","1008","1722555050"
"\core\event\course_viewed","1008","1722555055"
"\core\event\course_viewed","1008","1722555057"
"\mod_url\event\course_module_viewed","1008","1722555061"
"\core\event\course_viewed","1008","1722555222"
"\core\event\course_viewed","1008","1722555234"
"\mod_resource\event\course_module_viewed","1008","1722555238"
"\mod_resource\event\course_module_viewed","1008","1722555263"
"\mod_workshop\event\course_module_viewed","1008","1722555265"
"\core\event\course_viewed","1008","1722555268"
"\mod_workshop\event\course_module_viewed","1008","1722555288"
"\mod_resource\event\course_module_viewed","1008","1722555303"
"\mod_workshop\event\course_module_viewed","1008","1722555311"
"\mod_workshop\event\submission_assessed","1008","1722555313"
"\mod_workshop\event\course_module_viewed","1008","1722555612"
"\mod_workshop\event\submission_assessed","1008","1722555626"
"\mod_workshop\event\submission_assessed","1008","1722555695"
"\mod_workshop\event\course_module_viewed","1008","1722555826"
"\core\event\course_viewed","1008","1722556167"
"\mod_choice\event\course_module_viewed","1008","1722556170"
"\core\event\course_viewed","1008","1722607353"
"\mod_workshop\event\course_module_viewed","1008","1722607356"
"\mod_workshop\event\submission_assessed","1008","1722607436"
"\mod_workshop\event\course_module_viewed","1008","1722607440"
"\mod_workshop\event\course_module_viewed","1008","1722607450"
"\mod_workshop\event\submission_assessed","1008","1722607934"
"\core\event\course_viewed","1008","1723002207"
"\mod_workshop\event\course_module_viewed","1008","1723002208"
"\core\event\course_viewed","1008","1723002577"
"\mod_resource\event\course_module_viewed","1008","1723002583"
"\core\event\course_viewed","1008","1723006129"
"\core\event\course_viewed","1008","1723008318"
"\core\event\course_viewed","1008","1723008584"
"\mod_workshop\event\course_module_viewed","1008","1723008591"
"\mod_workshop\event\submission_assessed","1008","1723009169"
"\mod_workshop\event\submission_assessed","1008","1723009171"
"\mod_workshop\event\submission_assessed","1008","1723058687"
"\mod_workshop\event\submission_assessed","1008","1723058995"
"\mod_workshop\event\submission_assessed","1008","1723059078"
"\core\event\course_viewed","1008","1723062234"
"\mod_forum\event\course_module_viewed","1008","1723065246"
"\mod_forum\event\discussion_viewed","1008","1723065251"
"\core\event\course_viewed","1008","1723065359"
"\mod_resource\event\course_module_viewed","1008","1723065362"
"\core\event\course_viewed","1008","1723066418"
"\core\event\course_viewed","1008","1723066420"
"\core\event\course_viewed","1008","1723066454"
"\mod_workshop\event\course_module_viewed","1008","1723066466"
"\mod_workshop\event\submission_assessed","1008","1723066515"
"\mod_workshop\event\submission_assessed","1008","1723066518"
"\mod_workshop\event\course_module_viewed","1008","1723066523"
"\core\event\course_viewed","1008","1723066530"
"\mod_resource\event\course_module_viewed","1008","1723066545"
"\mod_forum\event\discussion_viewed","1008","1723066547"
"\core\event\course_viewed","1008","1723066571"
"\mod_resource\event\course_module_viewed","1008","1723066574"
"\core\event\course_viewed","1008","1723069840"
"\core\event\course_viewed","1008","1723069848"
"\mod_resource\event\course_module_viewed","1008","1723069860"
"\core\event\course_viewed","1008","1723069861"
"\core\event\course_viewed","1008","1723069866"
"\core\event\course_viewed","1008","1723069867"
"\mod_resource\event\course_module_viewed","1008","1723069872"
"\core\event\course_viewed","1008","1723070992"
"\core\event\course_viewed","1008","1723070996"
"\mod_resource\event\course_module_viewed","1008","1723070998"
"\core\event\course_viewed","1008","1723071033"
"\core\event\course_viewed","1008","1723071040"
"\mod_resource\event\course_module_viewed","1008","1723071045"
"\core\event\course_viewed","1008","1723071269"
"\mod_workshop\event\course_module_viewed","1008","1723071271"
"\mod_workshop\event\submission_assessed","1008","1723071272"
"\mod_quiz\event\attempt_viewed","1008","1723071277"
"\mod_quiz\event\attempt_viewed","1008","1723071296"
"\mod_quiz\event\attempt_started","1008","1723071297"
"\mod_quiz\event\attempt_viewed","1008","1723071298"
"\mod_quiz\event\attempt_updated","1008","1723071299"
"\mod_quiz\event\attempt_updated","1008","1723071301"
"\mod_quiz\event\attempt_updated","1008","1723071338"
"\mod_quiz\event\attempt_viewed","1008","1723071945"
"\mod_quiz\event\attempt_updated","1008","1723071946"
"\mod_quiz\event\attempt_viewed","1008","1723071947"
"\mod_quiz\event\attempt_viewed","1008","1723072454"
"\mod_quiz\event\attempt_updated","1008","1723072474"
"\mod_quiz\event\attempt_viewed","1008","1723072476"
"\mod_quiz\event\attempt_updated","1008","1723072479"
"\mod_quiz\event\attempt_viewed","1008","1723072481"
"\mod_quiz\event\attempt_viewed","1008","1723072482"
"\mod_quiz\event\attempt_updated","1008","1723072483"
"\mod_quiz\event\attempt_viewed","1008","1723072486"
"\mod_quiz\event\attempt_updated","1008","1723072561"
"\mod_quiz\event\attempt_viewed","1008","1723072576"
"\mod_quiz\event\attempt_viewed","1008","1723072577"
"\mod_quiz\event\attempt_updated","1008","1723072585"
"\mod_quiz\event\attempt_summary_viewed","1008","1723072586"
"\mod_resource\event\course_module_viewed","1008","1723072587"
"\mod_resource\event\course_module_viewed","1008","1723074277"
"\core\event\course_viewed","1008","1723074488"
"\core\event\course_viewed","1008","1723074489"
"\core\event\course_viewed","1008","1723074494"
"\core\event\course_viewed","1008","1723074549"
"\core\event\course_viewed","1008","1723074552"
"\core\event\course_viewed","1008","1723074553"
"\core\event\course_viewed","1008","1723077476"
"\core\event\course_viewed","1008","1723077479"
"\mod_resource\event\course_module_viewed","1008","1723077481"
"\mod_resource\event\course_module_viewed","1008","1723077766"
"\core\event\course_viewed","1008","1723077798"
"\gradereport_user\event\grade_report_viewed","1008","1723077804"
"\core\event\course_viewed","1008","1723077947"
"\mod_resource\event\course_module_viewed","1008","1723077965"
"\mod_resource\event\course_module_viewed","1008","1723082340"
"\mod_resource\event\course_module_viewed","1008","1723082352"
"\core\event\course_viewed","1008","1723084342"
"\mod_workshop\event\course_module_viewed","1008","1723084349"
"\mod_workshop\event\course_module_viewed","1008","1723086874"
"\core\event\course_viewed","1008","1723089561"
"\mod_url\event\course_module_viewed","1008","1723090332"
"\core\event\course_viewed","1008","1723090345"
"\core\event\course_viewed","1008","1723096817"
"\mod_workshop\event\course_module_viewed","1008","1723096834"
"\core\event\course_viewed","1008","1723101052"
"\mod_resource\event\course_module_viewed","1008","1723101058"
"\core\event\course_viewed","1008","1723101338"
"\core\event\course_viewed","1008","1723101343"
"\mod_resource\event\course_module_viewed","1008","1723101353"
"\core\event\course_viewed","1008","1723107244"
"\core\event\course_viewed","1008","1723107246"
"\mod_url\event\course_module_viewed","1008","1723107252"
"\core\event\course_viewed","1008","1723112175"
"\mod_workshop\event\course_module_viewed","1008","1723112179"
"\core\event\course_viewed","1008","1723112193"
"\core\event\course_viewed","1008","1723112197"
"\core\event\course_viewed","1008","1723112200"
"\core\event\course_viewed","1008","1723112203"
"\mod_url\event\course_module_viewed","1008","1723112215"
"\core\event\course_viewed","1008","1723112877"
"\core\event\course_viewed","1008","1723112879"
"\core\event\course_viewed","1008","1723112908"
"\core\event\course_viewed","1008","1723117438"
"\core\event\course_viewed","1008","1723122395"
"\mod_resource\event\course_module_viewed","1008","1723122396"
"\mod_workshop\event\submission_viewed","1008","1723122398"
"\core\event\course_viewed","1008","1723122425"
"\core\event\user_list_viewed","1008","1723122433"
"\core\event\course_viewed","1008","1723122521"
"\mod_url\event\course_module_viewed","1008","1723122522"
"\core\event\course_viewed","1008","1723122563"
"\core\event\course_viewed","1008","1723122570"
"\core\event\course_viewed","1008","1723122573"
"\core\event\course_viewed","1008","1723122575"
"\core\event\course_viewed","1008","1723122580"
"\core\event\course_viewed","1008","1723122582"
"\mod_forum\event\discussion_viewed","1008","1723122586"
"\core\event\user_profile_viewed","1008","1723122605"
"\core\event\course_viewed","1008","1723122610"
"\mod_resource\event\course_module_viewed","1008","1723122615"
"\mod_resource\event\course_module_viewed","1008","1723122634"
"\core\event\course_viewed","1008","1723122652"
"\gradereport_user\event\grade_report_viewed","1008","1723122732"
"\mod_quiz\event\course_module_viewed","1008","1723122735"
"\mod_quiz\event\course_module_viewed","1008","1723122737"
"\mod_quiz\event\attempt_started","1008","1723122739"
"\mod_quiz\event\attempt_viewed","1008","1723123108"
"\mod_quiz\event\attempt_updated","1008","1723123157"
"\mod_quiz\event\attempt_updated","1008","1723123191"
"\mod_quiz\event\attempt_viewed","1008","1723123195"
"\mod_quiz\event\attempt_updated","1008","1723123201"
"\mod_quiz\event\attempt_viewed","1008","1723123202"
"\mod_quiz\event\attempt_updated","1008","1723123328"
"\mod_workshop\event\course_module_viewed","1008","1723123329"
"\mod_url\event\course_module_viewed","1008","1723123348"
"\core\event\course_viewed","1008","1723233803"
"\core\event\course_viewed","1008","1723233805"
"\core\event\course_viewed","1008","1723233806"
"\mod_resource\event\course_module_viewed","1008","1723233811"
"\core\event\course_viewed","1008","1723234762"
"\core\event\course_viewed","1008","1723234769"
"\core\event\course_viewed","1008","1723358831"
"\mod_resource\event\course_module_viewed","1008","1723358834"
"\core\event\course_viewed","1008","1723358837"
"\mod_workshop\event\course_module_viewed","1008","1723358841"
"\mod_workshop\event\course_module_viewed","1008","1723358847"
"\core\event\course_viewed","1008","1723360803"
"\core\event\course_viewed","1008","1723547167"
"\core\event\course_viewed","1008","1723547212"
"\core\event\course_viewed","1008","1723547233"
"\core\event\course_viewed","1008","1723551916"
"\core\event\course_viewed","1008","1723551919"
"\mod_resource\event\course_module_viewed","1008","1723551920"
"\core\event\course_viewed","1008","1723551931"
"\core\event\course_viewed","1008","1723551938"
"\mod_url\event\course_module_viewed","1008","1723551973"
"\core\event\course_viewed","1008","1723551990"
"\core\event\course_viewed","1008","1723551992"
"\mod_resource\event\course_module_viewed","1008","1723551993"
"\core\event\course_viewed","1008","1723551994"
"\mod_workshop\event\course_module_viewed","1008","1723559678"
"\mod_workshop\event\course_module_viewed","1008","1723562829"
"\core\event\course_viewed","1008","1723562837"
"\mod_workshop\event\course_module_viewed","1008","1723562842"
"\core\event\course_viewed","1008","1723562858"
"\core\event\course_viewed","1008","1723562860"
"\core\event\course_viewed","1008","1723562863"
"\mod_workshop\event\course_module_viewed","1008","1723562865"
"\core\event\course_viewed","1008","1723754009"
"\mod_workshop\event\course_module_viewed","1008","1723754013"
"\core\event\course_viewed","1008","1723754063"
"\mod_workshop\event\course_module_viewed","1008","1723754072"
"\mod_workshop\event\submission_assessed","1008","1723754234"
"\core\event\course_viewed","1008","1723754324"
"\core\event\course_viewed","1008","1723754356"
"\mod_workshop\event\course_module_viewed","1008","1723754366"
"\core\event\course_viewed","1008","1723754383"
"\core\event\course_viewed","1008","1723754385"
"\core\event\course_viewed","1008","1723754386"
"\core\event\course_viewed","1008","1723754391"
"\core\event\course_viewed","1008","1723754393"
"\mod_resource\event\course_module_viewed","1008","1723754395"
"\core\event\course_viewed","1008","1723755453"
"\mod_resource\event\course_module_viewed","1008","1723755454"
"\core\event\course_viewed","1008","1723755760"
"\core\event\course_viewed","1008","1723755762"
"\core\event\course_viewed","1008","1723755763"
"\core\event\course_viewed","1008","1723755772"
"\core\event\course_viewed","1008","1723755774"
"\core\event\course_viewed","1008","1723755778"
"\core\event\course_viewed","1008","1723755783"
"\core\event\course_viewed","1008","1723755785"
"\core\event\course_viewed","1008","1723755789"
"\core\event\course_viewed","1008","1723755794"
"\mod_resource\event\course_module_viewed","1008","1723755798"
"\core\event\course_viewed","1008","1723755802"
"\mod_resource\event\course_module_viewed","1008","1723755804"
"\core\event\course_viewed","1008","1723756235"
"\core\event\course_viewed","1008","1723756241"
"\core\event\course_viewed","1008","1723756244"
"\gradereport_user\event\grade_report_viewed","1008","1723756247"
"\mod_workshop\event\course_module_viewed","1008","1723756249"
"\core\event\course_viewed","1008","1723756254"
"\core\event\course_viewed","1008","1723756257"
"\mod_quiz\event\course_module_viewed","1008","1723756259"
"\mod_quiz\event\course_module_viewed","1008","1723756260"
"\mod_quiz\event\attempt_viewed","1008","1723756264"
"\core\event\course_viewed","1008","1723853061"
"\core\event\course_viewed","1008","1723853076"
"\core\event\course_viewed","1008","1723853079"
"\mod_resource\event\course_module_viewed","1008","1723853219"
"\mod_workshop\event\submission_created","1008","1723854610"
"\mod_workshop\event\submission_updated","1008","1723854612"
"\mod_workshop\event\submission_viewed","1008","1723854620"
"\core\event\course_viewed","1008","1723854622"
"\mod_workshop\event\course_module_viewed","1008","1723854687"
"\core\event\user_profile_viewed","1008","1723855061"
"\mod_workshop\event\submission_viewed","1008","1723855063"
"\mod_workshop\event\submission_updated","1008","1723855065"
"\mod_workshop\event\submission_viewed","1008","1723860860"
"\mod_workshop\event\submission_updated","1008","1723860861"
"\mod_workshop\event\submission_created","1008","1723860862"
"\mod_workshop\event\submission_viewed","1008","1723860865"
"\core\event\course_viewed","1008","1723917258"
"\gradereport_user\event\grade_report_viewed","1008","1723917263"
"\core\event\course_viewed","1008","1723964455"
"\core\event\course_viewed","1008","1723964520"
"\core\event\course_viewed","1008","1723964529"
"\core\event\course_viewed","1008","1723964531"
"\core\event\course_viewed","1008","1723964542"
"\mod_workshop\event\course_module_viewed","1008","1723964545"
"\core\event\course_viewed","1008","1723964549"
"\mod_workshop\event\course_module_viewed","1008","1723964554"
"\mod_workshop\event\submission_created","1008","1723965460"
"\mod_workshop\event\submission_updated","1008","1723965461"
"\mod_workshop\event\assessable_uploaded","1008","1723965465"
"\mod_workshop\event\submission_updated","1008","1723965466"
"\mod_workshop\event\submission_viewed","1008","1723965467"
"\core\event\course_viewed","1008","1723974785"
"\core\event\course_viewed","1008","1723974789"
"\core\event\course_viewed","1008","1723974797"
"\gradereport_user\event\grade_report_viewed","1008","1723974804"
"\core\event\course_viewed","1008","1723983935"
"\mod_resource\event\course_module_viewed","1008","1723983942"
"\mod_resource\event\course_module_viewed","1008","1723983945"
"\core\event\course_viewed","1008","1723983947"
"\mod_workshop\event\course_module_viewed","1008","1723983949"
"\core\event\course_viewed","1008","1723983997"
"\core\event\course_viewed","1008","1723983998"
"\core\event\course_viewed","1008","1723984004"
"\core\event\course_viewed","1008","1723984006"
"\core\event\course_viewed","1008","1723984424"
"\core\event\course_viewed","1008","1723984435"
"\core\event\course_viewed","1008","1723984441"
"\core\event\course_viewed","1008","1723984444"
"\core\event\course_viewed","1008","1723985214"
"\core\event\course_viewed","1008","1723985221"
"\core\event\course_viewed","1008","1723985222"
"\core\event\course_viewed","1008","1723985232"
"\mod_resource\event\course_module_viewed","1008","1723985237"
"\core\event\course_viewed","1008","1723985239"
"\core\event\course_viewed","1008","1723985241"
"\core\event\course_viewed","1008","1723985272"
"\core\event\course_viewed","1008","1723985281"
"\core\event\course_viewed","1008","1723985282"
"\core\event\course_viewed","1008","1723985283"
"\mod_workshop\event\course_module_viewed","1008","1723985298"
"\core\event\course_viewed","1008","1723985305"
"\core\event\course_viewed","1008","1723985306"
"\mod_workshop\event\course_module_viewed","1008","1723985311"
"\core\event\course_viewed","1008","1723985342"
"\mod_resource\event\course_module_viewed","1008","1723985345"
"\core\event\course_viewed","1008","1723985351"
"\core\event\course_viewed","1008","1723985367"
"\core\event\course_viewed","1008","1723985370"
"\mod_resource\event\course_module_viewed","1008","1723985374"
"\mod_workshop\event\course_module_viewed","1008","1723985375"
"\core\event\course_viewed","1008","1723985381"
"\core\event\course_viewed","1008","1723985384"
"\core\event\course_viewed","1008","1723985388"
"\core\event\course_viewed","1008","1724034720"
"\mod_resource\event\course_module_viewed","1008","1724034723"
"\mod_resource\event\course_module_viewed","1008","1724034726"
"\mod_mail\event\course_module_viewed","1008","1724034972"
"\mod_mail\event\message_send","1008","1724035151"
"\mod_mail\event\course_module_viewed","1008","1724035154"
"\mod_mail\event\course_module_viewed","1008","1724035159"
"\core\event\course_viewed","1008","1724035163"
"\core\event\course_viewed","1008","1724531910"
"\core\event\course_viewed","1008","1724531918"
"\core\event\course_viewed","1008","1724532665"
"\mod_workshop\event\course_module_viewed","1008","1724533110"
"\mod_workshop\event\submission_assessed","1008","1724533126"
"\mod_workshop\event\submission_assessed","1008","1724533187"
"\mod_workshop\event\course_module_viewed","1008","1724533188"
"\core\event\course_viewed","1008","1724533201"
"\mod_url\event\course_module_viewed","1008","1724533207"
"\core\event\course_viewed","1008","1724533212"
"\core\event\course_viewed","1008","1724533490"
"\core\event\course_viewed","1008","1724533502"
"\core\event\course_viewed","1008","1724533503"
"\core\event\course_viewed","1008","1724533508"
"\mod_scheduler\event\booking_form_viewed","1008","1724533512"
"\core\event\course_viewed","1008","1724533654"
"\core\event\course_viewed","1008","1724611626"
"\core\event\course_viewed","1008","1724612250"
"\mod_resource\event\course_module_viewed","1008","1724612253"
"\core\event\course_viewed","1008","1724616905"
"\core\event\course_viewed","1008","1724616910"
"\mod_workshop\event\course_module_viewed","1008","1724616915"
"\core\event\course_viewed","1008","1724730761"
"\core\event\course_viewed","1008","1724730776"
"\core\event\course_viewed","1008","1724733275"
"\core\event\course_viewed","1008","1724733282"
"\mod_quiz\event\course_module_viewed","1008","1724737293"
"\mod_quiz\event\attempt_viewed","1008","1724737299"
"\mod_quiz\event\attempt_viewed","1008","1724737490"
"\mod_quiz\event\attempt_updated","1008","1724800611"
"\mod_quiz\event\attempt_viewed","1008","1724800612"
"\mod_quiz\event\attempt_updated","1008","1724800613"
"\mod_quiz\event\attempt_viewed","1008","1724800614"
"\mod_quiz\event\attempt_updated","1008","1724800627"
"\mod_quiz\event\attempt_viewed","1008","1724800628"
"\mod_quiz\event\attempt_viewed","1008","1724800636"
"\mod_quiz\event\attempt_updated","1008","1724800637"
"\mod_quiz\event\attempt_viewed","1008","1724800638"
"\mod_quiz\event\attempt_updated","1008","1724800640"
"\mod_quiz\event\attempt_viewed","1008","1724800641"
"\mod_quiz\event\attempt_viewed","1008","1724800710"
"\mod_quiz\event\attempt_updated","1008","1724800711"
"\core\event\course_viewed","1008","1725070091"
"\mod_resource\event\course_module_viewed","1008","1725070172"
"\core\event\course_viewed","1008","1725070174"
"\core\event\course_viewed","1008","1725070177"
"\core\event\course_viewed","1008","1725070180"
"\core\event\course_viewed","1008","1725222446"
"\mod_workshop\event\course_module_viewed","1008","1725222449"
"\core\event\user_profile_viewed","1008","1725222573"
"\mod_mail\event\course_module_viewed","1008","1725222579"
"\core\event\course_viewed","1008","1725222619"
"\core\event\course_viewed","1008","1725222621"
"\core\event\course_viewed","1008","1725222625"
"\mod_forum\event\course_module_viewed","1008","1725222635"
"\core\event\course_viewed","1008","1725222640"
"\mod_resource\event\course_module_viewed","1008","1725222992"
"\core\event\course_viewed","1008","1725224540"
"\core\event\course_viewed","1008","1725224542"
"\mod_url\event\course_module_viewed","1008","1725224545"
"\core\event\course_viewed","1008","1725226111"
"\core\event\course_viewed","1008","1725226113"
"\core\event\course_viewed","1008","1725226116"
"\mod_workshop\event\course_module_viewed","1008","1725226118"
"\core\event\course_viewed","1008","1725226211"
"\core\event\course_viewed","1008","1725226217"
"\core\event\course_viewed","1008","1725226222"
"\core\event\course_viewed","1008","1725274441"
"\gradereport_user\event\grade_report_viewed","1008","1725274456"
"\core\event\course_viewed","1008","1725274554"
"\core\event\course_viewed","1008","1725274555"
"\core\event\course_viewed","1008","1725274559"
"\core\event\course_viewed","1008","1725274562"
"\core\event\course_viewed","1008","1725274566"
"\core\event\course_viewed","1008","1725274733"
"\core\event\course_viewed","1008","1725274738"
"\mod_workshop\event\course_module_viewed","1008","1725274744"
"\core\event\course_viewed","1008","1725275196"
"\core\event\course_viewed","1008","1725275200"
"\core\event\course_viewed","1008","1725275201"
"\core\event\course_viewed","1008","1725275213"
"\mod_workshop\event\course_module_viewed","1008","1725275215"
"\core\event\course_viewed","1008","1725275221"
"\core\event\course_viewed","1008","1725275225"
"\mod_resource\event\course_module_viewed","1008","1725275298"
"\mod_workshop\event\submission_viewed","1008","1725275825"
"\mod_workshop\event\assessable_uploaded","1008","1725275826"
"\mod_workshop\event\submission_viewed","1008","1725275828"
"\core\event\course_viewed","1008","1725276031"
"\core\event\course_viewed","1008","1725276040"
"\core\event\course_viewed","1008","1725276045"
"\core\event\course_viewed","1008","1725276050"
"\core\event\course_viewed","1008","1725276054"
"\mod_resource\event\course_module_viewed","1008","1725276849"
"\core\event\course_viewed","1008","1725277026"
"\core\event\course_viewed","1008","1725386105"
"\core\event\course_viewed","1008","1725386136"
"\mod_workshop\event\course_module_viewed","1008","1725386141"
"\core\event\course_viewed","1008","1725386145"
"\core\event\course_viewed","1008","1725386166"
"\core\event\course_viewed","1008","1725386170"
"\core\event\course_viewed","1008","1725386171"
"\gradereport_user\event\grade_report_viewed","1008","1725386174"
"\core\event\course_viewed","1008","1725386618"
"\core\event\course_viewed","1008","1725386622"
"\mod_workshop\event\course_module_viewed","1008","1725386623"
"\core\event\course_viewed","1008","1725386630"
"\core\event\course_viewed","1008","1725454691"
"\core\event\course_viewed","1008","1725454694"
"\core\event\course_viewed","1008","1725454737"
"\core\event\course_viewed","1008","1725454740"
"\gradereport_user\event\grade_report_viewed","1008","1725454745"
"\core\event\course_viewed","1008","1725645650"
"\mod_workshop\event\course_module_viewed","1008","1725645652"
"\core\event\course_viewed","1008","1725645656"
"\core\event\course_viewed","1008","1725645659"
"\core\event\course_viewed","1008","1725645663"
"\gradereport_user\event\grade_report_viewed","1008","1725645674"
"\core\event\course_viewed","1008","1726054310"
"\core\event\course_viewed","1008","1726054313"
"\mod_mail\event\course_module_viewed","1008","1726054332"
"\core\event\course_viewed","1008","1726054585"
"\mod_url\event\course_module_viewed","1008","1726054590"
"\core\event\course_viewed","1008","1727021858"
"\core\event\course_viewed","1008","1727021859"
"\core\event\course_viewed","1008","1727022351"
"\core\event\course_viewed","1008","1727022355"
"\mod_workshop\event\course_module_viewed","1008","1727022364"
"\mod_workshop\event\submission_viewed","1008","1727022368"
"\core\event\course_viewed","1008","1727022390"
"\core\event\course_viewed","1008","1727022398"
"\core\event\course_viewed","1008","1727022400"
"\core\event\course_viewed","1008","1727022403"
"\core\event\course_viewed","1008","1727023797"
"\core\event\course_viewed","1008","1727023805"
"\core\event\course_viewed","1008","1727023865"
"\core\event\course_viewed","1008","1727023867"
"\core\event\course_viewed","1008","1727023873"
"\mod_url\event\course_module_viewed","1008","1727023947"
"\mod_resource\event\course_module_viewed","1008","1727023951"
"\mod_resource\event\course_module_viewed","1008","1727024003"
"\core\event\course_viewed","1008","1727024010"
"\core\event\course_viewed","1008","1727024017"
"\core\event\course_viewed","1008","1727201523"
"\core\event\course_viewed","1008","1727201530"
"\mod_workshop\event\course_module_viewed","1008","1727201532"
"\core\event\course_viewed","1008","1727202200"
"\core\event\course_viewed","1008","1727202204"
"\core\event\course_viewed","1008","1727202206"
"\mod_workshop\event\course_module_viewed","1008","1727202210"
"\mod_resource\event\course_module_viewed","1008","1727203780"
"\mod_workshop\event\course_module_viewed","1008","1727211379"
"\core\event\course_viewed","1008","1727211390"
"\mod_resource\event\course_module_viewed","1008","1727211394"
"\core\event\course_viewed","1008","1727212687"
"\core\event\user_list_viewed","1008","1727212692"
"\core\event\user_profile_viewed","1008","1727212713"
"\core\event\course_viewed","1008","1727212723"
"\mod_resource\event\course_module_viewed","1008","1727213326"
"\core\event\course_viewed","1008","1727213469"
"\mod_workshop\event\course_module_viewed","1008","1727213472"
"\core\event\course_viewed","1008","1727214118"
"\mod_workshop\event\course_module_viewed","1008","1727214120"
"\core\event\course_viewed","1008","1727214131"
"\mod_scheduler\event\booking_form_viewed","1008","1727214137"
"\core\event\course_viewed","1008","1727214138"
"\core\event\course_viewed","1008","1727214142"
"\core\event\course_viewed","1008","1727215506"
"\core\event\course_viewed","1008","1727278866"
"\core\event\course_viewed","1008","1727278870"
"\mod_workshop\event\course_module_viewed","1008","1727278887"
"\mod_workshop\event\submission_created","1008","1727279018"
"\mod_workshop\event\submission_updated","1008","1727284135"
"\mod_workshop\event\submission_viewed","1008","1727284136"
"\mod_workshop\event\assessable_uploaded","1008","1727284137"
"\mod_workshop\event\submission_viewed","1008","1727284138"
"\core\event\course_viewed","1008","1727284256"
"\core\event\course_viewed","1008","1727284263"
"\core\event\course_viewed","1008","1727416290"
"\mod_resource\event\course_module_viewed","1008","1727416295"
"\mod_resource\event\course_module_viewed","1008","1727416298"
"\core\event\course_viewed","1008","1727416413"
"\mod_resource\event\course_module_viewed","1008","1727416423"
"\core\event\course_viewed","1008","1727416437"
"\core\event\course_viewed","1008","1727416438"
"\core\event\course_viewed","1008","1727416441"
"\core\event\course_viewed","1008","1727416456"
"\core\event\course_viewed","1008","1727416458"
"\mod_forum\event\discussion_viewed","1008","1727416461"
"\core\event\course_viewed","1008","1727416466"
"\core\event\course_viewed","1008","1727590206"
"\core\event\course_viewed","1008","1727590225"
"\mod_url\event\course_module_viewed","1008","1727590236"
"\core\event\course_viewed","1008","1727590294"
"\core\event\course_viewed","1008","1727590297"
"\core\event\course_viewed","1008","1727590303"
"\core\event\course_viewed","1008","1727590307"
"\core\event\course_viewed","1008","1727590311"
"\mod_workshop\event\course_module_viewed","1008","1727590313"
"\core\event\course_viewed","1008","1727592495"
"\mod_workshop\event\course_module_viewed","1008","1727592508"
"\mod_workshop\event\submission_assessed","1008","1727592595"
"\mod_workshop\event\submission_assessed","1008","1727592620"
"\mod_workshop\event\course_module_viewed","1008","1727592621"
"\core\event\course_viewed","1008","1727592623"
"\core\event\course_viewed","1008","1727592626"
"\mod_resource\event\course_module_viewed","1008","1727592633"
"\core\event\course_viewed","1008","1727592641"
"\core\event\course_viewed","1008","1727715851"
"\core\event\course_viewed","1008","1727715852"
"\core\event\course_viewed","1008","1727715855"
"\core\event\course_viewed","1008","1727715856"
"\mod_workshop\event\course_module_viewed","1008","1727715857"
"\core\event\course_viewed","1008","1727715860"
"\mod_resource\event\course_module_viewed","1008","1727715861"
"\core\event\course_viewed","1008","1727715891"
"\core\event\course_viewed","1008","1727909702"
"\mod_workshop\event\course_module_viewed","1008","1727909708"
"\core\event\course_viewed","1008","1727909746"
"\mod_resource\event\course_module_viewed","1008","1727909749"
"\mod_resource\event\course_module_viewed","1008","1727909751"
"\core\event\course_viewed","1008","1727911752"
"\core\event\course_viewed","1008","1727911755"
"\core\event\course_viewed","1008","1727911756"
"\mod_workshop\event\course_module_viewed","1008","1727911757"
"\core\event\course_viewed","1008","1728982082"
"\mod_workshop\event\course_module_viewed","1008","1728982083"
"\core\event\course_viewed","1008","1728982088"
"\mod_resource\event\course_module_viewed","1008","1728982090"
"\mod_resource\event\course_module_viewed","1008","1728982110"
"\mod_workshop\event\submission_viewed","1008","1728983343"
"\mod_workshop\event\course_module_viewed","1008","1728983402"
"\mod_workshop\event\submission_updated","1008","1728984314"
"\core\event\course_viewed","1008","1728984316"
"\core\event\course_viewed","1008","1728984548"
"\mod_scheduler\event\booking_form_viewed","1008","1728984551"
"\core\event\course_viewed","1009","1707444894"
"\core\event\course_viewed","1009","1707444898"
"\core\event\course_viewed","1009","1707444905"
"\core\event\course_viewed","1009","1707444913"
"\mod_resource\event\course_module_viewed","1009","1707444927"
"\mod_url\event\course_module_viewed","1009","1707444973"
"\core\event\course_viewed","1009","1707444982"
"\mod_resource\event\course_module_viewed","1009","1707444985"
"\core\event\course_viewed","1009","1707444992"
"\core\event\course_viewed","1009","1707444994"
"\mod_workshop\event\course_module_viewed","1009","1707444997"
"\core\event\course_viewed","1009","1707444999"
"\mod_resource\event\course_module_viewed","1009","1707445943"
"\core\event\course_viewed","1009","1707568688"
"\core\event\course_viewed","1009","1707568695"
"\core\event\course_viewed","1009","1707568698"
"\core\event\course_viewed","1009","1707574189"
"\core\event\course_viewed","1009","1707574192"
"\mod_resource\event\course_module_viewed","1009","1707574197"
"\mod_resource\event\course_module_viewed","1009","1707574201"
"\core\event\course_viewed","1009","1707574217"
"\mod_workshop\event\course_module_viewed","1009","1707574383"
"\core\event\course_viewed","1009","1707574387"
"\core\event\course_viewed","1009","1707574388"
"\mod_forum\event\course_module_viewed","1009","1707574397"
"\core\event\course_user_report_viewed","1009","1707574404"
"\core\event\course_viewed","1009","1707575085"
"\mod_workshop\event\course_module_viewed","1009","1707575092"
"\mod_workshop\event\submission_viewed","1009","1707575096"
"\core\event\course_viewed","1009","1707575143"
"\core\event\course_viewed","1009","1707575152"
"\mod_resource\event\course_module_viewed","1009","1707575155"
"\mod_resource\event\course_module_viewed","1009","1707575159"
"\mod_resource\event\course_module_viewed","1009","1707575167"
"\core\event\course_viewed","1009","1707577748"
"\core\event\course_viewed","1009","1707577757"
"\mod_workshop\event\course_module_viewed","1009","1707577762"
"\mod_workshop\event\submission_created","1009","1707577764"
"\mod_workshop\event\submission_updated","1009","1707577765"
"\mod_workshop\event\submission_created","1009","1707577767"
"\mod_workshop\event\assessable_uploaded","1009","1707577769"
"\mod_workshop\event\submission_viewed","1009","1707577771"
"\core\event\course_viewed","1009","1707578447"
"\core\event\course_viewed","1009","1707578455"
"\core\event\course_viewed","1009","1707578480"
"\core\event\course_viewed","1009","1707579243"
"\core\event\course_viewed","1009","1707581118"
"\mod_workshop\event\course_module_viewed","1009","1707581122"
"\mod_workshop\event\submission_viewed","1009","1707581137"
"\core\event\course_viewed","1009","1707582866"
"\core\event\course_viewed","1009","1707582880"
"\core\event\course_viewed","1009","1707582908"
"\core\event\course_viewed","1009","1707582911"
"\mod_url\event\course_module_viewed","1009","1707582913"
"\core\event\course_viewed","1009","1707582915"
"\mod_workshop\event\course_module_viewed","1009","1707582958"
"\mod_workshop\event\submission_created","1009","1707587102"
"\mod_workshop\event\course_module_viewed","1009","1707587181"
"\core\event\user_profile_viewed","1009","1707587192"
"\core\event\course_viewed","1009","1707587270"
"\mod_resource\event\course_module_viewed","1009","1707587279"
"\core\event\course_viewed","1009","1707587307"
"\mod_resource\event\course_module_viewed","1009","1707587314"
"\core\event\course_viewed","1009","1707589757"
"\core\event\course_viewed","1009","1707589764"
"\core\event\course_viewed","1009","1707589776"
"\core\event\course_viewed","1009","1707589781"
"\core\event\course_viewed","1009","1707589786"
"\core\event\course_viewed","1009","1707589792"
"\mod_resource\event\course_module_viewed","1009","1707589797"
"\core\event\course_viewed","1009","1707589814"
"\core\event\user_profile_viewed","1009","1707589830"
"\core\event\user_profile_viewed","1009","1707589842"
"\core\event\course_viewed","1009","1707589848"
"\core\event\course_viewed","1009","1707589849"
"\core\event\course_viewed","1009","1707589863"
"\core\event\course_viewed","1009","1707589869"
"\core\event\course_viewed","1009","1707762019"
"\core\event\course_viewed","1009","1707762040"
"\mod_workshop\event\course_module_viewed","1009","1707762045"
"\core\event\course_viewed","1009","1707762048"
"\core\event\course_viewed","1009","1707762055"
"\mod_resource\event\course_module_viewed","1009","1707762064"
"\core\event\course_viewed","1009","1707762733"
"\mod_forum\event\discussion_viewed","1009","1708056858"
"\core\event\course_viewed","1009","1708056865"
"\mod_url\event\course_module_viewed","1009","1708056870"
"\mod_resource\event\course_module_viewed","1009","1708056886"
"\core\event\course_viewed","1009","1708057014"
"\core\event\course_viewed","1009","1708057021"
"\mod_mail\event\course_module_viewed","1009","1708057026"
"\mod_mail\event\course_module_viewed","1009","1708057031"
"\mod_mail\event\course_module_viewed","1009","1708057036"
"\core\event\course_viewed","1009","1708059713"
"\core\event\course_viewed","1009","1708148257"
"\core\event\course_viewed","1009","1708148259"
"\mod_workshop\event\course_module_viewed","1009","1708148273"
"\core\event\course_viewed","1009","1708149369"
"\mod_workshop\event\course_module_viewed","1009","1708149374"
"\core\event\course_viewed","1009","1708149381"
"\mod_workshop\event\course_module_viewed","1009","1708149463"
"\mod_workshop\event\submission_assessed","1009","1708149465"
"\mod_workshop\event\submission_assessed","1009","1708149497"
"\core\event\course_viewed","1009","1708149512"
"\core\event\course_viewed","1009","1708149514"
"\core\event\course_viewed","1009","1708149516"
"\core\event\course_viewed","1009","1708150708"
"\core\event\course_viewed","1009","1708150712"
"\core\event\course_viewed","1009","1708150724"
"\mod_workshop\event\course_module_viewed","1009","1708150726"
"\mod_workshop\event\submission_viewed","1009","1708150734"
"\core\event\course_viewed","1009","1708155871"
"\mod_forum\event\discussion_viewed","1009","1708155873"
"\core\event\course_viewed","1009","1708156988"
"\core\event\course_viewed","1009","1708157144"
"\core\event\course_viewed","1009","1708157149"
"\core\event\course_viewed","1009","1708161498"
"\mod_scheduler\event\booking_form_viewed","1009","1708161503"
"\core\event\calendar_event_created","1009","1708161505"
"\mod_scheduler\event\booking_form_viewed","1009","1708161507"
"\core\event\course_viewed","1009","1708161598"
"\core\event\course_viewed","1009","1708161629"
"\mod_resource\event\course_module_viewed","1009","1708161631"
"\mod_resource\event\course_module_viewed","1009","1708161633"
"\mod_workshop\event\course_module_viewed","1009","1708161640"
"\mod_workshop\event\course_module_viewed","1009","1708162067"
"\core\event\course_viewed","1009","1708162083"
"\core\event\course_viewed","1009","1708162090"
"\core\event\course_viewed","1009","1708162095"
"\core\event\course_viewed","1009","1708162100"
"\mod_resource\event\course_module_viewed","1009","1708162134"
"\core\event\course_viewed","1009","1708164392"
"\core\event\course_viewed","1009","1708164427"
"\mod_resource\event\course_module_viewed","1009","1708164432"
"\core\event\course_viewed","1009","1708164441"
"\core\event\course_viewed","1009","1708250513"
"\core\event\course_viewed","1009","1708250516"
"\core\event\course_viewed","1009","1708250521"
"\core\event\course_viewed","1009","1708250887"
"\mod_workshop\event\course_module_viewed","1009","1708250894"
"\core\event\course_viewed","1009","1708329870"
"\core\event\course_viewed","1009","1708329881"
"\mod_workshop\event\course_module_viewed","1009","1708329884"
"\core\event\course_viewed","1009","1708329891"
"\core\event\course_viewed","1009","1708329909"
"\core\event\course_viewed","1009","1708329914"
"\mod_quiz\event\course_module_viewed","1009","1708329917"
"\core\event\course_viewed","1009","1708329921"
"\core\event\course_viewed","1009","1708329926"
"\mod_workshop\event\course_module_viewed","1009","1708329930"
"\core\event\course_viewed","1009","1708334998"
"\core\event\course_viewed","1009","1708335002"
"\core\event\course_viewed","1009","1708335341"
"\core\event\course_viewed","1009","1708335444"
"\core\event\course_viewed","1009","1708335453"
"\core\event\course_viewed","1009","1708335912"
"\core\event\course_viewed","1009","1708335917"
"\core\event\course_viewed","1009","1708336689"
"\mod_workshop\event\course_module_viewed","1009","1708336691"
"\mod_workshop\event\submission_viewed","1009","1708336723"
"\core\event\course_viewed","1009","1708336735"
"\mod_workshop\event\course_module_viewed","1009","1708336738"
"\mod_workshop\event\submission_created","1009","1708341380"
"\core\event\course_viewed","1009","1708341406"
"\mod_workshop\event\course_module_viewed","1009","1708341415"
"\mod_workshop\event\submission_reassessed","1009","1708345464"
"\mod_workshop\event\submission_reassessed","1009","1708345478"
"\mod_workshop\event\course_module_viewed","1009","1708345480"
"\core\event\course_viewed","1009","1708345489"
"\mod_workshop\event\course_module_viewed","1009","1708345497"
"\core\event\course_viewed","1009","1708345503"
"\core\event\course_viewed","1009","1708345919"
"\mod_workshop\event\course_module_viewed","1009","1708345928"
"\mod_workshop\event\submission_assessed","1009","1708346217"
"\mod_workshop\event\course_module_viewed","1009","1708346434"
"\core\event\course_viewed","1009","1708346452"
"\core\event\course_viewed","1009","1708346455"
"\mod_mail\event\course_module_viewed","1009","1708346459"
"\core\event\course_viewed","1009","1709479376"
"\core\event\course_viewed","1009","1709479400"
"\gradereport_user\event\grade_report_viewed","1009","1709479404"
"\core\event\course_viewed","1009","1709479411"
"\core\event\course_viewed","1009","1709479414"
"\core\event\course_viewed","1009","1709479423"
"\core\event\course_viewed","1009","1709479428"
"\mod_workshop\event\course_module_viewed","1009","1709479434"
"\core\event\course_viewed","1009","1709479439"
"\core\event\course_viewed","1009","1709479441"
"\core\event\course_viewed","1009","1709479463"
"\core\event\course_viewed","1009","1709479465"
"\mod_url\event\course_module_viewed","1009","1709479497"
"\core\event\course_viewed","1009","1709479572"
"\core\event\course_viewed","1009","1709479579"
"\core\event\course_viewed","1009","1709479584"
"\mod_resource\event\course_module_viewed","1009","1709479603"
"\core\event\course_viewed","1009","1709479605"
"\gradereport_user\event\grade_report_viewed","1009","1709479612"
"\core\event\course_viewed","1009","1709487965"
"\mod_workshop\event\course_module_viewed","1009","1709487970"
"\core\event\course_viewed","1009","1709489415"
"\mod_quiz\event\course_module_viewed","1009","1709489422"
"\mod_resource\event\course_module_viewed","1009","1709489436"
"\core\event\course_viewed","1009","1709489593"
"\core\event\course_viewed","1009","1709489595"
"\core\event\course_viewed","1009","1709489599"
"\core\event\course_viewed","1009","1709489604"
"\core\event\course_viewed","1009","1709489609"
"\core\event\course_viewed","1009","1709489611"
"\mod_workshop\event\course_module_viewed","1009","1709489616"
"\mod_workshop\event\submission_viewed","1009","1709489623"
"\mod_workshop\event\submission_viewed","1009","1709489646"
"\core\event\course_viewed","1009","1709489935"
"\core\event\course_viewed","1009","1709489985"
"\mod_resource\event\course_module_viewed","1009","1709489992"
"\mod_resource\event\course_module_viewed","1009","1709489998"
"\mod_resource\event\course_module_viewed","1009","1709490390"
"\core\event\course_viewed","1009","1709490481"
"\mod_forum\event\course_module_viewed","1009","1709490484"
"\core\event\course_viewed","1009","1709773070"
"\mod_workshop\event\course_module_viewed","1009","1709773079"
"\mod_workshop\event\submission_assessed","1009","1709773182"
"\mod_workshop\event\course_module_viewed","1009","1709773184"
"\mod_workshop\event\submission_updated","1009","1709773324"
"\mod_workshop\event\submission_viewed","1009","1709773325"
"\core\event\course_viewed","1009","1709773360"
"\core\event\course_viewed","1009","1709773362"
"\core\event\course_viewed","1009","1709773446"
"\core\event\user_list_viewed","1009","1709773450"
"\core\event\user_profile_viewed","1009","1709773462"
"\core\event\course_viewed","1009","1709773508"
"\core\event\course_viewed","1009","1710824657"
"\mod_resource\event\course_module_viewed","1009","1710824662"
"\mod_resource\event\course_module_viewed","1009","1710824695"
"\core\event\course_viewed","1009","1710824716"
"\core\event\course_viewed","1009","1710824728"
"\core\event\course_viewed","1009","1710824732"
"\mod_url\event\course_module_viewed","1009","1710824737"
"\core\event\course_viewed","1009","1710824812"
"\core\event\course_viewed","1009","1710824844"
"\mod_workshop\event\course_module_viewed","1009","1710824853"
"\core\event\course_viewed","1009","1710824861"
"\mod_workshop\event\course_module_viewed","1009","1710824865"
"\core\event\course_viewed","1009","1710824952"
"\core\event\course_viewed","1009","1710824954"
"\core\event\course_viewed","1009","1710824956"
"\core\event\course_viewed","1009","1710934745"
"\core\event\course_viewed","1009","1710934768"
"\core\event\course_viewed","1009","1710934771"
"\mod_resource\event\course_module_viewed","1009","1710935003"
"\core\event\course_viewed","1009","1710936640"
"\core\event\course_viewed","1009","1710936643"
"\core\event\course_viewed","1009","1710936708"
"\core\event\course_viewed","1009","1710936711"
"\core\event\course_viewed","1009","1710936718"
"\core\event\course_viewed","1009","1710936722"
"\core\event\course_viewed","1009","1711645479"
"\core\event\course_viewed","1009","1711645500"
"\core\event\course_viewed","1009","1711645503"
"\core\event\course_viewed","1009","1711645540"
"\mod_workshop\event\course_module_viewed","1009","1711645545"
"\core\event\course_viewed","1009","1711650546"
"\core\event\course_viewed","1009","1711650561"
"\mod_resource\event\course_module_viewed","1009","1711650574"
"\core\event\course_viewed","1009","1711650588"
"\core\event\course_viewed","1009","1711650596"
"\mod_workshop\event\course_module_viewed","1009","1711975304"
"\mod_workshop\event\submission_updated","1009","1711975305"
"\mod_url\event\course_module_viewed","1009","1711975311"
"\core\event\course_viewed","1009","1711975486"
"\core\event\course_viewed","1009","1711975495"
"\core\event\course_viewed","1009","1711975512"
"\core\event\course_viewed","1009","1711975519"
"\mod_resource\event\course_module_viewed","1009","1711975538"
"\core\event\course_viewed","1009","1711982816"
"\core\event\course_viewed","1009","1711982820"
"\core\event\course_viewed","1009","1711982823"
"\core\event\course_viewed","1009","1711982827"
"\mod_resource\event\course_module_viewed","1009","1711982844"
"\core\event\course_viewed","1009","1711993085"
"\mod_workshop\event\course_module_viewed","1009","1711993090"
"\core\event\course_viewed","1009","1711993099"
"\core\event\course_viewed","1009","1711993100"
"\core\event\course_viewed","1009","1711993132"
"\mod_resource\event\course_module_viewed","1009","1711993139"
"\core\event\course_viewed","1009","1711993142"
"\core\event\course_viewed","1009","1711993760"
"\core\event\course_viewed","1009","1711993767"
"\core\event\course_viewed","1009","1711993771"
"\core\event\course_viewed","1009","1711993776"
"\core\event\course_viewed","1009","1712043120"
"\core\event\course_viewed","1009","1712043157"
"\mod_forum\event\course_module_viewed","1009","1712043181"
"\core\event\course_viewed","1009","1712043258"
"\core\event\course_viewed","1009","1712043271"
"\mod_resource\event\course_module_viewed","1009","1712043272"
"\core\event\course_viewed","1009","1712047905"
"\core\event\course_viewed","1009","1712047921"
"\mod_resource\event\course_module_viewed","1009","1712047931"
"\core\event\course_viewed","1009","1712047949"
"\core\event\course_viewed","1009","1712047954"
"\core\event\course_viewed","1009","1712048087"
"\core\event\course_viewed","1009","1712048092"
"\core\event\course_viewed","1009","1712048096"
"\core\event\course_viewed","1009","1712143625"
"\mod_resource\event\course_module_viewed","1009","1712143634"
"\core\event\course_viewed","1009","1712144451"
"\core\event\course_viewed","1009","1712144521"
"\mod_workshop\event\course_module_viewed","1009","1712144525"
"\core\event\course_viewed","1009","1712144544"
"\core\event\course_viewed","1009","1712144548"
"\mod_resource\event\course_module_viewed","1009","1712144549"
"\core\event\course_viewed","1009","1712144696"
"\mod_resource\event\course_module_viewed","1009","1712144700"
"\core\event\course_viewed","1009","1712145537"
"\core\event\course_viewed","1009","1712145540"
"\gradereport_user\event\grade_report_viewed","1009","1712145544"
"\core\event\course_viewed","1009","1712146465"
"\core\event\course_viewed","1009","1712146466"
"\core\event\course_viewed","1009","1712146480"
"\core\event\course_viewed","1009","1712146484"
"\core\event\course_viewed","1009","1712146500"
"\mod_workshop\event\course_module_viewed","1009","1712146512"
"\core\event\course_viewed","1009","1712146517"
"\core\event\course_viewed","1009","1712146522"
"\core\event\course_viewed","1009","1713164606"
"\core\event\course_viewed","1009","1713164610"
"\mod_resource\event\course_module_viewed","1009","1713165387"
"\core\event\course_viewed","1009","1713165403"
"\core\event\course_viewed","1009","1713165412"
"\core\event\course_viewed","1009","1713165415"
"\core\event\course_viewed","1009","1713165420"
"\mod_workshop\event\course_module_viewed","1009","1713165422"
"\mod_workshop\event\submission_viewed","1009","1713165424"
"\core\event\course_viewed","1009","1713166758"
"\core\event\course_viewed","1009","1713166763"
"\mod_workshop\event\course_module_viewed","1009","1713166769"
"\core\event\course_viewed","1009","1713166818"
"\mod_resource\event\course_module_viewed","1009","1713166821"
"\core\event\course_viewed","1009","1713402719"
"\mod_workshop\event\course_module_viewed","1009","1713402727"
"\mod_workshop\event\course_module_viewed","1009","1713402731"
"\core\event\course_viewed","1009","1713403753"
"\mod_workshop\event\course_module_viewed","1009","1713403757"
"\mod_workshop\event\submission_viewed","1009","1713403809"
"\mod_workshop\event\submission_updated","1009","1713403811"
"\mod_workshop\event\submission_viewed","1009","1713403813"
"\mod_workshop\event\submission_viewed","1009","1713404221"
"\mod_workshop\event\submission_assessed","1009","1713404329"
"\mod_workshop\event\course_module_viewed","1009","1713404671"
"\core\event\course_viewed","1009","1713404707"
"\core\event\course_viewed","1009","1713404711"
"\gradereport_user\event\grade_report_viewed","1009","1713404716"
"\core\event\course_viewed","1009","1713404725"
"\mod_resource\event\course_module_viewed","1009","1713404728"
"\core\event\course_viewed","1009","1713404730"
"\core\event\course_viewed","1009","1713404735"
"\core\event\course_viewed","1009","1713404746"
"\core\event\course_viewed","1009","1713404748"
"\mod_workshop\event\course_module_viewed","1009","1713404869"
"\core\event\course_viewed","1009","1713404879"
"\mod_resource\event\course_module_viewed","1009","1713404886"
"\core\event\course_viewed","1009","1713407013"
"\core\event\course_viewed","1009","1713407022"
"\mod_workshop\event\course_module_viewed","1009","1713407029"
"\mod_workshop\event\assessable_uploaded","1009","1713476113"
"\mod_workshop\event\submission_viewed","1009","1713476115"
"\core\event\course_viewed","1009","1713476195"
"\core\event\course_viewed","1009","1713476209"
"\mod_workshop\event\course_module_viewed","1009","1713476218"
"\mod_workshop\event\submission_assessed","1009","1713476351"
"\mod_workshop\event\course_module_viewed","1009","1713476353"
"\mod_workshop\event\submission_updated","1009","1713476358"
"\core\event\course_viewed","1009","1713476370"
"\core\event\course_viewed","1009","1713476372"
"\core\event\course_viewed","1009","1713955359"
"\mod_forum\event\course_module_viewed","1009","1713955363"
"\core\event\course_viewed","1009","1713955506"
"\core\event\course_viewed","1009","1713955508"
"\core\event\course_viewed","1009","1713955543"
"\mod_workshop\event\course_module_viewed","1009","1713955552"
"\mod_workshop\event\submission_reassessed","1009","1713955718"
"\mod_workshop\event\submission_assessed","1009","1713955730"
"\core\event\course_viewed","1009","1713955737"
"\core\event\course_viewed","1009","1713956031"
"\core\event\course_viewed","1009","1713956038"
"\mod_workshop\event\course_module_viewed","1009","1713956056"
"\mod_workshop\event\submission_viewed","1009","1713956059"
"\mod_workshop\event\assessable_uploaded","1009","1713956061"
"\mod_workshop\event\submission_created","1009","1713956063"
"\mod_workshop\event\submission_updated","1009","1713956065"
"\mod_workshop\event\submission_created","1009","1713956066"
"\mod_workshop\event\submission_updated","1009","1713956068"
"\core\event\course_viewed","1009","1713956077"
"\gradereport_user\event\grade_report_viewed","1009","1713956082"
"\gradereport_user\event\grade_report_viewed","1009","1713956751"
"\core\event\course_viewed","1009","1713956755"
"\mod_resource\event\course_module_viewed","1009","1713960703"
"\mod_resource\event\course_module_viewed","1009","1713964514"
"\core\event\course_viewed","1009","1713964519"
"\core\event\course_viewed","1009","1713964538"
"\core\event\course_viewed","1009","1713964551"
"\mod_url\event\course_module_viewed","1009","1713964554"
"\core\event\course_viewed","1009","1713964717"
"\core\event\course_viewed","1009","1713964726"
"\mod_workshop\event\course_module_viewed","1009","1713964735"
"\mod_workshop\event\course_module_viewed","1009","1713964752"
"\mod_workshop\event\submission_reassessed","1009","1713964754"
"\core\event\course_viewed","1009","1714094054"
"\core\event\course_viewed","1009","1714094055"
"\core\event\course_viewed","1009","1714094064"
"\mod_resource\event\course_module_viewed","1009","1714095255"
"\mod_resource\event\course_module_viewed","1009","1714095257"
"\core\event\course_viewed","1009","1714096065"
"\core\event\course_viewed","1009","1714097109"
"\core\event\user_list_viewed","1009","1714097718"
"\core\event\course_viewed","1009","1714097723"
"\core\event\course_viewed","1009","1714097729"
"\core\event\course_viewed","1009","1714097732"
"\core\event\course_viewed","1009","1714097736"
"\mod_workshop\event\course_module_viewed","1009","1714097737"
"\mod_workshop\event\submission_viewed","1009","1714097751"
"\core\event\course_viewed","1009","1714097767"
"\core\event\course_viewed","1009","1714097769"
"\gradereport_user\event\grade_report_viewed","1009","1714097776"
"\core\event\course_viewed","1009","1714097797"
"\core\event\course_viewed","1009","1714097806"
"\mod_choicegroup\event\course_module_viewed","1009","1714097811"
"\mod_choicegroup\event\course_module_viewed","1009","1714097813"
"\mod_choicegroup\event\course_module_viewed","1009","1714097814"
"\core\event\course_viewed","1009","1714097816"
"\core\event\course_viewed","1009","1714097832"
"\mod_resource\event\course_module_viewed","1009","1714097835"
"\core\event\course_viewed","1009","1714099994"
"\mod_mail\event\course_module_viewed","1009","1714099998"
"\core\event\course_viewed","1009","1714100311"
"\core\event\course_viewed","1009","1714100316"
"\mod_workshop\event\course_module_viewed","1009","1714100346"
"\mod_workshop\event\submission_viewed","1009","1714100355"
"\mod_workshop\event\course_module_viewed","1009","1714100385"
"\core\event\course_viewed","1009","1714100392"
"\mod_workshop\event\course_module_viewed","1009","1714100400"
"\mod_workshop\event\submission_assessed","1009","1714100402"
"\mod_workshop\event\submission_reassessed","1009","1714100409"
"\mod_workshop\event\course_module_viewed","1009","1714100411"
"\core\event\course_viewed","1009","1714100416"
"\mod_url\event\course_module_viewed","1009","1714100451"
"\core\event\course_viewed","1009","1714100465"
"\core\event\course_viewed","1009","1714154287"
"\core\event\course_viewed","1009","1714154322"
"\core\event\course_viewed","1009","1714154324"
"\mod_workshop\event\course_module_viewed","1009","1714154328"
"\core\event\course_viewed","1009","1714154331"
"\core\event\course_viewed","1009","1714154347"
"\core\event\course_viewed","1009","1714154354"
"\core\event\course_viewed","1009","1714154356"
"\core\event\user_list_viewed","1009","1714154359"
"\core\event\course_viewed","1009","1714154368"
"\core\event\course_viewed","1009","1714154417"
"\core\event\course_viewed","1009","1714293567"
"\mod_resource\event\course_module_viewed","1009","1714293574"
"\mod_workshop\event\assessable_uploaded","1009","1714294442"
"\mod_workshop\event\submission_viewed","1009","1714294446"
"\core\event\course_viewed","1009","1714294558"
"\core\event\course_viewed","1009","1714299777"
"\core\event\course_viewed","1009","1714299796"
"\mod_resource\event\course_module_viewed","1009","1714299801"
"\mod_workshop\event\assessable_uploaded","1009","1714300015"
"\mod_workshop\event\submission_viewed","1009","1714300017"
"\core\event\course_viewed","1009","1714300024"
"\mod_resource\event\course_module_viewed","1009","1714300025"
"\core\event\course_viewed","1009","1714300031"
"\mod_workshop\event\course_module_viewed","1009","1714300034"
"\core\event\course_viewed","1009","1714300059"
"\core\event\course_viewed","1009","1714300997"
"\core\event\course_viewed","1009","1714301004"
"\core\event\course_viewed","1009","1714301030"
"\mod_resource\event\course_module_viewed","1009","1714301062"
"\core\event\course_viewed","1009","1714301065"
"\core\event\course_viewed","1009","1714301069"
"\core\event\course_viewed","1009","1714301258"
"\mod_resource\event\course_module_viewed","1009","1714301261"
"\mod_url\event\course_module_viewed","1009","1714301347"
"\core\event\course_viewed","1009","1714301351"
"\core\event\course_viewed","1009","1714301352"
"\core\event\course_viewed","1009","1714301356"
"\core\event\course_viewed","1009","1714301421"
"\core\event\course_viewed","1009","1714301426"
"\core\event\course_viewed","1009","1714301442"
"\mod_workshop\event\submission_created","1009","1714301471"
"\core\event\course_viewed","1009","1714301484"
"\mod_resource\event\course_module_viewed","1009","1714301501"
"\core\event\course_viewed","1009","1714301506"
"\core\event\course_viewed","1009","1714301512"
"\core\event\course_viewed","1009","1714301582"
"\core\event\course_viewed","1009","1714301613"
"\core\event\course_viewed","1009","1714301622"
"\core\event\course_viewed","1009","1714370433"
"\mod_workshop\event\course_module_viewed","1009","1714370445"
"\core\event\course_viewed","1009","1714370452"
"\core\event\course_viewed","1009","1714370461"
"\mod_url\event\course_module_viewed","1009","1714371298"
"\core\event\course_viewed","1009","1714382538"
"\gradereport_user\event\grade_report_viewed","1009","1714382543"
"\mod_workshop\event\course_module_viewed","1009","1714382548"
"\core\event\course_viewed","1009","1714386293"
"\mod_resource\event\course_module_viewed","1009","1714386585"
"\core\event\course_viewed","1009","1714390686"
"\core\event\course_viewed","1009","1714390696"
"\core\event\course_viewed","1009","1714390745"
"\core\event\course_viewed","1009","1714390766"
"\mod_workshop\event\course_module_viewed","1009","1714390775"
"\mod_resource\event\course_module_viewed","1009","1714390780"
"\core\event\course_viewed","1009","1714390782"
"\mod_workshop\event\course_module_viewed","1009","1714390831"
"\mod_workshop\event\submission_reassessed","1009","1714390899"
"\mod_workshop\event\course_module_viewed","1009","1714390925"
"\core\event\user_profile_viewed","1009","1714391283"
"\core\event\user_profile_viewed","1009","1714391293"
"\mod_mail\event\course_module_viewed","1009","1714391300"
"\mod_mail\event\course_module_viewed","1009","1714391304"
"\mod_mail\event\course_module_viewed","1009","1714391587"
"\mod_mail\event\course_module_viewed","1009","1714391591"
"\mod_mail\event\course_module_viewed","1009","1714455205"
"\mod_mail\event\course_module_viewed","1009","1714455221"
"\mod_mail\event\course_module_viewed","1009","1714455912"
"\mod_mail\event\course_module_viewed","1009","1714455918"
"\mod_mail\event\course_module_viewed","1009","1714455925"
"\mod_mail\event\course_module_viewed","1009","1714465622"
"\mod_mail\event\message_send","1009","1714465624"
"\mod_mail\event\course_module_viewed","1009","1714465626"
"\mod_mail\event\course_module_viewed","1009","1714465629"
"\mod_mail\event\course_module_viewed","1009","1714465636"
"\core\event\course_viewed","1009","1714465663"
"\core\event\course_viewed","1009","1714598450"
"\core\event\course_viewed","1009","1714598553"
"\mod_scheduler\event\booking_form_viewed","1009","1714598560"
"\core\event\course_viewed","1009","1714598567"
"\mod_quiz\event\course_module_viewed","1009","1714598569"
"\mod_quiz\event\attempt_reviewed","1009","1714598573"
"\mod_quiz\event\course_module_viewed","1009","1714598574"
"\core\event\course_viewed","1009","1714598576"
"\core\event\course_viewed","1009","1714598585"
"\core\event\course_viewed","1009","1714598588"
"\mod_url\event\course_module_viewed","1009","1714724262"
"\core\event\course_viewed","1009","1714728247"
"\mod_url\event\course_module_viewed","1009","1714728256"
"\mod_resource\event\course_module_viewed","1009","1714728258"
"\core\event\course_viewed","1009","1714728259"
"\core\event\course_viewed","1009","1714728265"
"\core\event\course_viewed","1009","1714728575"
"\core\event\course_viewed","1009","1714728582"
"\core\event\course_viewed","1009","1714728610"
"\core\event\course_viewed","1009","1714983232"
"\core\event\course_viewed","1009","1714983235"
"\mod_resource\event\course_module_viewed","1009","1714983239"
"\core\event\course_viewed","1009","1714987495"
"\core\event\course_viewed","1009","1714987502"
"\mod_forum\event\discussion_viewed","1009","1715439709"
"\core\event\course_viewed","1009","1715439767"
"\core\event\course_viewed","1009","1715439783"
"\mod_workshop\event\course_module_viewed","1009","1715439786"
"\mod_workshop\event\submission_assessed","1009","1715439821"
"\mod_workshop\event\course_module_viewed","1009","1715439823"
"\core\event\course_viewed","1009","1715453633"
"\core\event\course_viewed","1009","1715453642"
"\core\event\course_viewed","1009","1715453645"
"\core\event\course_viewed","1009","1715556013"
"\mod_workshop\event\course_module_viewed","1009","1715557918"
"\mod_workshop\event\submission_created","1009","1715558079"
"\mod_workshop\event\submission_viewed","1009","1715558193"
"\core\event\course_viewed","1009","1715558230"
"\core\event\course_viewed","1009","1715558254"
"\core\event\course_viewed","1009","1715558263"
"\core\event\course_viewed","1009","1715558266"
"\gradereport_user\event\grade_report_viewed","1009","1715558280"
"\core\event\course_viewed","1009","1715558333"
"\core\event\course_viewed","1009","1715558336"
"\core\event\course_viewed","1009","1715558342"
"\core\event\course_viewed","1009","1715558343"
"\core\event\course_viewed","1009","1715558350"
"\core\event\course_viewed","1009","1715558363"
"\mod_workshop\event\course_module_viewed","1009","1715558364"
"\core\event\course_viewed","1009","1715628500"
"\core\event\course_viewed","1009","1715628514"
"\core\event\course_viewed","1009","1715628523"
"\core\event\course_viewed","1009","1715628527"
"\core\event\course_viewed","1009","1715628537"
"\mod_resource\event\course_module_viewed","1009","1715628551"
"\core\event\course_viewed","1009","1715628576"
"\core\event\course_viewed","1009","1716375549"
"\core\event\course_viewed","1009","1716375564"
"\core\event\course_viewed","1009","1716375566"
"\mod_resource\event\course_module_viewed","1009","1716375570"
"\core\event\course_viewed","1009","1716376359"
"\core\event\course_viewed","1009","1716435117"
"\core\event\course_viewed","1009","1716435126"
"\core\event\course_viewed","1009","1716435129"
"\mod_workshop\event\course_module_viewed","1009","1716435135"
"\core\event\course_viewed","1009","1716516722"
"\core\event\course_viewed","1009","1716516724"
"\core\event\course_viewed","1009","1716516752"
"\core\event\course_viewed","1009","1716516756"
"\core\event\course_viewed","1009","1716516759"
"\mod_resource\event\course_module_viewed","1009","1716516775"
"\core\event\course_viewed","1009","1716516782"
"\core\event\course_viewed","1009","1716516819"
"\core\event\course_viewed","1009","1716516820"
"\mod_workshop\event\course_module_viewed","1009","1716516826"
"\mod_workshop\event\submission_updated","1009","1716516976"
"\mod_workshop\event\submission_viewed","1009","1716516978"
"\mod_workshop\event\submission_created","1009","1716516988"
"\core\event\course_viewed","1009","1716665890"
"\core\event\course_viewed","1009","1716665894"
"\core\event\course_viewed","1009","1716665902"
"\core\event\course_viewed","1009","1716665906"
"\core\event\course_viewed","1009","1716665908"
"\core\event\course_viewed","1009","1716665909"
"\mod_url\event\course_module_viewed","1009","1716665913"
"\core\event\course_viewed","1009","1716665918"
"\mod_resource\event\course_module_viewed","1009","1716665923"
"\core\event\course_viewed","1009","1716666083"
"\core\event\course_viewed","1009","1717008123"
"\core\event\course_viewed","1009","1717008138"
"\core\event\course_viewed","1009","1717008152"
"\mod_workshop\event\course_module_viewed","1009","1717008161"
"\mod_workshop\event\course_module_viewed","1009","1717008184"
"\mod_workshop\event\course_module_viewed","1009","1717008189"
"\mod_workshop\event\submission_viewed","1009","1717008203"
"\mod_workshop\event\submission_created","1009","1717008205"
"\mod_workshop\event\submission_updated","1009","1717008207"
"\mod_workshop\event\assessable_uploaded","1009","1717008208"
"\mod_workshop\event\submission_viewed","1009","1717008210"
"\mod_workshop\event\assessable_uploaded","1009","1717008212"
"\mod_workshop\event\submission_updated","1009","1717008214"
"\core\event\course_viewed","1009","1717008215"
"\mod_resource\event\course_module_viewed","1009","1717008217"
"\core\event\course_viewed","1009","1717008354"
"\core\event\course_viewed","1009","1717008361"
"\core\event\course_viewed","1009","1717008364"
"\core\event\course_viewed","1009","1717008368"
"\mod_quiz\event\course_module_viewed","1009","1717008373"
"\core\event\course_viewed","1009","1717008378"
"\mod_resource\event\course_module_viewed","1009","1717008382"
"\core\event\course_viewed","1009","1717008387"
"\mod_resource\event\course_module_viewed","1009","1717008390"
"\mod_resource\event\course_module_viewed","1009","1717008411"
"\core\event\course_viewed","1009","1717008413"
"\core\event\course_viewed","1009","1717151184"
"\core\event\course_viewed","1009","1717151196"
"\mod_resource\event\course_module_viewed","1009","1717151203"
"\core\event\course_viewed","1009","1717151206"
"\core\event\course_viewed","1009","1717151212"
"\core\event\course_viewed","1009","1717230173"
"\mod_resource\event\course_module_viewed","1009","1717230189"
"\mod_workshop\event\assessable_uploaded","1009","1717231600"
"\core\event\course_viewed","1009","1717243220"
"\core\event\course_viewed","1009","1717243278"
"\gradereport_user\event\grade_report_viewed","1009","1717243283"
"\core\event\course_viewed","1009","1717243852"
"\mod_workshop\event\course_module_viewed","1009","1717243854"
"\core\event\course_viewed","1009","1717244481"
"\mod_workshop\event\course_module_viewed","1009","1717244498"
"\core\event\course_viewed","1009","1717244514"
"\core\event\course_viewed","1009","1717356243"
"\core\event\course_viewed","1009","1717356247"
"\core\event\course_viewed","1009","1717356254"
"\core\event\course_viewed","1009","1717356261"
"\mod_resource\event\course_module_viewed","1009","1717356266"
"\core\event\course_viewed","1009","1717357467"
"\mod_choice\event\course_module_viewed","1009","1717357476"
"\core\event\course_viewed","1009","1717357556"
"\core\event\course_viewed","1009","1717885061"
"\mod_resource\event\course_module_viewed","1009","1717885070"
"\mod_resource\event\course_module_viewed","1009","1717885136"
"\core\event\course_viewed","1009","1717885245"
"\core\event\course_viewed","1009","1717885250"
"\mod_workshop\event\course_module_viewed","1009","1717885259"
"\core\event\course_viewed","1009","1717885449"
"\core\event\course_viewed","1009","1717885453"
"\core\event\course_viewed","1009","1717885456"
"\mod_resource\event\course_module_viewed","1009","1717885458"
"\core\event\course_viewed","1009","1717885481"
"\core\event\course_viewed","1009","1717885486"
"\core\event\course_viewed","1009","1717887048"
"\mod_resource\event\course_module_viewed","1009","1717888874"
"\mod_resource\event\course_module_viewed","1009","1717888879"
"\mod_resource\event\course_module_viewed","1009","1717888886"
"\mod_resource\event\course_module_viewed","1009","1717888892"
"\mod_workshop\event\submission_created","1009","1717888899"
"\mod_workshop\event\submission_viewed","1009","1717888900"
"\mod_workshop\event\submission_assessed","1009","1717889095"
"\core\event\course_viewed","1009","1718048953"
"\mod_resource\event\course_module_viewed","1009","1718048960"
"\core\event\course_viewed","1009","1718048963"
"\mod_resource\event\course_module_viewed","1009","1718048965"
"\core\event\course_viewed","1009","1718051132"
"\core\event\course_viewed","1009","1718051144"
"\core\event\course_viewed","1009","1718051146"
"\core\event\course_viewed","1009","1718051150"
"\mod_workshop\event\course_module_viewed","1009","1718051155"
"\core\event\course_viewed","1009","1718451422"
"\mod_resource\event\course_module_viewed","1009","1718451429"
"\core\event\course_viewed","1009","1718451447"
"\mod_quiz\event\course_module_viewed","1009","1718451452"
"\core\event\course_viewed","1009","1718451459"
"\core\event\course_viewed","1009","1718451462"
"\core\event\course_viewed","1009","1718451468"
"\mod_workshop\event\course_module_viewed","1009","1718598515"
"\core\event\course_viewed","1009","1718598543"
"\core\event\course_viewed","1009","1718598676"
"\mod_resource\event\course_module_viewed","1009","1718598683"
"\mod_resource\event\course_module_viewed","1009","1718598720"
"\mod_resource\event\course_module_viewed","1009","1719037741"
"\core\event\course_viewed","1009","1719037784"
"\mod_workshop\event\course_module_viewed","1009","1719037793"
"\mod_workshop\event\submission_updated","1009","1719040465"
"\mod_workshop\event\submission_viewed","1009","1719040467"
"\core\event\course_viewed","1009","1719051556"
"\core\event\course_viewed","1009","1719051558"
"\core\event\course_viewed","1009","1719051568"
"\mod_resource\event\course_module_viewed","1009","1719052957"
"\mod_resource\event\course_module_viewed","1009","1719052960"
"\mod_resource\event\course_module_viewed","1009","1719053048"
"\core\event\course_viewed","1009","1719053049"
"\core\event\course_viewed","1009","1719053063"
"\core\event\course_viewed","1009","1719053067"
"\mod_resource\event\course_module_viewed","1009","1719053072"
"\mod_workshop\event\course_module_viewed","1009","1719053077"
"\core\event\course_viewed","1009","1719053088"
"\core\event\course_viewed","1009","1719053091"
"\mod_resource\event\course_module_viewed","1009","1719053098"
"\core\event\course_viewed","1009","1719053139"
"\mod_workshop\event\course_module_viewed","1009","1719053149"
"\mod_workshop\event\submission_assessed","1009","1719053151"
"\mod_workshop\event\submission_reassessed","1009","1719053288"
"\mod_workshop\event\course_module_viewed","1009","1719053289"
"\mod_workshop\event\submission_assessed","1009","1719053531"
"\mod_workshop\event\submission_reassessed","1009","1719053538"
"\mod_workshop\event\course_module_viewed","1009","1719053566"
"\core\event\course_viewed","1009","1719053568"
"\mod_quiz\event\course_module_viewed","1009","1719053569"
"\core\event\course_viewed","1009","1719053578"
"\core\event\course_viewed","1009","1719053580"
"\core\event\course_viewed","1009","1719053582"
"\gradereport_user\event\grade_report_viewed","1009","1719053585"
"\core\event\course_viewed","1009","1719053631"
"\core\event\course_viewed","1009","1719053653"
"\core\event\course_viewed","1009","1719053659"
"\core\event\course_viewed","1009","1719053660"
"\core\event\course_viewed","1009","1719053688"
"\mod_resource\event\course_module_viewed","1009","1719053704"
"\mod_resource\event\course_module_viewed","1009","1719053734"
"\core\event\course_viewed","1009","1719055546"
"\core\event\course_viewed","1009","1719055551"
"\core\event\course_viewed","1009","1719055555"
"\core\event\course_viewed","1009","1719055558"
"\mod_workshop\event\course_module_viewed","1009","1719055572"
"\mod_workshop\event\submission_assessed","1009","1719055695"
"\mod_workshop\event\course_module_viewed","1009","1719055711"
"\mod_workshop\event\submission_assessed","1009","1719056189"
"\core\event\course_viewed","1009","1719056285"
"\core\event\course_viewed","1009","1719056299"
"\core\event\course_viewed","1009","1719056302"
"\core\event\course_viewed","1009","1719056306"
"\core\event\course_viewed","1009","1719056308"
"\core\event\course_viewed","1009","1719056350"
"\core\event\course_viewed","1009","1719056351"
"\core\event\course_viewed","1009","1719056365"
"\mod_resource\event\course_module_viewed","1009","1719061294"
"\core\event\course_viewed","1009","1719061444"
"\mod_resource\event\course_module_viewed","1009","1719061469"
"\core\event\course_viewed","1009","1719069160"
"\core\event\course_viewed","1009","1719069174"
"\core\event\course_viewed","1009","1719069253"
"\core\event\course_viewed","1009","1719069262"
"\mod_workshop\event\course_module_viewed","1009","1719069267"
"\mod_workshop\event\submission_reassessed","1009","1719069295"
"\core\event\course_viewed","1009","1719079948"
"\mod_url\event\course_module_viewed","1009","1719079955"
"\core\event\course_viewed","1009","1719079959"
"\core\event\course_viewed","1009","1719079964"
"\mod_workshop\event\course_module_viewed","1009","1719079973"
"\mod_workshop\event\submission_viewed","1009","1719080001"
"\mod_workshop\event\assessable_uploaded","1009","1719080003"
"\core\event\course_viewed","1009","1719080017"
"\core\event\course_viewed","1009","1719229904"
"\mod_resource\event\course_module_viewed","1009","1719229928"
"\core\event\course_viewed","1009","1719231135"
"\core\event\course_viewed","1009","1719231138"
"\mod_resource\event\course_module_viewed","1009","1719231154"
"\mod_resource\event\course_module_viewed","1009","1719231171"
"\mod_workshop\event\course_module_viewed","1009","1719231177"
"\mod_workshop\event\course_module_viewed","1009","1719231723"
"\mod_workshop\event\submission_viewed","1009","1719231730"
"\mod_workshop\event\submission_viewed","1009","1719231756"
"\mod_workshop\event\course_module_viewed","1009","1719231758"
"\mod_workshop\event\course_module_viewed","1009","1719231760"
"\core\event\course_viewed","1009","1719231772"
"\mod_resource\event\course_module_viewed","1009","1719231781"
"\mod_resource\event\course_module_viewed","1009","1719231865"
"\mod_resource\event\course_module_viewed","1009","1719232089"
"\core\event\course_viewed","1009","1719340089"
"\core\event\course_viewed","1009","1719340091"
"\gradereport_user\event\grade_report_viewed","1009","1719340094"
"\core\event\course_viewed","1009","1719340169"
"\core\event\course_viewed","1009","1719340488"
"\mod_workshop\event\course_module_viewed","1009","1719340492"
"\mod_workshop\event\course_module_viewed","1009","1719340497"
"\mod_workshop\event\course_module_viewed","1009","1719340499"
"\mod_workshop\event\submission_assessed","1009","1719340887"
"\core\event\course_viewed","1009","1719342120"
"\core\event\course_viewed","1009","1719342122"
"\gradereport_user\event\grade_report_viewed","1009","1719342127"
"\core\event\course_viewed","1009","1719342132"
"\core\event\course_viewed","1009","1719342137"
"\core\event\course_viewed","1009","1719342139"
"\mod_forum\event\discussion_viewed","1009","1719342148"
"\core\event\course_viewed","1009","1719342150"
"\core\event\course_viewed","1009","1719342157"
"\mod_resource\event\course_module_viewed","1009","1719342158"
"\core\event\course_viewed","1009","1719344056"
"\mod_resource\event\course_module_viewed","1009","1719344063"
"\mod_resource\event\course_module_viewed","1009","1719344065"
"\core\event\course_viewed","1009","1719344096"
"\core\event\course_viewed","1009","1719344098"
"\mod_workshop\event\course_module_viewed","1009","1719344100"
"\core\event\course_viewed","1009","1719474252"
"\core\event\course_viewed","1009","1719474266"
"\core\event\course_viewed","1009","1719474461"
"\mod_workshop\event\course_module_viewed","1009","1719474482"
"\core\event\course_viewed","1009","1719474484"
"\mod_resource\event\course_module_viewed","1009","1719474489"
"\core\event\course_viewed","1009","1719474506"
"\mod_mail\event\course_module_viewed","1009","1719474510"
"\mod_mail\event\course_module_viewed","1009","1719474786"
"\mod_mail\event\course_module_viewed","1009","1719474795"
"\mod_mail\event\course_module_viewed","1009","1719474807"
"\mod_mail\event\course_module_viewed","1009","1719474814"
"\mod_mail\event\course_module_viewed","1009","1719474816"
"\core\event\course_viewed","1009","1719474827"
"\core\event\course_viewed","1009","1719474834"
"\gradereport_user\event\grade_report_viewed","1009","1719474839"
"\gradereport_user\event\grade_report_viewed","1009","1719474886"
"\core\event\course_viewed","1009","1719475114"
"\core\event\course_viewed","1009","1719475123"
"\core\event\course_viewed","1009","1720127226"
"\core\event\course_viewed","1009","1720127233"
"\core\event\course_viewed","1009","1720127239"
"\core\event\course_viewed","1009","1720127240"
"\core\event\course_viewed","1009","1720127242"
"\core\event\course_viewed","1009","1720127246"
"\core\event\course_viewed","1009","1720127251"
"\core\event\course_viewed","1009","1720128245"
"\core\event\course_viewed","1009","1720128249"
"\mod_url\event\course_module_viewed","1009","1720128261"
"\core\event\course_viewed","1009","1720128270"
"\core\event\course_viewed","1009","1720128279"
"\gradereport_user\event\grade_report_viewed","1009","1720128310"
"\core\event\course_viewed","1009","1720128343"
"\core\event\course_viewed","1009","1720128347"
"\core\event\course_viewed","1009","1720238933"
"\core\event\course_viewed","1009","1720238959"
"\core\event\course_viewed","1009","1720241855"
"\mod_resource\event\course_module_viewed","1009","1720241860"
"\core\event\course_viewed","1009","1720241872"
"\core\event\course_viewed","1009","1720241897"
"\core\event\course_viewed","1009","1720241900"
"\core\event\course_viewed","1009","1720321967"
"\core\event\course_viewed","1009","1720321968"
"\mod_resource\event\course_module_viewed","1009","1720321975"
"\core\event\course_viewed","1009","1720322002"
"\core\event\course_viewed","1009","1720322010"
"\core\event\course_viewed","1009","1720322025"
"\core\event\course_viewed","1009","1720322033"
"\mod_scheduler\event\booking_form_viewed","1009","1720322037"
"\core\event\course_viewed","1009","1720322040"
"\core\event\course_viewed","1009","1720406268"
"\mod_workshop\event\course_module_viewed","1009","1720406366"
"\mod_workshop\event\course_module_viewed","1009","1720406564"
"\core\event\course_viewed","1009","1720407921"
"\mod_workshop\event\course_module_viewed","1009","1720407923"
"\core\event\course_viewed","1009","1720407977"
"\core\event\course_viewed","1009","1720407993"
"\core\event\course_viewed","1009","1720408271"
"\core\event\course_viewed","1009","1720408275"
"\core\event\course_viewed","1009","1720408278"
"\core\event\course_viewed","1009","1720408282"
"\mod_resource\event\course_module_viewed","1009","1720408296"
"\core\event\course_viewed","1009","1720408304"
"\mod_workshop\event\course_module_viewed","1009","1720408311"
"\core\event\course_viewed","1009","1720624292"
"\core\event\course_viewed","1009","1720624299"
"\core\event\course_viewed","1009","1720624306"
"\core\event\course_viewed","1009","1720624308"
"\mod_resource\event\course_module_viewed","1009","1720624311"
"\core\event\course_viewed","1009","1720866545"
"\core\event\course_viewed","1009","1720866554"
"\core\event\course_viewed","1009","1720866610"
"\gradereport_user\event\grade_report_viewed","1009","1720866613"
"\gradereport_user\event\grade_report_viewed","1009","1720866622"
"\core\event\course_viewed","1009","1720866636"
"\core\event\course_viewed","1009","1720866640"
"\core\event\course_viewed","1009","1720866655"
"\mod_workshop\event\course_module_viewed","1009","1720866657"
"\mod_workshop\event\course_module_viewed","1009","1720866671"
"\mod_workshop\event\course_module_viewed","1009","1720866689"
"\mod_workshop\event\submission_created","1009","1720867312"
"\mod_workshop\event\submission_updated","1009","1720867314"
"\core\event\course_viewed","1009","1720867319"
"\core\event\course_viewed","1009","1720867322"
"\core\event\course_viewed","1009","1720868359"
"\core\event\course_viewed","1009","1720868392"
"\core\event\course_viewed","1009","1720878193"
"\core\event\course_viewed","1009","1720878200"
"\mod_resource\event\course_module_viewed","1009","1720878203"
"\mod_url\event\course_module_viewed","1009","1720878223"
"\core\event\course_viewed","1009","1720878772"
"\core\event\course_viewed","1009","1720878776"
"\mod_url\event\course_module_viewed","1009","1720878788"
"\core\event\course_viewed","1009","1720881778"
"\mod_workshop\event\course_module_viewed","1009","1720881791"
"\core\event\course_viewed","1009","1720881868"
"\core\event\course_viewed","1009","1720881870"
"\mod_workshop\event\assessable_uploaded","1009","1720882195"
"\core\event\course_viewed","1009","1720882207"
"\mod_resource\event\course_module_viewed","1009","1720882209"
"\core\event\course_viewed","1009","1720882349"
"\mod_workshop\event\course_module_viewed","1009","1720882353"
"\core\event\course_viewed","1009","1720882614"
"\core\event\course_viewed","1009","1720882615"
"\core\event\course_viewed","1009","1720882622"
"\mod_workshop\event\course_module_viewed","1009","1720882631"
"\mod_workshop\event\course_module_viewed","1009","1720882633"
"\mod_workshop\event\assessable_uploaded","1009","1720882636"
"\mod_workshop\event\submission_viewed","1009","1720882638"
"\mod_workshop\event\submission_created","1009","1720882640"
"\mod_workshop\event\assessable_uploaded","1009","1720882645"
"\mod_workshop\event\submission_updated","1009","1720882647"
"\mod_workshop\event\submission_viewed","1009","1720882649"
"\mod_workshop\event\submission_viewed","1009","1720882764"
"\core\event\user_profile_viewed","1009","1720882799"
"\core\event\course_viewed","1009","1720882824"
"\mod_forum\event\discussion_viewed","1009","1720882834"
"\core\event\course_viewed","1009","1720884599"
"\mod_resource\event\course_module_viewed","1009","1720884604"
"\mod_workshop\event\submission_updated","1009","1720884606"
"\core\event\course_viewed","1009","1721029358"
"\core\event\course_viewed","1009","1721029360"
"\mod_workshop\event\course_module_viewed","1009","1721029363"
"\core\event\course_viewed","1009","1721039521"
"\core\event\course_viewed","1009","1721039525"
"\core\event\course_viewed","1009","1721110648"
"\mod_resource\event\course_module_viewed","1009","1721110654"
"\core\event\course_viewed","1009","1721110669"
"\core\event\course_viewed","1009","1721110706"
"\core\event\course_viewed","1009","1721122174"
"\mod_resource\event\course_module_viewed","1009","1721123249"
"\core\event\course_viewed","1009","1721123322"
"\core\event\course_viewed","1009","1721123326"
"\core\event\course_viewed","1009","1721123329"
"\mod_resource\event\course_module_viewed","1009","1721123350"
"\core\event\course_viewed","1009","1721123356"
"\core\event\course_viewed","1009","1721123361"
"\core\event\course_viewed","1009","1721391817"
"\mod_workshop\event\course_module_viewed","1009","1721391821"
"\mod_resource\event\course_module_viewed","1009","1721391879"
"\mod_resource\event\course_module_viewed","1009","1721391902"
"\core\event\course_viewed","1009","1721399409"
"\core\event\course_viewed","1009","1721399423"
"\core\event\course_viewed","1009","1721500478"
"\mod_workshop\event\course_module_viewed","1009","1721500486"
"\mod_workshop\event\course_module_viewed","1009","1721500492"
"\core\event\course_viewed","1009","1721500497"
"\core\event\course_viewed","1009","1721500500"
"\mod_workshop\event\course_module_viewed","1009","1721500504"
"\core\event\course_viewed","1009","1721500544"
"\core\event\course_viewed","1009","1721500546"
"\core\event\course_viewed","1009","1721500548"
"\core\event\course_viewed","1009","1721500583"
"\mod_choicegroup\event\course_module_viewed","1009","1721500588"
"\mod_choicegroup\event\course_module_viewed","1009","1721500590"
"\mod_choicegroup\event\course_module_viewed","1009","1721500591"
"\mod_choicegroup\event\course_module_viewed","1009","1721500593"
"\core\event\course_viewed","1009","1721612468"
"\core\event\course_viewed","1009","1721612476"
"\gradereport_user\event\grade_report_viewed","1009","1721612643"
"\mod_workshop\event\course_module_viewed","1009","1721612671"
"\mod_workshop\event\course_module_viewed","1009","1721612798"
"\core\event\course_viewed","1009","1721612800"
"\core\event\course_viewed","1009","1721612809"
"\core\event\course_viewed","1009","1721612840"
"\core\event\course_viewed","1009","1721612846"
"\mod_url\event\course_module_viewed","1009","1721622347"
"\core\event\course_viewed","1009","1721622373"
"\mod_resource\event\course_module_viewed","1009","1721622503"
"\core\event\course_viewed","1009","1721673008"
"\core\event\course_viewed","1009","1721673016"
"\mod_url\event\course_module_viewed","1009","1721673041"
"\core\event\course_viewed","1009","1721673046"
"\mod_resource\event\course_module_viewed","1009","1721673048"
"\mod_resource\event\course_module_viewed","1009","1721673058"
"\core\event\course_viewed","1009","1721673820"
"\mod_resource\event\course_module_viewed","1009","1721673862"
"\core\event\course_viewed","1009","1721675140"
"\gradereport_user\event\grade_report_viewed","1009","1721675145"
"\core\event\course_viewed","1009","1721789602"
"\core\event\course_viewed","1009","1721789606"
"\mod_workshop\event\course_module_viewed","1009","1721789621"
"\mod_workshop\event\submission_updated","1009","1721789625"
"\mod_workshop\event\assessable_uploaded","1009","1721789627"
"\mod_workshop\event\submission_updated","1009","1721789628"
"\mod_workshop\event\submission_created","1009","1721789630"
"\mod_workshop\event\submission_updated","1009","1721789632"
"\mod_workshop\event\submission_created","1009","1721789674"
"\mod_workshop\event\course_module_viewed","1009","1721789704"
"\core\event\course_viewed","1009","1721789719"
"\core\event\course_viewed","1009","1721789737"
"\mod_resource\event\course_module_viewed","1009","1721790565"
"\core\event\course_viewed","1009","1721790572"
"\core\event\course_viewed","1009","1721790595"
"\core\event\course_viewed","1009","1721790600"
"\core\event\course_viewed","1009","1721790604"
"\core\event\course_viewed","1009","1721790630"
"\core\event\course_viewed","1009","1721790632"
"\core\event\course_viewed","1009","1721790635"
"\core\event\course_viewed","1009","1722966129"
"\core\event\course_viewed","1009","1722966194"
"\mod_resource\event\course_module_viewed","1009","1722966198"
"\mod_resource\event\course_module_viewed","1009","1722966217"
"\mod_workshop\event\course_module_viewed","1009","1722966222"
"\mod_workshop\event\submission_assessed","1009","1722966387"
"\mod_workshop\event\course_module_viewed","1009","1722966388"
"\mod_workshop\event\submission_viewed","1009","1722966395"
"\mod_mail\event\course_module_viewed","1009","1722966401"
"\core\event\user_profile_viewed","1009","1722966404"
"\core\event\user_profile_viewed","1009","1722966409"
"\core\event\course_viewed","1009","1723091066"
"\core\event\course_viewed","1009","1723091087"
"\core\event\course_viewed","1009","1723091091"
"\core\event\course_viewed","1009","1723091100"
"\mod_workshop\event\course_module_viewed","1009","1723091101"
"\mod_workshop\event\course_module_viewed","1009","1723091157"
"\core\event\course_viewed","1009","1723091178"
"\mod_workshop\event\course_module_viewed","1009","1723091194"
"\mod_workshop\event\submission_updated","1009","1723094193"
"\mod_workshop\event\submission_viewed","1009","1723094198"
"\mod_workshop\event\submission_created","1009","1723094200"
"\mod_workshop\event\submission_updated","1009","1723094260"
"\mod_workshop\event\assessable_uploaded","1009","1723094261"
"\mod_resource\event\course_module_viewed","1009","1723094279"
"\mod_forum\event\discussion_viewed","1009","1723094613"
"\core\event\course_viewed","1009","1723095737"
"\mod_workshop\event\course_module_viewed","1009","1723095851"
"\mod_workshop\event\course_module_viewed","1009","1723095856"
"\core\event\course_viewed","1009","1723096937"
"\mod_url\event\course_module_viewed","1009","1723096954"
"\core\event\course_viewed","1009","1723097224"
"\core\event\course_viewed","1009","1723100011"
"\gradereport_user\event\grade_report_viewed","1009","1723100221"
"\mod_workshop\event\course_module_viewed","1009","1723100230"
"\core\event\course_viewed","1009","1723100233"
"\core\event\course_viewed","1009","1723100284"
"\core\event\course_viewed","1009","1723100288"
"\mod_resource\event\course_module_viewed","1009","1723100295"
"\mod_choice\event\course_module_viewed","1009","1723100396"
"\mod_forum\event\discussion_viewed","1009","1723100403"
"\core\event\course_viewed","1009","1723100440"
"\core\event\course_viewed","1009","1723100545"
"\core\event\course_viewed","1009","1723100548"
"\mod_workshop\event\course_module_viewed","1009","1723181217"
"\mod_workshop\event\submission_viewed","1009","1723181299"
"\core\event\course_viewed","1009","1723193896"
"\mod_quiz\event\attempt_updated","1009","1723193900"
"\mod_quiz\event\attempt_viewed","1009","1723193901"
"\mod_quiz\event\attempt_updated","1009","1723193905"
"\mod_quiz\event\attempt_viewed","1009","1723193907"
"\mod_quiz\event\attempt_autosaved","1009","1723194099"
"\mod_quiz\event\attempt_viewed","1009","1723194113"
"\mod_quiz\event\attempt_updated","1009","1723194115"
"\mod_quiz\event\attempt_viewed","1009","1723194117"
"\mod_quiz\event\attempt_updated","1009","1723194119"
"\core\event\course_viewed","1009","1723194222"
"\mod_resource\event\course_module_viewed","1009","1723194224"
"\core\event\course_viewed","1009","1723199394"
"\mod_resource\event\course_module_viewed","1009","1723199399"
"\core\event\course_viewed","1009","1723200784"
"\core\event\course_viewed","1009","1723200791"
"\core\event\course_viewed","1009","1723200793"
"\core\event\course_viewed","1009","1723200794"
"\mod_workshop\event\course_module_viewed","1009","1723200801"
"\core\event\course_viewed","1009","1723200817"
"\core\event\course_viewed","1009","1723203610"
"\mod_resource\event\course_module_viewed","1009","1723203615"
"\core\event\course_viewed","1009","1723203624"
"\core\event\course_viewed","1009","1723203632"
"\mod_resource\event\course_module_viewed","1009","1723203639"
"\core\event\course_viewed","1009","1723203730"
"\core\event\course_viewed","1009","1723302955"
"\mod_choicegroup\event\course_module_viewed","1009","1723302962"
"\mod_quiz\event\attempt_reviewed","1009","1723302969"
"\mod_quiz\event\attempt_reviewed","1009","1723302971"
"\mod_quiz\event\attempt_viewed","1009","1723303293"
"\core\event\course_viewed","1009","1723783109"
"\mod_workshop\event\course_module_viewed","1009","1723783117"
"\core\event\course_viewed","1009","1723783124"
"\mod_resource\event\course_module_viewed","1009","1723783152"
"\mod_resource\event\course_module_viewed","1009","1723783168"
"\core\event\course_viewed","1009","1723785628"
"\core\event\course_viewed","1009","1723785632"
"\core\event\course_viewed","1009","1723785637"
"\mod_workshop\event\course_module_viewed","1009","1723785639"
"\core\event\course_viewed","1009","1723785640"
"\mod_resource\event\course_module_viewed","1009","1723785653"
"\core\event\course_viewed","1009","1723785933"
"\mod_resource\event\course_module_viewed","1009","1723785950"
"\mod_resource\event\course_module_viewed","1009","1723785954"
"\mod_resource\event\course_module_viewed","1009","1723786052"
"\core\event\course_viewed","1009","1723786388"
"\core\event\course_viewed","1009","1723898947"
"\gradereport_user\event\grade_report_viewed","1009","1723899036"
"\mod_workshop\event\course_module_viewed","1009","1723899140"
"\core\event\course_viewed","1009","1723899147"
"\mod_resource\event\course_module_viewed","1009","1723899271"
"\core\event\course_viewed","1009","1723899283"
"\mod_resource\event\course_module_viewed","1009","1723899290"
"\core\event\course_viewed","1009","1723899348"
"\core\event\course_viewed","1009","1723899509"
"\core\event\course_viewed","1009","1723899518"
"\core\event\course_viewed","1009","1723902256"
"\mod_resource\event\course_module_viewed","1009","1723902427"
"\mod_resource\event\course_module_viewed","1009","1723902433"
"\core\event\course_viewed","1009","1723902464"
"\core\event\course_viewed","1009","1723971161"
"\core\event\course_viewed","1009","1723971165"
"\core\event\course_viewed","1009","1723971173"
"\core\event\course_viewed","1009","1723971175"
"\core\event\course_viewed","1009","1723971177"
"\mod_resource\event\course_module_viewed","1009","1723971179"
"\mod_workshop\event\submission_updated","1009","1723974031"
"\core\event\course_viewed","1009","1723974171"
"\mod_workshop\event\course_module_viewed","1009","1723974172"
"\mod_workshop\event\course_module_viewed","1009","1723974178"
"\mod_workshop\event\submission_viewed","1009","1723974185"
"\mod_workshop\event\submission_updated","1009","1723974265"
"\mod_workshop\event\submission_created","1009","1723974267"
"\mod_workshop\event\submission_updated","1009","1723974269"
"\mod_workshop\event\assessable_uploaded","1009","1723974270"
"\mod_resource\event\course_module_viewed","1009","1723974272"
"\core\event\course_viewed","1009","1723974495"
"\core\event\course_viewed","1009","1723974507"
"\core\event\course_viewed","1009","1723974512"
"\core\event\course_viewed","1009","1724112515"
"\mod_resource\event\course_module_viewed","1009","1724112534"
"\core\event\course_viewed","1009","1724112659"
"\core\event\course_viewed","1009","1724115278"
"\mod_workshop\event\course_module_viewed","1009","1724115297"
"\mod_workshop\event\submission_assessed","1009","1724115299"
"\mod_workshop\event\submission_assessed","1009","1724115304"
"\mod_workshop\event\course_module_viewed","1009","1724115306"
"\core\event\course_viewed","1009","1724115318"
"\mod_resource\event\course_module_viewed","1009","1724115325"
"\core\event\course_viewed","1009","1724115327"
"\mod_resource\event\course_module_viewed","1009","1724115339"
"\core\event\course_viewed","1009","1724115341"
"\mod_workshop\event\course_module_viewed","1009","1724115346"
"\core\event\course_viewed","1009","1724115351"
"\core\event\course_viewed","1009","1724115353"
"\mod_workshop\event\course_module_viewed","1009","1724115357"
"\mod_workshop\event\course_module_viewed","1009","1724115416"
"\mod_workshop\event\submission_created","1009","1724115420"
"\mod_workshop\event\submission_viewed","1009","1724115421"
"\mod_workshop\event\submission_updated","1009","1724115423"
"\core\event\course_viewed","1009","1724115425"
"\core\event\course_viewed","1009","1724115428"
"\mod_resource\event\course_module_viewed","1009","1724115495"
"\core\event\course_viewed","1009","1724115498"
"\core\event\course_viewed","1009","1724115547"
"\core\event\course_viewed","1009","1724115549"
"\core\event\course_viewed","1009","1724115561"
"\mod_workshop\event\course_module_viewed","1009","1724115572"
"\mod_workshop\event\submission_viewed","1009","1724115586"
"\core\event\user_profile_viewed","1009","1724115596"
"\core\event\user_profile_viewed","1009","1724115617"
"\core\event\user_profile_viewed","1009","1724115631"
"\core\event\course_viewed","1009","1724243781"
"\core\event\course_viewed","1009","1724243783"
"\mod_workshop\event\course_module_viewed","1009","1724243785"
"\core\event\course_viewed","1009","1724243811"
"\core\event\course_viewed","1009","1724243814"
"\core\event\course_viewed","1009","1724243820"
"\mod_resource\event\course_module_viewed","1009","1724243827"
"\core\event\course_viewed","1009","1724338519"
"\core\event\course_viewed","1009","1724338528"
"\mod_resource\event\course_module_viewed","1009","1724338531"
"\core\event\course_viewed","1009","1724338754"
"\core\event\course_viewed","1009","1724338759"
"\mod_scheduler\event\booking_form_viewed","1009","1724338792"
"\core\event\course_viewed","1009","1724338801"
"\core\event\course_viewed","1009","1724338832"
"\gradereport_user\event\grade_report_viewed","1009","1724567970"
"\core\event\course_viewed","1009","1724567975"
"\core\event\course_viewed","1009","1724567981"
"\mod_mail\event\course_module_viewed","1009","1724568103"
"\core\event\course_viewed","1009","1724568105"
"\core\event\course_viewed","1009","1724568147"
"\core\event\course_viewed","1009","1724568201"
"\core\event\course_viewed","1009","1724568205"
"\core\event\course_viewed","1009","1724568212"
"\core\event\course_viewed","1009","1724568214"
"\core\event\course_viewed","1009","1724568256"
"\core\event\course_viewed","1009","1724569602"
"\core\event\course_viewed","1009","1724569607"
"\core\event\course_viewed","1009","1724569633"
"\mod_workshop\event\course_module_viewed","1009","1724569637"
"\mod_workshop\event\submission_reassessed","1009","1724569639"
"\core\event\course_viewed","1009","1724607466"
"\core\event\course_viewed","1009","1724607471"
"\mod_workshop\event\course_module_viewed","1009","1724607476"
"\gradereport_user\event\grade_report_viewed","1009","1724607492"
"\core\event\course_viewed","1009","1724607496"
"\mod_resource\event\course_module_viewed","1009","1724607497"
"\core\event\course_viewed","1009","1724607706"
"\core\event\course_viewed","1009","1724607709"
"\core\event\course_viewed","1009","1724607711"
"\mod_workshop\event\course_module_viewed","1009","1724607720"
"\core\event\course_viewed","1009","1724645545"
"\core\event\course_viewed","1009","1724645549"
"\core\event\course_viewed","1009","1724645556"
"\mod_workshop\event\course_module_viewed","1009","1724645565"
"\core\event\course_viewed","1009","1724782142"
"\mod_resource\event\course_module_viewed","1009","1724782148"
"\mod_resource\event\course_module_viewed","1009","1724782151"
"\mod_resource\event\course_module_viewed","1009","1724786679"
"\mod_url\event\course_module_viewed","1009","1724786686"
"\mod_resource\event\course_module_viewed","1009","1724787067"
"\core\event\course_viewed","1009","1724787223"
"\core\event\course_viewed","1009","1724787228"
"\mod_url\event\course_module_viewed","1009","1724787565"
"\core\event\course_viewed","1009","1724787668"
"\core\event\course_viewed","1009","1724787670"
"\core\event\course_viewed","1009","1724787671"
"\mod_resource\event\course_module_viewed","1009","1724787678"
"\core\event\course_viewed","1009","1724787680"
"\core\event\course_viewed","1009","1724787682"
"\core\event\course_viewed","1009","1724787694"
"\core\event\course_viewed","1009","1724787696"
"\mod_resource\event\course_module_viewed","1009","1724787699"
"\core\event\course_viewed","1009","1724787705"
"\mod_resource\event\course_module_viewed","1009","1724787717"
"\core\event\course_viewed","1009","1724787999"
"\core\event\course_viewed","1009","1724788001"
"\mod_workshop\event\course_module_viewed","1009","1724788034"
"\mod_workshop\event\course_module_viewed","1009","1724788036"
"\mod_workshop\event\submission_created","1009","1724788039"
"\mod_workshop\event\submission_updated","1009","1724788041"
"\core\event\course_viewed","1009","1724800319"
"\core\event\course_viewed","1009","1724917896"
"\core\event\course_viewed","1009","1724917906"
"\mod_resource\event\course_module_viewed","1009","1724917910"
"\mod_workshop\event\course_module_viewed","1009","1724920648"
"\mod_workshop\event\course_module_viewed","1009","1724920653"
"\mod_workshop\event\course_module_viewed","1009","1724920690"
"\core\event\course_viewed","1009","1725011842"
"\mod_resource\event\course_module_viewed","1009","1725011844"
"\core\event\course_viewed","1009","1725012009"
"\core\event\course_viewed","1009","1725012012"
"\gradereport_user\event\grade_report_viewed","1009","1725012017"
"\core\event\course_viewed","1009","1725012031"
"\mod_url\event\course_module_viewed","1009","1725130541"
"\core\event\course_viewed","1009","1725130771"
"\core\event\course_viewed","1009","1725130774"
"\core\event\course_viewed","1009","1725130965"
"\gradereport_user\event\grade_report_viewed","1009","1725130970"
"\core\event\course_viewed","1009","1725131002"
"\mod_workshop\event\course_module_viewed","1009","1725131007"
"\core\event\course_viewed","1009","1725131012"
"\core\event\course_viewed","1009","1725311613"
"\core\event\course_viewed","1009","1725311620"
"\mod_workshop\event\course_module_viewed","1009","1725311622"
"\core\event\course_viewed","1009","1725311629"
"\core\event\course_viewed","1009","1725311636"
"\core\event\course_viewed","1009","1725311641"
"\mod_resource\event\course_module_viewed","1009","1725311666"
"\core\event\course_viewed","1009","1725311724"
"\core\event\course_viewed","1009","1725311729"
"\mod_url\event\course_module_viewed","1009","1725311734"
"\mod_resource\event\course_module_viewed","1009","1725311736"
"\core\event\course_viewed","1009","1725459256"
"\core\event\course_viewed","1009","1725459447"
"\mod_workshop\event\course_module_viewed","1009","1725459452"
"\mod_workshop\event\assessable_uploaded","1009","1725459655"
"\mod_workshop\event\submission_viewed","1009","1725459860"
"\mod_workshop\event\submission_created","1009","1725459862"
"\mod_workshop\event\submission_viewed","1009","1725459871"
"\core\event\course_viewed","1009","1725460459"
"\mod_workshop\event\course_module_viewed","1009","1725460461"
"\core\event\course_viewed","1009","1725460536"
"\mod_workshop\event\course_module_viewed","1009","1725460545"
"\mod_workshop\event\submission_viewed","1009","1725460548"
"\mod_workshop\event\submission_viewed","1009","1725460550"
"\core\event\user_profile_viewed","1009","1725460562"
"\mod_scheduler\event\booking_form_viewed","1009","1725460566"
"\core\event\course_viewed","1009","1725460567"
"\mod_workshop\event\course_module_viewed","1009","1725460594"
"\mod_workshop\event\course_module_viewed","1009","1725460599"
"\core\event\course_viewed","1009","1725460634"
"\mod_resource\event\course_module_viewed","1009","1725460639"
"\mod_resource\event\course_module_viewed","1009","1725460669"
"\core\event\course_viewed","1009","1725460671"
"\mod_workshop\event\course_module_viewed","1009","1725460672"
"\core\event\course_viewed","1009","1725460762"
"\mod_forum\event\course_module_viewed","1009","1725460795"
"\mod_forum\event\discussion_viewed","1009","1725460819"
"\core\event\course_viewed","1009","1725499114"
"\mod_workshop\event\course_module_viewed","1009","1725499146"
"\core\event\user_profile_viewed","1009","1725499151"
"\core\event\user_profile_viewed","1009","1725499153"
"\core\event\course_viewed","1009","1725499154"
"\core\event\course_viewed","1009","1725499158"
"\core\event\course_viewed","1009","1725499161"
"\mod_forum\event\discussion_viewed","1009","1725499172"
"\core\event\course_viewed","1009","1725499200"
"\core\event\course_viewed","1009","1725499202"
"\mod_resource\event\course_module_viewed","1009","1725499203"
"\core\event\course_viewed","1009","1725983777"
"\mod_resource\event\course_module_viewed","1009","1725983786"
"\core\event\course_viewed","1009","1725983944"
"\core\event\course_viewed","1009","1725983947"
"\core\event\course_viewed","1009","1725984052"
"\core\event\course_viewed","1009","1725984511"
"\core\event\course_viewed","1009","1725984523"
"\core\event\course_viewed","1009","1725984532"
"\mod_url\event\course_module_viewed","1009","1725984551"
"\core\event\course_viewed","1009","1725984558"
"\mod_workshop\event\course_module_viewed","1009","1725984562"
"\core\event\course_viewed","1009","1725984968"
"\core\event\course_viewed","1009","1725984970"
"\mod_workshop\event\course_module_viewed","1009","1725984978"
"\core\event\course_viewed","1009","1725984987"
"\core\event\course_viewed","1009","1725984992"
"\mod_resource\event\course_module_viewed","1009","1725984998"
"\core\event\course_viewed","1009","1725991019"
"\mod_url\event\course_module_viewed","1009","1725991022"
"\mod_url\event\course_module_viewed","1009","1725991036"
"\core\event\course_viewed","1009","1725991052"
"\core\event\course_viewed","1009","1725991076"
"\core\event\course_viewed","1009","1725991393"
"\core\event\course_viewed","1009","1725991409"
"\core\event\course_viewed","1009","1725991411"
"\core\event\course_viewed","1009","1725991416"
"\core\event\course_viewed","1009","1726142732"
"\mod_url\event\course_module_viewed","1009","1726142739"
"\mod_workshop\event\course_module_viewed","1009","1726142742"
"\mod_workshop\event\course_module_viewed","1009","1726142746"
"\core\event\course_viewed","1009","1726142846"
"\mod_resource\event\course_module_viewed","1009","1726143180"
"\core\event\course_viewed","1009","1726144815"
"\mod_workshop\event\course_module_viewed","1009","1726144833"
"\core\event\course_viewed","1009","1726144852"
"\core\event\course_viewed","1009","1726144859"
"\core\event\course_viewed","1009","1726144863"
"\mod_resource\event\course_module_viewed","1009","1726144866"
"\core\event\course_viewed","1009","1726145225"
"\mod_workshop\event\course_module_viewed","1009","1726145229"
"\mod_workshop\event\course_module_viewed","1009","1726145230"
"\mod_workshop\event\submission_reassessed","1009","1726145232"
"\core\event\course_viewed","1009","1726145239"
"\core\event\course_viewed","1009","1726145241"
"\mod_resource\event\course_module_viewed","1009","1726145257"
"\mod_workshop\event\course_module_viewed","1009","1726145279"
"\core\event\course_viewed","1009","1726145372"
"\mod_workshop\event\course_module_viewed","1009","1726145374"
"\mod_workshop\event\submission_reassessed","1009","1726146209"
"\mod_workshop\event\submission_viewed","1009","1726146211"
"\mod_workshop\event\submission_assessed","1009","1726146461"
"\mod_workshop\event\submission_reassessed","1009","1726146466"
"\mod_resource\event\course_module_viewed","1009","1726146484"
"\mod_resource\event\course_module_viewed","1009","1726147830"
"\core\event\course_viewed","1009","1726147841"
"\core\event\course_viewed","1009","1726147844"
"\core\event\course_viewed","1009","1726147848"
"\mod_workshop\event\course_module_viewed","1009","1726147851"
"\mod_workshop\event\submission_updated","1009","1726147886"
"\mod_workshop\event\submission_viewed","1009","1726147888"
"\mod_workshop\event\submission_viewed","1009","1726147990"
"\mod_workshop\event\submission_viewed","1009","1726147995"
"\mod_workshop\event\submission_updated","1009","1726148074"
"\mod_workshop\event\submission_viewed","1009","1726148075"
"\mod_workshop\event\submission_viewed","1009","1726149180"
"\mod_workshop\event\submission_viewed","1009","1726149201"
"\mod_workshop\event\assessable_uploaded","1009","1726149203"
"\mod_workshop\event\submission_viewed","1009","1726149205"
"\core\event\course_viewed","1009","1726149210"
"\core\event\course_viewed","1009","1726149215"
"\core\event\course_viewed","1009","1726149219"
"\core\event\course_viewed","1009","1726149226"
"\core\event\course_viewed","1009","1726149227"
"\core\event\course_viewed","1009","1726149961"
"\core\event\course_viewed","1009","1726149966"
"\core\event\course_viewed","1009","1726149970"
"\core\event\course_viewed","1009","1726149973"
"\core\event\course_viewed","1009","1726149987"
"\mod_resource\event\course_module_viewed","1009","1726150069"
"\mod_resource\event\course_module_viewed","1009","1726150083"
"\mod_resource\event\course_module_viewed","1009","1726151496"
"\mod_resource\event\course_module_viewed","1009","1726152984"
"\core\event\course_viewed","1009","1726152986"
"\mod_resource\event\course_module_viewed","1009","1726152991"
"\mod_workshop\event\course_module_viewed","1009","1726160473"
"\mod_workshop\event\submission_viewed","1009","1726160474"
"\mod_workshop\event\submission_viewed","1009","1726160490"
"\core\event\course_viewed","1009","1726987568"
"\mod_workshop\event\course_module_viewed","1009","1726987573"
"\core\event\course_viewed","1009","1726987575"
"\core\event\course_viewed","1009","1726987578"
"\core\event\course_viewed","1009","1726987584"
"\core\event\course_viewed","1009","1726987587"
"\mod_resource\event\course_module_viewed","1009","1726987631"
"\core\event\course_viewed","1009","1726987638"
"\core\event\course_viewed","1009","1726987642"
"\core\event\course_viewed","1009","1726987675"
"\core\event\course_viewed","1009","1726987677"
"\core\event\course_viewed","1009","1726987680"
"\core\event\course_viewed","1009","1726987685"
"\mod_workshop\event\course_module_viewed","1009","1726987689"
"\core\event\course_viewed","1009","1726987701"
"\mod_workshop\event\course_module_viewed","1009","1726988161"
"\core\event\course_viewed","1009","1726988186"
"\core\event\course_viewed","1009","1726988191"
"\core\event\course_viewed","1009","1727051450"
"\core\event\course_viewed","1009","1727051494"
"\core\event\course_viewed","1009","1727051496"
"\core\event\course_viewed","1009","1727051515"
"\core\event\course_viewed","1009","1727051517"
"\mod_workshop\event\course_module_viewed","1009","1727051519"
"\mod_workshop\event\submission_viewed","1009","1727257392"
"\core\event\course_viewed","1009","1727257394"
"\core\event\course_viewed","1009","1727257397"
"\core\event\course_viewed","1009","1727257411"
"\core\event\course_viewed","1009","1727257452"
"\core\event\course_viewed","1009","1727257765"
"\mod_resource\event\course_module_viewed","1009","1727257781"
"\core\event\course_viewed","1009","1727257809"
"\mod_url\event\course_module_viewed","1009","1727258138"
"\core\event\course_viewed","1009","1727258141"
"\core\event\course_viewed","1009","1727258143"
"\core\event\course_viewed","1009","1727258150"
"\mod_workshop\event\course_module_viewed","1009","1727258154"
"\mod_workshop\event\course_module_viewed","1009","1727258159"
"\mod_workshop\event\submission_assessed","1009","1727258166"
"\core\event\course_viewed","1009","1727258213"
"\core\event\course_viewed","1009","1727258215"
"\mod_resource\event\course_module_viewed","1009","1727258252"
"\core\event\course_viewed","1009","1727258253"
"\gradereport_user\event\grade_report_viewed","1009","1727258257"
"\core\event\course_viewed","1009","1727258281"
"\core\event\course_viewed","1009","1727258288"
"\core\event\course_viewed","1009","1727258290"
"\mod_workshop\event\course_module_viewed","1009","1727258295"
"\core\event\course_viewed","1009","1727258299"
"\core\event\course_viewed","1009","1727258311"
"\core\event\course_viewed","1009","1727258315"
"\gradereport_user\event\grade_report_viewed","1009","1727260417"
"\gradereport_user\event\grade_report_viewed","1009","1727260477"
"\core\event\course_viewed","1009","1727260484"
"\gradereport_user\event\grade_report_viewed","1009","1727260487"
"\core\event\course_viewed","1009","1727260510"
"\mod_resource\event\course_module_viewed","1009","1727260515"
"\mod_resource\event\course_module_viewed","1009","1727260531"
"\core\event\course_viewed","1009","1727261941"
"\core\event\course_viewed","1009","1727261981"
"\mod_resource\event\course_module_viewed","1009","1727261990"
"\mod_resource\event\course_module_viewed","1009","1727261998"
"\core\event\course_viewed","1009","1727262366"
"\core\event\course_viewed","1009","1727262369"
"\core\event\course_viewed","1009","1727262389"
"\mod_workshop\event\course_module_viewed","1009","1727262401"
"\core\event\course_viewed","1009","1727262406"
"\core\event\course_viewed","1009","1727262408"
"\core\event\course_viewed","1009","1727262413"
"\gradereport_user\event\grade_report_viewed","1009","1727262418"
"\core\event\course_viewed","1009","1727263318"
"\mod_workshop\event\course_module_viewed","1009","1727263324"
"\core\event\course_viewed","1009","1727263331"
"\core\event\course_viewed","1009","1727263336"
"\core\event\course_viewed","1009","1727263339"
"\core\event\course_viewed","1009","1727263350"
"\mod_resource\event\course_module_viewed","1009","1727263355"
"\core\event\course_viewed","1009","1727263394"
"\core\event\course_viewed","1009","1727263397"
"\mod_workshop\event\course_module_viewed","1009","1727263404"
"\core\event\course_viewed","1009","1727263415"
"\mod_resource\event\course_module_viewed","1009","1727263448"
"\core\event\course_viewed","1009","1727272886"
"\core\event\course_viewed","1009","1727272890"
"\mod_quiz\event\course_module_viewed","1009","1727272892"
"\mod_quiz\event\attempt_viewed","1009","1727272899"
"\mod_quiz\event\attempt_updated","1009","1727272900"
"\mod_quiz\event\attempt_viewed","1009","1727272902"
"\mod_quiz\event\attempt_updated","1009","1727273067"
"\mod_quiz\event\attempt_viewed","1009","1727273103"
"\mod_quiz\event\attempt_updated","1009","1727273109"
"\mod_quiz\event\attempt_viewed","1009","1727273110"
"\mod_quiz\event\attempt_updated","1009","1727273126"
"\mod_quiz\event\attempt_reviewed","1009","1727273133"
"\core\event\course_viewed","1009","1727275068"
"\gradereport_user\event\grade_report_viewed","1009","1727275071"
"\gradereport_user\event\grade_report_viewed","1009","1727275077"
"\core\event\course_viewed","1009","1727275082"
"\core\event\course_viewed","1009","1727275112"
"\core\event\course_viewed","1009","1727275115"
"\core\event\course_viewed","1009","1727275154"
"\mod_workshop\event\course_module_viewed","1009","1727275161"
"\core\event\course_viewed","1009","1727622006"
"\mod_choicegroup\event\course_module_viewed","1009","1727622010"
"\mod_choicegroup\event\course_module_viewed","1009","1727622171"
"\core\event\course_viewed","1009","1727622313"
"\mod_workshop\event\course_module_viewed","1009","1727622316"
"\mod_workshop\event\submission_viewed","1009","1727622323"
"\mod_workshop\event\submission_viewed","1009","1727623894"
"\mod_workshop\event\submission_viewed","1009","1727623896"
"\core\event\course_viewed","1009","1727624323"
"\gradereport_user\event\grade_report_viewed","1009","1727624353"
"\core\event\course_viewed","1009","1727624451"
"\core\event\course_viewed","1009","1727624640"
"\core\event\course_viewed","1009","1727625820"
"\mod_resource\event\course_module_viewed","1009","1727625832"
"\core\event\course_viewed","1009","1727671261"
"\gradereport_user\event\grade_report_viewed","1009","1727671265"
"\mod_quiz\event\course_module_viewed","1009","1727671270"
"\mod_quiz\event\attempt_viewed","1009","1727671282"
"\mod_quiz\event\attempt_updated","1009","1727671284"
"\mod_quiz\event\attempt_viewed","1009","1727671286"
"\mod_quiz\event\attempt_updated","1009","1727671287"
"\mod_quiz\event\attempt_viewed","1009","1727671291"
"\mod_quiz\event\attempt_updated","1009","1727671293"
"\mod_quiz\event\attempt_summary_viewed","1009","1727671294"
"\mod_quiz\event\attempt_updated","1009","1727720846"
"\mod_quiz\event\attempt_viewed","1009","1727721043"
"\mod_quiz\event\attempt_updated","1009","1727721044"
"\mod_quiz\event\attempt_updated","1009","1727721050"
"\mod_quiz\event\attempt_viewed","1009","1727729688"
"\mod_quiz\event\attempt_viewed","1009","1727729865"
"\mod_quiz\event\attempt_viewed","1009","1727729957"
"\mod_quiz\event\attempt_updated","1009","1727729959"
"\core\event\course_viewed","1009","1727733291"
"\mod_resource\event\course_module_viewed","1009","1727733300"
"\mod_quiz\event\attempt_viewed","1009","1727733354"
"\mod_quiz\event\attempt_updated","1009","1727733356"
"\mod_quiz\event\attempt_updated","1009","1727733601"
"\mod_quiz\event\attempt_viewed","1009","1727733603"
"\mod_quiz\event\attempt_viewed","1009","1727733723"
"\mod_quiz\event\attempt_updated","1009","1727733741"
"\mod_quiz\event\attempt_viewed","1009","1727733743"
"\mod_quiz\event\attempt_autosaved","1009","1727733900"
"\mod_quiz\event\attempt_updated","1009","1727734000"
"\mod_quiz\event\attempt_updated","1009","1727734005"
"\mod_workshop\event\submission_assessed","1009","1727734007"
"\mod_workshop\event\course_module_viewed","1009","1727734009"
"\core\event\course_viewed","1009","1727734056"
"\core\event\course_viewed","1009","1727734063"
"\core\event\course_viewed","1009","1727734068"
"\mod_workshop\event\course_module_viewed","1009","1727734075"
"\core\event\course_viewed","1009","1727734081"
"\core\event\course_viewed","1009","1727734086"
"\mod_resource\event\course_module_viewed","1009","1727734091"
"\mod_resource\event\course_module_viewed","1009","1727734110"
"\core\event\course_viewed","1009","1727734114"
"\mod_resource\event\course_module_viewed","1009","1727734117"
"\core\event\course_viewed","1009","1727734170"
"\core\event\course_viewed","1009","1727734198"
"\mod_url\event\course_module_viewed","1009","1727734205"
"\core\event\course_viewed","1009","1727734212"
"\core\event\course_viewed","1009","1727734214"
"\core\event\course_viewed","1009","1727734219"
"\mod_quiz\event\course_module_viewed","1009","1727734226"
"\core\event\course_viewed","1009","1727734895"
"\core\event\course_viewed","1009","1727734900"
"\core\event\course_viewed","1009","1727734902"
"\core\event\course_viewed","1009","1727734903"
"\gradereport_user\event\grade_report_viewed","1009","1727734907"
"\core\event\course_viewed","1009","1727734982"
"\mod_workshop\event\course_module_viewed","1009","1727734986"
"\mod_workshop\event\submission_assessed","1009","1727735718"
"\mod_workshop\event\course_module_viewed","1009","1727735719"
"\mod_workshop\event\submission_assessed","1009","1727735721"
"\mod_workshop\event\submission_reassessed","1009","1727735732"
"\core\event\course_viewed","1009","1727735844"
"\core\event\course_viewed","1009","1727735849"
"\core\event\course_viewed","1009","1727735854"
"\mod_resource\event\course_module_viewed","1009","1727735868"
"\core\event\course_viewed","1009","1727735870"
"\core\event\course_viewed","1009","1727735936"
"\core\event\course_viewed","1009","1727735940"
"\mod_url\event\course_module_viewed","1009","1727735945"
"\core\event\course_viewed","1009","1727735952"
"\mod_url\event\course_module_viewed","1009","1727735957"
"\core\event\course_viewed","1009","1727735987"
"\core\event\course_viewed","1009","1727735991"
"\mod_url\event\course_module_viewed","1009","1727735996"
"\core\event\course_viewed","1009","1727736446"
"\core\event\course_viewed","1009","1727736455"
"\mod_workshop\event\course_module_viewed","1009","1727736465"
"\mod_workshop\event\course_module_viewed","1009","1727736469"
"\mod_workshop\event\submission_assessed","1009","1727744330"
"\core\event\course_viewed","1009","1727744337"
"\core\event\course_viewed","1009","1727744344"
"\mod_resource\event\course_module_viewed","1009","1727744347"
"\core\event\course_viewed","1009","1727744361"
"\mod_forum\event\discussion_viewed","1009","1727744365"
"\core\event\course_viewed","1009","1727744366"
"\mod_workshop\event\course_module_viewed","1009","1727744370"
"\core\event\course_viewed","1009","1727744419"
"\mod_workshop\event\course_module_viewed","1009","1727744435"
"\mod_workshop\event\assessable_uploaded","1009","1727744934"
"\mod_workshop\event\submission_viewed","1009","1727744935"
"\core\event\course_viewed","1009","1727752488"
"\core\event\course_viewed","1009","1727752493"
"\mod_workshop\event\course_module_viewed","1009","1727752514"
"\core\event\course_viewed","1009","1727761389"
"\core\event\course_viewed","1009","1727761400"
"\core\event\course_viewed","1009","1727761464"
"\core\event\course_viewed","1009","1727761473"
"\mod_resource\event\course_module_viewed","1009","1727761478"
"\mod_workshop\event\course_module_viewed","1009","1727763987"
"\core\event\course_viewed","1009","1727763993"
"\mod_resource\event\course_module_viewed","1009","1727764010"
"\core\event\course_viewed","1009","1727764180"
"\core\event\course_viewed","1009","1727764213"
"\core\event\course_viewed","1009","1727914627"
"\core\event\course_viewed","1009","1727914645"
"\mod_workshop\event\course_module_viewed","1009","1727914678"
"\mod_workshop\event\course_module_viewed","1009","1727914682"
"\core\event\course_viewed","1009","1727914690"
"\mod_resource\event\course_module_viewed","1009","1727914692"
"\core\event\course_viewed","1009","1727914696"
"\mod_workshop\event\course_module_viewed","1009","1727914697"
"\core\event\course_viewed","1009","1727914715"
"\mod_workshop\event\course_module_viewed","1009","1727914718"
"\mod_workshop\event\course_module_viewed","1009","1727914738"
"\core\event\course_viewed","1009","1728022232"
"\core\event\course_viewed","1009","1728022253"
"\mod_url\event\course_module_viewed","1009","1728022267"
"\core\event\course_viewed","1009","1728022272"
"\core\event\course_viewed","1009","1728022281"
"\core\event\course_viewed","1009","1728022288"
"\mod_resource\event\course_module_viewed","1009","1728022289"
"\core\event\course_viewed","1009","1728022352"
"\gradereport_user\event\grade_report_viewed","1009","1728022359"
"\core\event\course_viewed","1009","1728022373"
"\mod_resource\event\course_module_viewed","1009","1728022531"
"\mod_resource\event\course_module_viewed","1009","1728022540"
"\core\event\course_viewed","1009","1728024467"
"\core\event\course_viewed","1009","1728024474"
"\mod_resource\event\course_module_viewed","1009","1728024502"
"\core\event\course_viewed","1009","1728024634"
"\mod_url\event\course_module_viewed","1009","1728024637"
"\mod_mail\event\course_module_viewed","1009","1728026201"
"\core\event\course_viewed","1009","1728026404"
"\mod_workshop\event\course_module_viewed","1009","1728027066"
"\core\event\course_viewed","1009","1728077334"
"\mod_resource\event\course_module_viewed","1009","1728077343"
"\core\event\course_viewed","1009","1728078577"
"\core\event\course_viewed","1009","1728078579"
"\core\event\course_viewed","1009","1728078586"
"\core\event\course_viewed","1009","1728078593"
"\core\event\course_viewed","1009","1728078652"
"\core\event\course_viewed","1009","1728078775"
"\core\event\course_viewed","1009","1728078782"
"\mod_forum\event\discussion_viewed","1009","1728078785"
"\core\event\course_viewed","1009","1728078883"
"\core\event\course_viewed","1009","1728078885"
"\core\event\course_viewed","1009","1728078887"
"\mod_resource\event\course_module_viewed","1009","1728078904"
"\core\event\course_viewed","1009","1728081586"
"\core\event\course_viewed","1009","1728081588"
"\core\event\course_viewed","1009","1728081593"
"\mod_workshop\event\course_module_viewed","1009","1728081599"
"\mod_workshop\event\course_module_viewed","1009","1728081611"
"\core\event\course_viewed","1009","1728082070"
"\core\event\course_viewed","1009","1728082094"
"\mod_resource\event\course_module_viewed","1009","1728082105"
"\core\event\course_viewed","1009","1728082110"
"\core\event\course_viewed","1009","1728088493"
"\core\event\course_viewed","1009","1728906826"
"\core\event\course_viewed","1009","1728906896"
"\mod_url\event\course_module_viewed","1009","1728906905"
"\core\event\course_viewed","1009","1728906945"
"\core\event\course_viewed","1009","1728906954"
"\core\event\course_viewed","1009","1728906975"
"\core\event\course_viewed","1009","1728906978"
"\core\event\course_viewed","1009","1728906982"
"\core\event\course_viewed","1009","1728906998"
"\core\event\course_viewed","1009","1728907005"
"\mod_resource\event\course_module_viewed","1009","1728907006"
"\core\event\course_viewed","1009","1728907057"
"\core\event\course_viewed","1009","1728907061"
"\core\event\course_viewed","1009","1728907726"
"\gradereport_user\event\grade_report_viewed","1009","1728907731"
"\core\event\course_viewed","1009","1728907876"
"\core\event\course_viewed","1009","1728907880"
"\core\event\course_viewed","1009","1728907887"
"\core\event\course_viewed","1009","1728907890"
"\core\event\course_viewed","1009","1728907896"
"\core\event\course_viewed","1009","1728908013"
"\mod_url\event\course_module_viewed","1009","1728908020"
"\core\event\course_viewed","1009","1728909976"
"\mod_workshop\event\course_module_viewed","1009","1728909979"
"\mod_workshop\event\submission_viewed","1009","1728909991"
"\core\event\course_viewed","1009","1728910000"
"\mod_workshop\event\course_module_viewed","1009","1728910009"
"\mod_workshop\event\course_module_viewed","1009","1728910023"
"\core\event\course_viewed","1009","1728910032"
"\mod_workshop\event\course_module_viewed","1009","1728910039"
"\mod_workshop\event\submission_assessed","1009","1728910079"
"\mod_workshop\event\submission_assessed","1009","1728910082"
"\mod_workshop\event\submission_viewed","1009","1728910086"
"\mod_workshop\event\submission_viewed","1009","1728913400"
"\mod_workshop\event\submission_viewed","1009","1728913402"
"\mod_workshop\event\submission_viewed","1009","1728913414"
"\core\event\course_viewed","1009","1728913426"
"\mod_resource\event\course_module_viewed","1009","1728913439"
"\core\event\course_viewed","1009","1728913444"
"\mod_mail\event\course_module_viewed","1009","1728913449"
"\mod_mail\event\course_module_viewed","1009","1728913453"
"\mod_mail\event\course_module_viewed","1009","1728913460"
"\core\event\user_profile_viewed","1009","1728913479"
"\core\event\user_profile_viewed","1009","1728913484"
"\mod_mail\event\course_module_viewed","1009","1728913510"
"\core\event\course_viewed","1009","1728913589"
"\core\event\course_viewed","1009","1728913591"
"\core\event\course_viewed","1009","1728913600"
"\mod_workshop\event\course_module_viewed","1009","1728913612"
"\core\event\course_viewed","1009","1728913621"
"\core\event\course_viewed","1009","1728913624"
"\core\event\course_viewed","1009","1728913630"
"\mod_workshop\event\course_module_viewed","1009","1728913631"
"\core\event\course_viewed","1009","1728913645"
"\core\event\course_viewed","1009","1728913649"
"\core\event\course_viewed","1009","1728913658"
"\mod_resource\event\course_module_viewed","1009","1728913768"
"\core\event\course_viewed","1009","1728914002"
"\core\event\course_viewed","1009","1728914029"
"\gradereport_user\event\grade_report_viewed","1009","1728914034"
"\core\event\course_viewed","1009","1728914046"
"\core\event\course_viewed","1009","1728914048"
"\core\event\course_viewed","1009","1728914113"
"\core\event\course_viewed","1009","1728914118"
"\core\event\course_viewed","1010","1711886765"
"\core\event\course_viewed","1010","1711886767"
"\mod_workshop\event\course_module_viewed","1010","1711886771"
"\core\event\course_viewed","1010","1711886782"
"\core\event\course_viewed","1010","1711886783"
"\mod_resource\event\course_module_viewed","1010","1711886809"
"\core\event\course_viewed","1010","1711886820"
"\core\event\course_viewed","1010","1711886824"
"\core\event\course_viewed","1010","1711886827"
"\mod_workshop\event\course_module_viewed","1010","1711886834"
"\mod_workshop\event\submission_created","1010","1711887154"
"\mod_workshop\event\submission_updated","1010","1711887155"
"\mod_workshop\event\submission_created","1010","1711887156"
"\mod_workshop\event\submission_updated","1010","1711887157"
"\mod_workshop\event\submission_viewed","1010","1711887158"
"\core\event\course_viewed","1010","1711887232"
"\core\event\course_viewed","1010","1711887238"
"\core\event\course_viewed","1010","1711887242"
"\mod_url\event\course_module_viewed","1010","1711974794"
"\core\event\course_viewed","1010","1711974811"
"\core\event\course_viewed","1010","1711974813"
"\mod_resource\event\course_module_viewed","1010","1711974816"
"\core\event\course_viewed","1010","1711975368"
"\mod_resource\event\course_module_viewed","1010","1711975369"
"\core\event\course_viewed","1010","1711978242"
"\mod_workshop\event\course_module_viewed","1010","1711978245"
"\core\event\course_viewed","1010","1711978822"
"\core\event\course_viewed","1010","1711978823"
"\core\event\course_viewed","1010","1711978827"
"\core\event\course_viewed","1010","1711978828"
"\core\event\course_viewed","1010","1711978829"
"\mod_url\event\course_module_viewed","1010","1711978832"
"\core\event\course_viewed","1010","1711979341"
"\mod_workshop\event\course_module_viewed","1010","1711979343"
"\mod_workshop\event\course_module_viewed","1010","1711979347"
"\core\event\course_viewed","1010","1712070760"
"\core\event\course_viewed","1010","1712070761"
"\core\event\course_viewed","1010","1712070762"
"\core\event\course_viewed","1010","1712070767"
"\mod_resource\event\course_module_viewed","1010","1712070770"
"\mod_workshop\event\course_module_viewed","1010","1712070856"
"\core\event\course_viewed","1010","1712070938"
"\core\event\course_viewed","1010","1712070939"
"\mod_resource\event\course_module_viewed","1010","1712070942"
"\core\event\course_viewed","1010","1712071121"
"\core\event\course_viewed","1010","1712071251"
"\core\event\course_viewed","1010","1712071341"
"\core\event\course_viewed","1010","1712071343"
"\mod_workshop\event\course_module_viewed","1010","1712071345"
"\mod_workshop\event\submission_assessed","1010","1712071346"
"\mod_workshop\event\submission_assessed","1010","1712071356"
"\core\event\course_viewed","1010","1712071367"
"\mod_resource\event\course_module_viewed","1010","1712071373"
"\mod_resource\event\course_module_viewed","1010","1712071378"
"\mod_resource\event\course_module_viewed","1010","1712071409"
"\core\event\course_viewed","1010","1712071583"
"\core\event\course_viewed","1010","1712071587"
"\mod_workshop\event\course_module_viewed","1010","1712071589"
"\core\event\course_viewed","1010","1712071594"
"\core\event\course_viewed","1010","1712071596"
"\core\event\course_viewed","1010","1712267862"
"\core\event\course_viewed","1010","1712267863"
"\core\event\course_viewed","1010","1712267863"
"\core\event\course_viewed","1010","1712267865"
"\core\event\course_viewed","1010","1712268312"
"\core\event\course_viewed","1010","1712268314"
"\core\event\course_viewed","1010","1712306763"
"\mod_resource\event\course_module_viewed","1010","1712306769"
"\mod_resource\event\course_module_viewed","1010","1712306771"
"\core\event\course_viewed","1010","1712306946"
"\mod_workshop\event\course_module_viewed","1010","1712306950"
"\core\event\course_viewed","1010","1712307257"
"\core\event\course_viewed","1010","1712553694"
"\core\event\course_viewed","1010","1712553736"
"\core\event\course_viewed","1010","1712553740"
"\core\event\course_viewed","1010","1712553742"
"\core\event\course_viewed","1010","1712553745"
"\mod_workshop\event\course_module_viewed","1010","1712553752"
"\mod_quiz\event\attempt_reviewed","1010","1712553753"
"\mod_quiz\event\attempt_reviewed","1010","1712553762"
"\mod_resource\event\course_module_viewed","1010","1712553763"
"\core\event\course_viewed","1010","1712580394"
"\mod_url\event\course_module_viewed","1010","1712580399"
"\core\event\course_viewed","1010","1712580400"
"\core\event\course_viewed","1010","1712580411"
"\gradereport_user\event\grade_report_viewed","1010","1712580414"
"\core\event\course_viewed","1010","1712682767"
"\core\event\course_viewed","1010","1712682769"
"\core\event\course_viewed","1010","1712682770"
"\mod_resource\event\course_module_viewed","1010","1712682774"
"\core\event\course_viewed","1010","1712682795"
"\core\event\course_viewed","1010","1712682797"
"\core\event\course_viewed","1010","1712808309"
"\core\event\course_viewed","1010","1712808314"
"\mod_url\event\course_module_viewed","1010","1712808319"
"\core\event\course_viewed","1010","1712809933"
"\core\event\course_viewed","1010","1712809934"
"\core\event\course_viewed","1010","1712809945"
"\core\event\course_viewed","1010","1712809948"
"\core\event\course_viewed","1010","1712809971"
"\mod_mail\event\course_module_viewed","1010","1712809974"
"\core\event\course_viewed","1010","1713127502"
"\mod_workshop\event\course_module_viewed","1010","1713127503"
"\core\event\course_viewed","1010","1713127505"
"\mod_workshop\event\course_module_viewed","1010","1713127509"
"\core\event\user_profile_viewed","1010","1713127515"
"\core\event\course_viewed","1010","1713127516"
"\mod_resource\event\course_module_viewed","1010","1713127517"
"\core\event\course_viewed","1010","1713127534"
"\core\event\course_viewed","1010","1713127552"
"\core\event\course_viewed","1010","1713127554"
"\mod_resource\event\course_module_viewed","1010","1713127570"
"\mod_resource\event\course_module_viewed","1010","1713127571"
"\core\event\course_viewed","1010","1713127574"
"\core\event\course_viewed","1010","1713290436"
"\core\event\course_viewed","1010","1713290437"
"\core\event\course_viewed","1010","1713290439"
"\core\event\course_viewed","1010","1713290440"
"\mod_mail\event\course_module_viewed","1010","1713290444"
"\mod_mail\event\course_module_viewed","1010","1713292279"
"\core\event\course_viewed","1010","1713292290"
"\mod_resource\event\course_module_viewed","1010","1713292294"
"\mod_resource\event\course_module_viewed","1010","1713294849"
"\core\event\course_viewed","1010","1713294880"
"\core\event\course_viewed","1010","1713294882"
"\core\event\course_viewed","1010","1713294883"
"\mod_resource\event\course_module_viewed","1010","1713294887"
"\mod_resource\event\course_module_viewed","1010","1713295173"
"\core\event\course_viewed","1010","1713295176"
"\mod_resource\event\course_module_viewed","1010","1713295180"
"\mod_workshop\event\course_module_viewed","1010","1713295190"
"\core\event\course_viewed","1010","1713295194"
"\core\event\course_viewed","1010","1713295204"
"\mod_workshop\event\submission_assessed","1010","1713295264"
"\mod_workshop\event\course_module_viewed","1010","1713295265"
"\mod_url\event\course_module_viewed","1010","1713295290"
"\mod_quiz\event\attempt_reviewed","1010","1713295291"
"\mod_quiz\event\attempt_reviewed","1010","1713295292"
"\core\event\course_viewed","1010","1713372425"
"\mod_resource\event\course_module_viewed","1010","1713372427"
"\mod_resource\event\course_module_viewed","1010","1713372435"
"\core\event\course_viewed","1010","1713373372"
"\mod_resource\event\course_module_viewed","1010","1713373385"
"\core\event\course_viewed","1010","1713373387"
"\mod_resource\event\course_module_viewed","1010","1713375760"
"\core\event\course_viewed","1010","1713376135"
"\core\event\course_viewed","1010","1713376139"
"\core\event\course_viewed","1010","1713376141"
"\mod_resource\event\course_module_viewed","1010","1713376142"
"\mod_resource\event\course_module_viewed","1010","1713376201"
"\core\event\course_viewed","1010","1713376275"
"\mod_workshop\event\course_module_viewed","1010","1713376278"
"\core\event\course_viewed","1010","1713436546"
"\core\event\course_viewed","1010","1713436549"
"\mod_url\event\course_module_viewed","1010","1713436552"
"\core\event\course_viewed","1010","1713436564"
"\mod_workshop\event\course_module_viewed","1010","1713436567"
"\core\event\course_viewed","1010","1713514422"
"\core\event\course_viewed","1010","1713514433"
"\mod_resource\event\course_module_viewed","1010","1713514437"
"\core\event\course_viewed","1010","1713514448"
"\core\event\course_viewed","1010","1713514459"
"\core\event\course_viewed","1010","1713515040"
"\mod_workshop\event\course_module_viewed","1010","1713515042"
"\core\event\course_viewed","1010","1713515114"
"\mod_resource\event\course_module_viewed","1010","1713515118"
"\core\event\course_viewed","1010","1713515125"
"\mod_resource\event\course_module_viewed","1010","1713515282"
"\core\event\course_viewed","1010","1713515283"
"\core\event\course_viewed","1010","1713515333"
"\mod_resource\event\course_module_viewed","1010","1713515337"
"\core\event\course_viewed","1010","1713515428"
"\mod_resource\event\course_module_viewed","1010","1713515429"
"\core\event\course_viewed","1010","1713516557"
"\mod_url\event\course_module_viewed","1010","1713516559"
"\core\event\course_viewed","1010","1713516563"
"\core\event\course_viewed","1010","1713516565"
"\mod_workshop\event\course_module_viewed","1010","1713517632"
"\core\event\course_viewed","1010","1713520122"
"\mod_resource\event\course_module_viewed","1010","1713520130"
"\core\event\course_viewed","1010","1713520167"
"\core\event\course_viewed","1010","1713520169"
"\core\event\course_viewed","1010","1713520174"
"\mod_resource\event\course_module_viewed","1010","1713520175"
"\core\event\course_viewed","1010","1713520178"
"\core\event\course_viewed","1010","1713632763"
"\core\event\course_viewed","1010","1713632766"
"\mod_resource\event\course_module_viewed","1010","1713632768"
"\core\event\course_viewed","1010","1713635872"
"\mod_workshop\event\course_module_viewed","1010","1713635875"
"\mod_workshop\event\submission_assessed","1010","1713636003"
"\mod_workshop\event\course_module_viewed","1010","1713636025"
"\core\event\course_viewed","1010","1713636035"
"\core\event\course_viewed","1010","1713636040"
"\mod_mail\event\course_module_viewed","1010","1713636044"
"\mod_mail\event\course_module_viewed","1010","1713636178"
"\mod_mail\event\course_module_viewed","1010","1713636236"
"\core\event\course_viewed","1010","1713638789"
"\mod_resource\event\course_module_viewed","1010","1713638790"
"\mod_resource\event\course_module_viewed","1010","1713638792"
"\core\event\course_viewed","1010","1713638810"
"\core\event\course_viewed","1010","1713638814"
"\mod_resource\event\course_module_viewed","1010","1713638826"
"\core\event\course_viewed","1010","1713641837"
"\core\event\course_viewed","1010","1713641842"
"\mod_workshop\event\course_module_viewed","1010","1713641845"
"\mod_resource\event\course_module_viewed","1010","1713641889"
"\core\event\course_viewed","1010","1713643283"
"\core\event\course_viewed","1010","1713643286"
"\core\event\course_viewed","1010","1713643292"
"\core\event\course_viewed","1010","1713643293"
"\mod_workshop\event\course_module_viewed","1010","1713643312"
"\mod_workshop\event\submission_assessed","1010","1713643435"
"\mod_workshop\event\course_module_viewed","1010","1713643436"
"\core\event\course_viewed","1010","1713643439"
"\core\event\course_viewed","1010","1713643441"
"\mod_resource\event\course_module_viewed","1010","1713643445"
"\core\event\course_viewed","1010","1714026977"
"\mod_choice\event\course_module_viewed","1010","1714026987"
"\mod_choice\event\answer_created","1010","1714026987"
"\mod_choice\event\course_module_viewed","1010","1714026988"
"\mod_choice\event\course_module_viewed","1010","1714026989"
"\mod_choice\event\course_module_viewed","1010","1714026990"
"\mod_choice\event\course_module_viewed","1010","1714026995"
"\core\event\course_viewed","1010","1714028615"
"\core\event\course_viewed","1010","1714028618"
"\mod_resource\event\course_module_viewed","1010","1714028621"
"\core\event\course_viewed","1010","1714030284"
"\core\event\course_viewed","1010","1714030292"
"\core\event\course_viewed","1010","1714253295"
"\core\event\course_viewed","1010","1714253298"
"\core\event\course_viewed","1010","1714253302"
"\core\event\course_viewed","1010","1714253303"
"\core\event\user_list_viewed","1010","1714253307"
"\core\event\course_viewed","1010","1714253311"
"\core\event\course_viewed","1010","1714256485"
"\core\event\course_viewed","1010","1714256489"
"\gradereport_user\event\grade_report_viewed","1010","1714256491"
"\core\event\course_viewed","1010","1714259566"
"\core\event\course_viewed","1010","1714259568"
"\mod_choicegroup\event\course_module_viewed","1010","1714259572"
"\mod_choicegroup\event\course_module_viewed","1010","1714259573"
"\mod_choicegroup\event\course_module_viewed","1010","1714259575"
"\mod_choicegroup\event\course_module_viewed","1010","1714259578"
"\mod_choicegroup\event\course_module_viewed","1010","1714259579"
"\mod_choicegroup\event\course_module_viewed","1010","1714264323"
"\mod_choicegroup\event\course_module_viewed","1010","1714264324"
"\mod_choicegroup\event\course_module_viewed","1010","1714264377"
"\mod_choicegroup\event\choice_updated","1010","1714264387"
"\core\event\group_member_added","1010","1714264388"
"\mod_choicegroup\event\choice_updated","1010","1714264389"
"\mod_forum\event\discussion_viewed","1010","1714605477"
"\mod_forum\event\discussion_viewed","1010","1714605536"
"\mod_forum\event\discussion_viewed","1010","1714605539"
"\mod_choice\event\course_module_viewed","1010","1714605544"
"\mod_choice\event\course_module_viewed","1010","1714605545"
"\mod_choice\event\course_module_viewed","1010","1714605552"
"\mod_choice\event\course_module_viewed","1010","1714605555"
"\core\event\course_viewed","1010","1714605556"
"\core\event\course_viewed","1010","1714605557"
"\mod_workshop\event\course_module_viewed","1010","1714605560"
"\mod_resource\event\course_module_viewed","1010","1714605564"
"\core\event\course_viewed","1010","1714605580"
"\core\event\course_viewed","1010","1714605592"
"\core\event\course_viewed","1010","1714605597"
"\core\event\course_viewed","1010","1714606024"
"\core\event\course_viewed","1010","1714606025"
"\core\event\course_viewed","1010","1714606027"
"\core\event\course_viewed","1010","1714606050"
"\core\event\course_viewed","1010","1714754024"
"\core\event\course_viewed","1010","1714754025"
"\mod_resource\event\course_module_viewed","1010","1714754033"
"\mod_resource\event\course_module_viewed","1010","1714754220"
"\mod_resource\event\course_module_viewed","1010","1714754226"
"\mod_url\event\course_module_viewed","1010","1714754482"
"\core\event\course_viewed","1010","1714754492"
"\core\event\course_viewed","1010","1714807703"
"\core\event\course_viewed","1010","1714807707"
"\core\event\course_viewed","1010","1714807709"
"\core\event\course_viewed","1010","1714807711"
"\mod_choicegroup\event\course_module_viewed","1010","1714807717"
"\mod_choicegroup\event\choice_updated","1010","1714807719"
"\core\event\group_member_added","1010","1714807720"
"\mod_choicegroup\event\choice_updated","1010","1714807721"
"\mod_choicegroup\event\course_module_viewed","1010","1714807722"
"\mod_choicegroup\event\course_module_viewed","1010","1714807722"
"\core\event\course_viewed","1010","1714807726"
"\core\event\course_viewed","1010","1714807733"
"\mod_workshop\event\course_module_viewed","1010","1714807735"
"\core\event\course_viewed","1010","1714807752"
"\mod_workshop\event\course_module_viewed","1010","1714807755"
"\core\event\course_viewed","1010","1714828824"
"\mod_resource\event\course_module_viewed","1010","1714828828"
"\mod_resource\event\course_module_viewed","1010","1714829184"
"\mod_resource\event\course_module_viewed","1010","1714829186"
"\core\event\course_viewed","1010","1714829524"
"\core\event\course_viewed","1010","1714829534"
"\core\event\course_viewed","1010","1714829681"
"\core\event\course_viewed","1010","1714829683"
"\core\event\course_viewed","1010","1714829685"
"\core\event\course_viewed","1010","1714829689"
"\mod_quiz\event\course_module_viewed","1010","1714829690"
"\mod_workshop\event\course_module_viewed","1010","1714829700"
"\core\event\course_viewed","1010","1714835014"
"\core\event\course_viewed","1010","1714835034"
"\mod_resource\event\course_module_viewed","1010","1714835035"
"\core\event\course_viewed","1010","1715473067"
"\core\event\course_viewed","1010","1715473068"
"\core\event\course_viewed","1010","1715564081"
"\core\event\course_viewed","1010","1715564196"
"\core\event\course_viewed","1010","1715564266"
"\mod_resource\event\course_module_viewed","1010","1715564268"
"\core\event\course_viewed","1010","1715564984"
"\mod_resource\event\course_module_viewed","1010","1715564985"
"\core\event\course_viewed","1010","1715564987"
"\core\event\course_viewed","1010","1715565013"
"\core\event\course_viewed","1010","1715565020"
"\core\event\course_viewed","1010","1715733245"
"\core\event\course_viewed","1010","1715733246"
"\core\event\course_viewed","1010","1715733248"
"\core\event\course_viewed","1010","1715733249"
"\core\event\course_viewed","1010","1715733254"
"\core\event\course_viewed","1010","1715767989"
"\core\event\course_viewed","1010","1715767990"
"\mod_forum\event\discussion_viewed","1010","1715767991"
"\mod_forum\event\discussion_viewed","1010","1715768077"
"\core\event\course_viewed","1010","1715768153"
"\core\event\course_viewed","1010","1715768156"
"\mod_workshop\event\course_module_viewed","1010","1715768159"
"\core\event\course_viewed","1010","1715768167"
"\core\event\course_viewed","1010","1715768176"
"\mod_workshop\event\course_module_viewed","1010","1715768178"
"\mod_workshop\event\course_module_viewed","1010","1715768194"
"\mod_workshop\event\submission_assessed","1010","1715768245"
"\mod_workshop\event\submission_assessed","1010","1715768246"
"\mod_workshop\event\submission_assessed","1010","1715768421"
"\mod_workshop\event\submission_assessed","1010","1715768423"
"\mod_workshop\event\course_module_viewed","1010","1715768424"
"\mod_workshop\event\submission_assessed","1010","1715768438"
"\mod_workshop\event\submission_assessed","1010","1715768442"
"\mod_workshop\event\submission_assessed","1010","1715768468"
"\core\event\course_viewed","1010","1715768469"
"\core\event\course_viewed","1010","1715768470"
"\mod_forum\event\discussion_viewed","1010","1715768483"
"\mod_workshop\event\course_module_viewed","1010","1715768491"
"\core\event\course_viewed","1010","1715773390"
"\core\event\course_viewed","1010","1715773420"
"\core\event\course_viewed","1010","1715802786"
"\mod_workshop\event\course_module_viewed","1010","1715806773"
"\core\event\course_viewed","1010","1715806774"
"\core\event\course_viewed","1010","1715806778"
"\mod_workshop\event\course_module_viewed","1010","1715806783"
"\core\event\user_profile_viewed","1010","1715806787"
"\core\event\user_profile_viewed","1010","1715806790"
"\core\event\user_profile_viewed","1010","1715806792"
"\mod_workshop\event\submission_assessed","1010","1715807036"
"\core\event\course_viewed","1010","1715807094"
"\core\event\course_viewed","1010","1715807098"
"\mod_workshop\event\course_module_viewed","1010","1715807100"
"\core\event\course_viewed","1010","1715807116"
"\gradereport_user\event\grade_report_viewed","1010","1715807117"
"\core\event\course_viewed","1010","1715807132"
"\core\event\course_viewed","1010","1715809514"
"\mod_resource\event\course_module_viewed","1010","1715809517"
"\core\event\course_viewed","1010","1715809518"
"\mod_resource\event\course_module_viewed","1010","1715809523"
"\core\event\course_viewed","1010","1715809535"
"\mod_resource\event\course_module_viewed","1010","1715809538"
"\core\event\course_viewed","1010","1715809596"
"\core\event\course_viewed","1010","1715809597"
"\core\event\course_viewed","1010","1715809599"
"\mod_workshop\event\course_module_viewed","1010","1715809604"
"\core\event\course_viewed","1010","1715809605"
"\core\event\course_viewed","1010","1715809606"
"\mod_resource\event\course_module_viewed","1010","1715809608"
"\core\event\course_viewed","1010","1715809709"
"\core\event\course_viewed","1010","1715809711"
"\mod_resource\event\course_module_viewed","1010","1715809714"
"\mod_workshop\event\course_module_viewed","1010","1715809730"
"\mod_workshop\event\submission_viewed","1010","1715809733"
"\core\event\course_viewed","1010","1715812871"
"\core\event\course_viewed","1010","1715812874"
"\mod_workshop\event\course_module_viewed","1010","1715812878"
"\core\event\course_viewed","1010","1715812897"
"\mod_resource\event\course_module_viewed","1010","1715812906"
"\mod_resource\event\course_module_viewed","1010","1715812908"
"\core\event\user_list_viewed","1010","1715812921"
"\core\event\course_viewed","1010","1715870206"
"\core\event\course_viewed","1010","1715870210"
"\core\event\course_viewed","1010","1715870211"
"\mod_resource\event\course_module_viewed","1010","1715870212"
"\core\event\course_viewed","1010","1715870214"
"\mod_workshop\event\course_module_viewed","1010","1715870224"
"\core\event\course_viewed","1010","1715870228"
"\core\event\course_viewed","1010","1715870230"
"\core\event\course_viewed","1010","1715870232"
"\core\event\course_viewed","1010","1716188244"
"\mod_resource\event\course_module_viewed","1010","1716188245"
"\core\event\course_viewed","1010","1716188254"
"\core\event\course_viewed","1010","1716404387"
"\core\event\course_viewed","1010","1716404388"
"\core\event\course_viewed","1010","1716404390"
"\core\event\course_viewed","1010","1716404396"
"\mod_resource\event\course_module_viewed","1010","1716404396"
"\mod_quiz\event\course_module_viewed","1010","1716411359"
"\mod_quiz\event\attempt_started","1010","1716411362"
"\mod_quiz\event\attempt_viewed","1010","1716411362"
"\mod_quiz\event\attempt_updated","1010","1716411363"
"\mod_quiz\event\attempt_viewed","1010","1716411364"
"\mod_quiz\event\attempt_autosaved","1010","1716411366"
"\mod_quiz\event\attempt_updated","1010","1716411398"
"\mod_quiz\event\attempt_updated","1010","1716411399"
"\mod_quiz\event\attempt_updated","1010","1716411428"
"\mod_quiz\event\attempt_viewed","1010","1716411429"
"\mod_quiz\event\attempt_viewed","1010","1716411464"
"\mod_quiz\event\attempt_viewed","1010","1716411513"
"\mod_quiz\event\attempt_updated","1010","1716411514"
"\mod_quiz\event\attempt_updated","1010","1716411517"
"\mod_quiz\event\attempt_viewed","1010","1716411518"
"\mod_quiz\event\attempt_updated","1010","1716411625"
"\mod_quiz\event\attempt_updated","1010","1716411641"
"\mod_quiz\event\attempt_updated","1010","1716411642"
"\core\event\course_viewed","1010","1716411766"
"\mod_resource\event\course_module_viewed","1010","1716411769"
"\core\event\course_viewed","1010","1716415656"
"\core\event\course_viewed","1010","1716415659"
"\mod_forum\event\discussion_viewed","1010","1716631054"
"\core\event\course_viewed","1010","1716631058"
"\core\event\course_viewed","1010","1716838491"
"\core\event\course_viewed","1010","1716838493"
"\core\event\course_viewed","1010","1716838496"
"\core\event\course_viewed","1010","1716838497"
"\mod_workshop\event\course_module_viewed","1010","1716838500"
"\mod_workshop\event\submission_assessed","1010","1716838521"
"\mod_workshop\event\course_module_viewed","1010","1716838522"
"\core\event\course_viewed","1010","1716838526"
"\core\event\course_viewed","1010","1716838529"
"\mod_workshop\event\course_module_viewed","1010","1716838542"
"\mod_workshop\event\submission_viewed","1010","1716838577"
"\core\event\course_viewed","1010","1716838589"
"\mod_resource\event\course_module_viewed","1010","1716838640"
"\mod_workshop\event\submission_created","1010","1716838645"
"\core\event\course_viewed","1010","1716838657"
"\mod_workshop\event\course_module_viewed","1010","1716838662"
"\core\event\course_viewed","1010","1716903104"
"\mod_resource\event\course_module_viewed","1010","1716903106"
"\mod_workshop\event\assessable_uploaded","1010","1716905013"
"\core\event\course_viewed","1010","1716905039"
"\core\event\course_viewed","1010","1716905039"
"\core\event\course_viewed","1010","1716925503"
"\mod_resource\event\course_module_viewed","1010","1716925526"
"\core\event\course_viewed","1010","1716925556"
"\core\event\course_viewed","1010","1716925558"
"\core\event\course_viewed","1010","1716925559"
"\core\event\course_viewed","1010","1716925563"
"\core\event\course_viewed","1010","1716925760"
"\core\event\course_viewed","1010","1716925763"
"\mod_workshop\event\course_module_viewed","1010","1716925766"
"\core\event\course_viewed","1010","1716927150"
"\mod_resource\event\course_module_viewed","1010","1716927152"
"\core\event\course_viewed","1010","1716927176"
"\mod_quiz\event\course_module_viewed","1010","1716927186"
"\core\event\course_viewed","1010","1716927324"
"\core\event\course_viewed","1010","1716927325"
"\mod_resource\event\course_module_viewed","1010","1716927327"
"\core\event\course_viewed","1010","1716927447"
"\mod_resource\event\course_module_viewed","1010","1716927451"
"\core\event\course_viewed","1010","1716930384"
"\core\event\course_viewed","1010","1716930385"
"\core\event\course_viewed","1010","1716930387"
"\core\event\course_viewed","1010","1716930390"
"\mod_resource\event\course_module_viewed","1010","1716930399"
"\core\event\course_viewed","1010","1716930476"
"\core\event\course_viewed","1010","1716930478"
"\core\event\course_viewed","1010","1716930479"
"\core\event\course_viewed","1010","1716930480"
"\core\event\course_viewed","1010","1716930482"
"\mod_resource\event\course_module_viewed","1010","1716930486"
"\core\event\course_viewed","1010","1716932040"
"\core\event\course_viewed","1010","1716932043"
"\mod_forum\event\discussion_viewed","1010","1716932044"
"\core\event\course_viewed","1010","1716932058"
"\mod_resource\event\course_module_viewed","1010","1716932060"
"\core\event\course_viewed","1010","1716932065"
"\core\event\course_viewed","1010","1716932068"
"\core\event\course_viewed","1010","1716932069"
"\core\event\course_viewed","1010","1716932078"
"\core\event\course_viewed","1010","1717127850"
"\core\event\course_viewed","1010","1717127850"
"\core\event\course_viewed","1010","1717127860"
"\core\event\course_viewed","1010","1717127864"
"\core\event\course_viewed","1010","1717128020"
"\core\event\course_viewed","1010","1717128021"
"\core\event\course_viewed","1010","1717128023"
"\core\event\course_viewed","1010","1717128025"
"\mod_forum\event\discussion_viewed","1010","1717500674"
"\mod_choice\event\course_module_viewed","1010","1717500678"
"\mod_choice\event\course_module_viewed","1010","1717500683"
"\mod_choice\event\answer_created","1010","1717500723"
"\mod_choice\event\course_module_viewed","1010","1717500728"
"\core\event\course_viewed","1010","1717500729"
"\core\event\course_viewed","1010","1717500731"
"\core\event\course_viewed","1010","1717500734"
"\core\event\course_viewed","1010","1717500739"
"\core\event\course_viewed","1010","1717500740"
"\mod_workshop\event\course_module_viewed","1010","1717500740"
"\mod_workshop\event\submission_viewed","1010","1717500745"
"\mod_workshop\event\submission_viewed","1010","1717500792"
"\mod_workshop\event\assessable_uploaded","1010","1717500794"
"\mod_workshop\event\submission_updated","1010","1717500795"
"\mod_workshop\event\assessable_uploaded","1010","1717500797"
"\core\event\course_viewed","1010","1717500800"
"\core\event\course_viewed","1010","1717500803"
"\core\event\course_viewed","1010","1717500805"
"\core\event\course_viewed","1010","1717500808"
"\mod_workshop\event\submission_assessed","1010","1717500897"
"\mod_workshop\event\course_module_viewed","1010","1717500901"
"\core\event\course_viewed","1010","1717751564"
"\mod_forum\event\course_module_viewed","1010","1717751566"
"\mod_forum\event\discussion_viewed","1010","1717751568"
"\core\event\course_viewed","1010","1717751570"
"\core\event\course_viewed","1010","1717751571"
"\mod_feedback\event\course_module_viewed","1010","1717751572"
"\mod_feedback\event\response_submitted","1010","1717751633"
"\core\event\course_viewed","1010","1717751637"
"\mod_workshop\event\course_module_viewed","1010","1717756177"
"\core\event\course_viewed","1010","1717756323"
"\core\event\course_viewed","1010","1717756324"
"\mod_resource\event\course_module_viewed","1010","1717756326"
"\core\event\course_viewed","1010","1717756335"
"\core\event\course_viewed","1010","1717756336"
"\core\event\course_viewed","1010","1717756337"
"\core\event\course_viewed","1010","1717756338"
"\core\event\course_viewed","1010","1717756340"
"\core\event\course_viewed","1010","1717756341"
"\gradereport_user\event\grade_report_viewed","1010","1717756462"
"\core\event\course_viewed","1010","1717756464"
"\core\event\course_viewed","1010","1717756465"
"\core\event\course_viewed","1010","1717756466"
"\mod_quiz\event\attempt_viewed","1010","1717756470"
"\mod_quiz\event\attempt_viewed","1010","1717756474"
"\mod_quiz\event\attempt_updated","1010","1717756475"
"\mod_quiz\event\attempt_viewed","1010","1717756476"
"\mod_quiz\event\attempt_viewed","1010","1717756534"
"\mod_quiz\event\attempt_updated","1010","1717756543"
"\mod_quiz\event\attempt_viewed","1010","1717756544"
"\mod_quiz\event\attempt_updated","1010","1717756645"
"\core\event\course_viewed","1010","1718129954"
"\mod_workshop\event\course_module_viewed","1010","1718129955"
"\mod_workshop\event\submission_assessed","1010","1718130478"
"\mod_workshop\event\submission_reassessed","1010","1718130490"
"\mod_workshop\event\course_module_viewed","1010","1718130929"
"\core\event\course_viewed","1010","1718130930"
"\gradereport_user\event\grade_report_viewed","1010","1718416221"
"\core\event\course_viewed","1010","1718419391"
"\core\event\course_viewed","1010","1718419393"
"\core\event\course_viewed","1010","1718419395"
"\mod_resource\event\course_module_viewed","1010","1718419431"
"\core\event\course_viewed","1010","1718419432"
"\core\event\course_viewed","1010","1718419448"
"\mod_resource\event\course_module_viewed","1010","1718419623"
"\core\event\course_viewed","1010","1718475190"
"\mod_resource\event\course_module_viewed","1010","1718475193"
"\core\event\course_viewed","1010","1718480733"
"\core\event\course_viewed","1010","1718480735"
"\core\event\course_viewed","1010","1718480736"
"\core\event\course_viewed","1010","1718480739"
"\core\event\course_viewed","1010","1718480742"
"\core\event\course_viewed","1010","1718648146"
"\core\event\course_viewed","1010","1718648160"
"\core\event\course_viewed","1010","1718652649"
"\mod_url\event\course_module_viewed","1010","1718652654"
"\mod_url\event\course_module_viewed","1010","1718652655"
"\mod_workshop\event\course_module_viewed","1010","1718652658"
"\core\event\course_viewed","1010","1718708291"
"\core\event\course_viewed","1010","1718708315"
"\core\event\course_viewed","1010","1718708328"
"\core\event\course_viewed","1010","1718708335"
"\core\event\course_viewed","1010","1718708348"
"\core\event\course_viewed","1010","1718708351"
"\core\event\course_viewed","1010","1718708352"
"\core\event\course_viewed","1010","1718708354"
"\core\event\course_viewed","1010","1718708356"
"\core\event\course_viewed","1010","1718708360"
"\core\event\course_viewed","1010","1718708364"
"\core\event\course_viewed","1010","1718708366"
"\core\event\course_viewed","1010","1718708368"
"\core\event\course_viewed","1010","1718708371"
"\core\event\course_viewed","1010","1718708373"
"\core\event\course_viewed","1010","1718708377"
"\core\event\course_viewed","1010","1718708379"
"\mod_workshop\event\course_module_viewed","1010","1718708380"
"\core\event\user_profile_viewed","1010","1718708388"
"\core\event\user_profile_viewed","1010","1718708390"
"\core\event\user_profile_viewed","1010","1718708392"
"\mod_workshop\event\submission_viewed","1010","1718708394"
"\mod_workshop\event\submission_created","1010","1718708395"
"\mod_workshop\event\submission_viewed","1010","1718708398"
"\core\event\course_viewed","1010","1718709383"
"\core\event\course_viewed","1010","1718709385"
"\core\event\course_viewed","1010","1718709394"
"\mod_resource\event\course_module_viewed","1010","1718955839"
"\mod_resource\event\course_module_viewed","1010","1718956078"
"\core\event\course_viewed","1010","1718956091"
"\mod_resource\event\course_module_viewed","1010","1718956095"
"\core\event\course_viewed","1010","1718957398"
"\core\event\course_viewed","1010","1718957406"
"\core\event\user_list_viewed","1010","1718957408"
"\core\event\user_profile_viewed","1010","1718957420"
"\core\event\user_profile_viewed","1010","1718957421"
"\core\event\user_profile_viewed","1010","1718957424"
"\core\event\user_profile_viewed","1010","1718957521"
"\core\event\user_profile_viewed","1010","1718957581"
"\mod_workshop\event\submission_viewed","1010","1718957604"
"\core\event\course_viewed","1010","1718957828"
"\mod_workshop\event\course_module_viewed","1010","1718957831"
"\mod_resource\event\course_module_viewed","1010","1718957832"
"\core\event\course_viewed","1010","1719007493"
"\mod_workshop\event\course_module_viewed","1010","1719007496"
"\core\event\course_viewed","1010","1719007497"
"\core\event\course_viewed","1010","1719007498"
"\mod_url\event\course_module_viewed","1010","1719007501"
"\core\event\course_viewed","1010","1719007722"
"\mod_workshop\event\course_module_viewed","1010","1719007725"
"\core\event\course_viewed","1010","1719007726"
"\core\event\course_viewed","1010","1719027576"
"\mod_resource\event\course_module_viewed","1010","1719027578"
"\core\event\course_viewed","1010","1719031688"
"\core\event\course_viewed","1010","1719031690"
"\core\event\course_viewed","1010","1719032867"
"\core\event\course_viewed","1010","1719032886"
"\mod_resource\event\course_module_viewed","1010","1719032895"
"\mod_resource\event\course_module_viewed","1010","1719032938"
"\core\event\course_viewed","1010","1719032955"
"\mod_workshop\event\course_module_viewed","1010","1719032959"
"\core\event\course_viewed","1010","1719032962"
"\mod_resource\event\course_module_viewed","1010","1719033644"
"\mod_resource\event\course_module_viewed","1010","1719033660"
"\core\event\course_viewed","1010","1719033668"
"\mod_workshop\event\course_module_viewed","1010","1719033671"
"\mod_workshop\event\course_module_viewed","1010","1719033688"
"\mod_workshop\event\submission_viewed","1010","1719033694"
"\core\event\course_viewed","1010","1719034303"
"\core\event\course_viewed","1010","1719105173"
"\mod_resource\event\course_module_viewed","1010","1719105174"
"\core\event\course_viewed","1010","1719105283"
"\core\event\course_viewed","1010","1719105285"
"\mod_resource\event\course_module_viewed","1010","1719105289"
"\core\event\course_viewed","1010","1719105291"
"\gradereport_user\event\grade_report_viewed","1010","1719105293"
"\core\event\course_viewed","1010","1719105298"
"\mod_workshop\event\course_module_viewed","1010","1719105301"
"\mod_workshop\event\submission_assessed","1010","1719105348"
"\mod_workshop\event\course_module_viewed","1010","1719200904"
"\core\event\course_viewed","1010","1719200907"
"\mod_resource\event\course_module_viewed","1010","1719200908"
"\core\event\course_viewed","1010","1719200908"
"\mod_page\event\course_module_viewed","1010","1719200911"
"\core\event\course_viewed","1010","1719200915"
"\mod_mail\event\course_module_viewed","1010","1719200917"
"\mod_mail\event\course_module_viewed","1010","1719200931"
"\core\event\course_viewed","1010","1719200932"
"\core\event\course_viewed","1010","1719200935"
"\mod_resource\event\course_module_viewed","1010","1719200936"
"\core\event\course_viewed","1010","1719202864"
"\mod_workshop\event\course_module_viewed","1010","1719202866"
"\mod_workshop\event\course_module_viewed","1010","1719202888"
"\core\event\course_viewed","1010","1719202893"
"\core\event\course_viewed","1010","1719202897"
"\core\event\course_viewed","1010","1719202902"
"\mod_url\event\course_module_viewed","1010","1719202933"
"\core\event\course_viewed","1010","1719203376"
"\core\event\course_viewed","1010","1719203378"
"\mod_page\event\course_module_viewed","1010","1719203386"
"\mod_page\event\course_module_viewed","1010","1719203388"
"\core\event\course_viewed","1010","1719203468"
"\mod_resource\event\course_module_viewed","1010","1719203555"
"\core\event\course_viewed","1010","1719203557"
"\core\event\course_viewed","1010","1719203564"
"\core\event\course_viewed","1010","1719203567"
"\mod_resource\event\course_module_viewed","1010","1719203569"
"\core\event\course_viewed","1010","1719203641"
"\core\event\course_viewed","1010","1719203642"
"\core\event\course_viewed","1010","1719203646"
"\mod_workshop\event\course_module_viewed","1010","1719203648"
"\core\event\course_viewed","1010","1719203650"
"\mod_resource\event\course_module_viewed","1010","1719203655"
"\core\event\course_viewed","1010","1719445681"
"\mod_workshop\event\course_module_viewed","1010","1719445685"
"\core\event\course_viewed","1010","1719597927"
"\mod_workshop\event\course_module_viewed","1010","1719597928"
"\core\event\course_viewed","1010","1719597960"
"\core\event\course_viewed","1010","1719597962"
"\mod_resource\event\course_module_viewed","1010","1719597965"
"\core\event\course_viewed","1010","1719600734"
"\mod_choice\event\course_module_viewed","1010","1719600738"
"\mod_choice\event\course_module_viewed","1010","1719600781"
"\mod_choice\event\course_module_viewed","1010","1719600782"
"\mod_choice\event\answer_created","1010","1719600806"
"\core\event\course_viewed","1010","1719600819"
"\core\event\course_viewed","1010","1719600823"
"\core\event\course_viewed","1010","1719600828"
"\core\event\course_viewed","1010","1719600832"
"\core\event\course_viewed","1010","1719600832"
"\core\event\course_viewed","1010","1719600833"
"\mod_page\event\course_module_viewed","1010","1719600838"
"\core\event\course_viewed","1010","1719600841"
"\core\event\course_viewed","1010","1719600842"
"\core\event\course_viewed","1010","1719600845"
"\core\event\course_viewed","1010","1719600850"
"\core\event\course_viewed","1010","1719600854"
"\core\event\course_viewed","1010","1719792261"
"\mod_resource\event\course_module_viewed","1010","1719792266"
"\core\event\course_viewed","1010","1719794810"
"\core\event\course_viewed","1010","1719794811"
"\core\event\course_viewed","1010","1719794813"
"\core\event\course_viewed","1010","1719794815"
"\mod_mail\event\course_module_viewed","1010","1719794841"
"\mod_mail\event\course_module_viewed","1010","1719794843"
"\core\event\course_viewed","1010","1719798711"
"\mod_forum\event\discussion_viewed","1010","1719798713"
"\core\event\course_viewed","1010","1719798877"
"\core\event\course_viewed","1010","1719798879"
"\core\event\course_viewed","1010","1719798880"
"\core\event\course_viewed","1010","1719798883"
"\core\event\course_viewed","1010","1719798888"
"\core\event\course_viewed","1010","1719798896"
"\core\event\course_viewed","1010","1720075581"
"\core\event\course_viewed","1010","1720075583"
"\mod_workshop\event\course_module_viewed","1010","1720075586"
"\core\event\course_viewed","1010","1720075763"
"\mod_resource\event\course_module_viewed","1010","1720075766"
"\core\event\course_viewed","1010","1720075767"
"\mod_url\event\course_module_viewed","1010","1720075854"
"\core\event\course_viewed","1010","1720075949"
"\core\event\course_viewed","1010","1720109509"
"\mod_url\event\course_module_viewed","1010","1720109521"
"\core\event\course_viewed","1010","1720109529"
"\core\event\course_viewed","1010","1720109622"
"\core\event\course_viewed","1010","1720109627"
"\core\event\course_viewed","1010","1720463607"
"\core\event\course_viewed","1010","1720463609"
"\mod_forum\event\course_module_viewed","1010","1720463613"
"\mod_forum\event\discussion_viewed","1010","1720463615"
"\core\event\course_viewed","1010","1720463621"
"\mod_resource\event\course_module_viewed","1010","1720463622"
"\mod_resource\event\course_module_viewed","1010","1720463668"
"\core\event\course_viewed","1010","1720463678"
"\core\event\course_viewed","1010","1720463681"
"\core\event\course_viewed","1010","1720463683"
"\core\event\course_viewed","1010","1720463688"
"\mod_resource\event\course_module_viewed","1010","1720463689"
"\mod_resource\event\course_module_viewed","1010","1720463692"
"\core\event\course_viewed","1010","1720463694"
"\mod_forum\event\course_module_viewed","1010","1720463704"
"\mod_forum\event\discussion_viewed","1010","1720463706"
"\core\event\course_viewed","1010","1720463711"
"\core\event\course_viewed","1010","1720491569"
"\mod_quiz\event\attempt_viewed","1010","1720491571"
"\mod_quiz\event\attempt_updated","1010","1720491590"
"\core\event\course_viewed","1010","1720491596"
"\mod_url\event\course_module_viewed","1010","1720491604"
"\core\event\course_viewed","1010","1720491609"
"\mod_workshop\event\course_module_viewed","1010","1720491611"
"\core\event\course_viewed","1010","1720491614"
"\core\event\course_viewed","1010","1720491618"
"\core\event\course_viewed","1010","1720526196"
"\core\event\course_viewed","1010","1720526198"
"\mod_url\event\course_module_viewed","1010","1720526202"
"\core\event\course_viewed","1010","1720526208"
"\core\event\course_viewed","1010","1720526211"
"\core\event\course_viewed","1010","1720526221"
"\mod_workshop\event\course_module_viewed","1010","1720526224"
"\mod_workshop\event\submission_updated","1010","1720526244"
"\mod_workshop\event\assessable_uploaded","1010","1720526245"
"\mod_workshop\event\submission_viewed","1010","1720526246"
"\core\event\course_viewed","1010","1720632317"
"\core\event\course_viewed","1010","1720632348"
"\mod_resource\event\course_module_viewed","1010","1720632349"
"\core\event\course_viewed","1010","1720632357"
"\mod_resource\event\course_module_viewed","1010","1720632448"
"\core\event\course_viewed","1010","1720632451"
"\core\event\course_viewed","1010","1720632454"
"\core\event\course_viewed","1010","1720633196"
"\core\event\course_viewed","1010","1720633200"
"\gradereport_user\event\grade_report_viewed","1010","1720635842"
"\mod_workshop\event\course_module_viewed","1010","1720635843"
"\core\event\course_viewed","1010","1720635844"
"\mod_resource\event\course_module_viewed","1010","1720635850"
"\core\event\course_viewed","1010","1720638879"
"\core\event\course_viewed","1010","1720638885"
"\mod_workshop\event\course_module_viewed","1010","1720638889"
"\mod_workshop\event\submission_viewed","1010","1720638891"
"\core\event\course_viewed","1010","1720701535"
"\core\event\course_viewed","1010","1720701541"
"\mod_page\event\course_module_viewed","1010","1720701546"
"\core\event\course_viewed","1010","1720701598"
"\core\event\course_viewed","1010","1720701602"
"\core\event\course_viewed","1010","1720737773"
"\core\event\course_viewed","1010","1720737775"
"\gradereport_user\event\grade_report_viewed","1010","1720737780"
"\core\event\course_viewed","1010","1720737836"
"\mod_url\event\course_module_viewed","1010","1720737840"
"\core\event\course_viewed","1010","1720742190"
"\mod_resource\event\course_module_viewed","1010","1720742192"
"\core\event\course_viewed","1010","1720745012"
"\core\event\course_viewed","1010","1720745015"
"\core\event\course_viewed","1010","1720745021"
"\core\event\course_viewed","1010","1720745022"
"\mod_resource\event\course_module_viewed","1010","1720745570"
"\mod_resource\event\course_module_viewed","1010","1720745572"
"\core\event\course_viewed","1010","1720745722"
"\mod_workshop\event\course_module_viewed","1010","1720745723"
"\mod_url\event\course_module_viewed","1010","1720745803"
"\mod_url\event\course_module_viewed","1010","1720745805"
"\core\event\course_viewed","1010","1720817095"
"\mod_resource\event\course_module_viewed","1010","1720817100"
"\core\event\course_viewed","1010","1720817148"
"\core\event\course_viewed","1010","1720817249"
"\mod_scheduler\event\booking_form_viewed","1010","1720817250"
"\core\event\course_viewed","1010","1720817254"
"\core\event\course_viewed","1010","1720817256"
"\core\event\course_viewed","1010","1720817260"
"\mod_workshop\event\course_module_viewed","1010","1720817270"
"\mod_workshop\event\submission_viewed","1010","1720817274"
"\mod_workshop\event\submission_viewed","1010","1720817304"
"\mod_workshop\event\submission_viewed","1010","1720817318"
"\core\event\course_viewed","1010","1720932917"
"\core\event\course_viewed","1010","1720932924"
"\mod_workshop\event\course_module_viewed","1010","1720932925"
"\mod_workshop\event\submission_viewed","1010","1720932930"
"\mod_workshop\event\submission_viewed","1010","1720932933"
"\mod_workshop\event\submission_updated","1010","1720932934"
"\mod_workshop\event\assessable_uploaded","1010","1720932937"
"\mod_workshop\event\submission_updated","1010","1720932939"
"\mod_workshop\event\assessable_uploaded","1010","1720932940"
"\mod_workshop\event\submission_created","1010","1720932941"
"\mod_workshop\event\assessable_uploaded","1010","1720932942"
"\mod_workshop\event\submission_viewed","1010","1720932951"
"\mod_workshop\event\submission_viewed","1010","1720932979"
"\mod_workshop\event\submission_viewed","1010","1720932982"
"\mod_workshop\event\submission_viewed","1010","1720932996"
"\mod_workshop\event\assessable_uploaded","1010","1720932997"
"\core\event\course_viewed","1010","1720934259"
"\mod_resource\event\course_module_viewed","1010","1720934263"
"\core\event\course_viewed","1010","1720934264"
"\core\event\course_viewed","1010","1720934265"
"\mod_forum\event\discussion_viewed","1010","1720934268"
"\mod_forum\event\discussion_viewed","1010","1720934268"
"\core\event\course_viewed","1010","1720939077"
"\core\event\course_viewed","1010","1720939112"
"\mod_resource\event\course_module_viewed","1010","1720939119"
"\mod_resource\event\course_module_viewed","1010","1720939129"
"\core\event\course_viewed","1010","1720939896"
"\core\event\course_viewed","1010","1720939898"
"\mod_resource\event\course_module_viewed","1010","1720939907"
"\core\event\course_viewed","1010","1720939919"
"\core\event\course_viewed","1010","1720944695"
"\core\event\course_viewed","1010","1720970823"
"\core\event\course_viewed","1010","1720970826"
"\core\event\course_viewed","1010","1721020525"
"\mod_workshop\event\course_module_viewed","1010","1721024134"
"\mod_workshop\event\submission_viewed","1010","1721024135"
"\core\event\course_viewed","1010","1721024137"
"\core\event\course_viewed","1010","1721024138"
"\core\event\course_viewed","1010","1721024142"
"\core\event\course_viewed","1010","1721024146"
"\core\event\course_viewed","1010","1721024147"
"\core\event\course_viewed","1010","1721024151"
"\core\event\course_viewed","1010","1721024153"
"\core\event\course_viewed","1010","1721024176"
"\mod_url\event\course_module_viewed","1010","1721024180"
"\core\event\course_viewed","1010","1721025621"
"\core\event\user_list_viewed","1010","1721025622"
"\core\event\course_viewed","1010","1721025624"
"\mod_quiz\event\course_module_viewed","1010","1721025628"
"\mod_quiz\event\attempt_started","1010","1721025629"
"\mod_quiz\event\attempt_viewed","1010","1721025630"
"\mod_quiz\event\attempt_updated","1010","1721025635"
"\mod_quiz\event\attempt_updated","1010","1721025639"
"\mod_quiz\event\attempt_viewed","1010","1721025640"
"\mod_quiz\event\attempt_updated","1010","1721025641"
"\mod_quiz\event\attempt_updated","1010","1721025651"
"\mod_quiz\event\attempt_updated","1010","1721025653"
"\mod_quiz\event\attempt_viewed","1010","1721025688"
"\mod_quiz\event\attempt_updated","1010","1721025698"
"\mod_quiz\event\attempt_updated","1010","1721025699"
"\mod_quiz\event\attempt_viewed","1010","1721027362"
"\mod_quiz\event\attempt_viewed","1010","1721027449"
"\core\event\course_viewed","1010","1721081557"
"\core\event\course_viewed","1010","1721081562"
"\core\event\course_viewed","1010","1721081566"
"\mod_workshop\event\submission_updated","1010","1721082363"
"\mod_workshop\event\assessable_uploaded","1010","1721082364"
"\mod_workshop\event\submission_updated","1010","1721082365"
"\mod_workshop\event\assessable_uploaded","1010","1721082366"
"\mod_workshop\event\submission_viewed","1010","1721082367"
"\mod_workshop\event\submission_updated","1010","1721082465"
"\mod_workshop\event\submission_viewed","1010","1721082466"
"\mod_workshop\event\submission_updated","1010","1721082467"
"\mod_workshop\event\assessable_uploaded","1010","1721082468"
"\core\event\course_viewed","1010","1721082483"
"\core\event\course_viewed","1010","1721082490"
"\core\event\course_viewed","1010","1721084645"
"\core\event\course_viewed","1010","1721084647"
"\core\event\course_viewed","1010","1721084649"
"\core\event\course_viewed","1010","1721084664"
"\core\event\course_viewed","1010","1721084665"
"\core\event\course_viewed","1010","1721084776"
"\gradereport_user\event\grade_report_viewed","1010","1721084823"
"\core\event\course_viewed","1010","1721085085"
"\core\event\course_viewed","1010","1721085140"
"\core\event\course_viewed","1010","1721162712"
"\mod_workshop\event\course_module_viewed","1010","1721162714"
"\core\event\course_viewed","1010","1721198562"
"\core\event\course_viewed","1010","1721198563"
"\mod_workshop\event\course_module_viewed","1010","1721198566"
"\core\event\course_viewed","1010","1721198569"
"\mod_quiz\event\course_module_viewed","1010","1721198571"
"\mod_quiz\event\attempt_viewed","1010","1721198575"
"\mod_quiz\event\attempt_viewed","1010","1721198578"
"\mod_quiz\event\attempt_updated","1010","1721198643"
"\mod_quiz\event\attempt_viewed","1010","1721200684"
"\mod_quiz\event\attempt_updated","1010","1721200771"
"\mod_quiz\event\attempt_updated","1010","1721200780"
"\mod_quiz\event\attempt_reviewed","1010","1721200782"
"\mod_quiz\event\attempt_reviewed","1010","1721200804"
"\mod_resource\event\course_module_viewed","1010","1721201881"
"\mod_workshop\event\course_module_viewed","1010","1721201900"
"\core\event\course_viewed","1010","1721201901"
"\mod_quiz\event\course_module_viewed","1010","1721201905"
"\mod_quiz\event\attempt_viewed","1010","1721201906"
"\mod_quiz\event\attempt_updated","1010","1721201958"
"\mod_quiz\event\attempt_updated","1010","1721201987"
"\mod_quiz\event\attempt_viewed","1010","1721201988"
"\mod_quiz\event\attempt_updated","1010","1721201989"
"\mod_quiz\event\attempt_viewed","1010","1721201989"
"\mod_quiz\event\attempt_updated","1010","1721201990"
"\mod_quiz\event\attempt_updated","1010","1721201998"
"\mod_quiz\event\attempt_viewed","1010","1721201999"
"\mod_quiz\event\attempt_updated","1010","1721202000"
"\mod_quiz\event\attempt_updated","1010","1721202011"
"\mod_quiz\event\attempt_viewed","1010","1721202017"
"\mod_quiz\event\attempt_viewed","1010","1721202019"
"\mod_quiz\event\attempt_updated","1010","1721202023"
"\mod_quiz\event\attempt_viewed","1010","1721202029"
"\mod_quiz\event\attempt_updated","1010","1721202169"
"\mod_quiz\event\attempt_viewed","1010","1721202174"
"\mod_quiz\event\attempt_updated","1010","1721202232"
"\mod_quiz\event\attempt_viewed","1010","1721202254"
"\core\event\course_viewed","1010","1721266428"
"\core\event\course_viewed","1010","1721266462"
"\mod_resource\event\course_module_viewed","1010","1721266467"
"\mod_resource\event\course_module_viewed","1010","1721266986"
"\mod_resource\event\course_module_viewed","1010","1721266998"
"\mod_workshop\event\course_module_viewed","1010","1721267000"
"\core\event\course_viewed","1010","1721267002"
"\mod_workshop\event\course_module_viewed","1010","1721267003"
"\core\event\course_viewed","1010","1721267007"
"\core\event\course_viewed","1010","1721269516"
"\core\event\course_viewed","1010","1721269518"
"\mod_resource\event\course_module_viewed","1010","1721269533"
"\core\event\course_viewed","1010","1721269544"
"\core\event\course_viewed","1010","1721269545"
"\core\event\course_viewed","1010","1721269562"
"\core\event\course_viewed","1010","1721269566"
"\mod_resource\event\course_module_viewed","1010","1721269578"
"\core\event\course_viewed","1010","1721270160"
"\core\event\course_viewed","1010","1721270161"
"\mod_resource\event\course_module_viewed","1010","1721270166"
"\mod_resource\event\course_module_viewed","1010","1721270180"
"\core\event\course_viewed","1010","1721339432"
"\mod_mail\event\course_module_viewed","1010","1721339436"
"\mod_mail\event\course_module_viewed","1010","1721339438"
"\mod_mail\event\course_module_viewed","1010","1721339461"
"\core\event\course_viewed","1010","1721339463"
"\mod_workshop\event\course_module_viewed","1010","1721339464"
"\mod_workshop\event\submission_assessed","1010","1721339741"
"\core\event\course_viewed","1010","1721339745"
"\core\event\course_viewed","1010","1721376414"
"\mod_resource\event\course_module_viewed","1010","1721376415"
"\core\event\course_viewed","1010","1721376581"
"\core\event\course_viewed","1010","1721376582"
"\mod_resource\event\course_module_viewed","1010","1721376583"
"\core\event\course_viewed","1010","1721379363"
"\core\event\course_viewed","1010","1721379366"
"\mod_resource\event\course_module_viewed","1010","1721435393"
"\core\event\course_viewed","1010","1721435591"
"\mod_url\event\course_module_viewed","1010","1721435597"
"\core\event\course_viewed","1010","1721435662"
"\core\event\course_viewed","1010","1721435664"
"\mod_resource\event\course_module_viewed","1010","1721435665"
"\core\event\course_viewed","1010","1721435684"
"\gradereport_user\event\grade_report_viewed","1010","1721435687"
"\core\event\course_viewed","1010","1721435697"
"\core\event\course_viewed","1010","1721435698"
"\core\event\course_viewed","1010","1721435700"
"\core\event\course_viewed","1010","1721520245"
"\core\event\course_viewed","1010","1721520247"
"\core\event\course_viewed","1010","1721520283"
"\core\event\course_viewed","1010","1721520284"
"\core\event\course_viewed","1010","1721521946"
"\core\event\course_viewed","1010","1721521950"
"\core\event\course_viewed","1010","1721521952"
"\core\event\course_viewed","1010","1721521955"
"\core\event\course_viewed","1010","1721521957"
"\mod_resource\event\course_module_viewed","1010","1721521974"
"\core\event\course_viewed","1010","1721523100"
"\mod_resource\event\course_module_viewed","1010","1721523104"
"\core\event\course_viewed","1010","1721790405"
"\core\event\course_viewed","1010","1721790412"
"\core\event\course_viewed","1010","1721790417"
"\core\event\course_viewed","1010","1721790418"
"\core\event\course_viewed","1010","1721790420"
"\gradereport_user\event\grade_report_viewed","1010","1721790422"
"\mod_quiz\event\course_module_viewed","1010","1721790449"
"\mod_quiz\event\attempt_started","1010","1721790457"
"\mod_quiz\event\attempt_viewed","1010","1721790458"
"\mod_quiz\event\attempt_updated","1010","1721790461"
"\mod_quiz\event\attempt_updated","1010","1721790489"
"\mod_quiz\event\attempt_viewed","1010","1721790498"
"\mod_quiz\event\attempt_updated","1010","1721790498"
"\core\event\course_viewed","1010","1721863825"
"\mod_choicegroup\event\course_module_viewed","1010","1721864219"
"\mod_choicegroup\event\course_module_viewed","1010","1721864223"
"\mod_choicegroup\event\course_module_viewed","1010","1721864224"
"\mod_choicegroup\event\course_module_viewed","1010","1721864225"
"\mod_choicegroup\event\course_module_viewed","1010","1721864226"
"\mod_choicegroup\event\course_module_viewed","1010","1721864297"
"\core\event\course_viewed","1010","1721864312"
"\mod_workshop\event\course_module_viewed","1010","1721864315"
"\core\event\course_viewed","1010","1721951587"
"\mod_resource\event\course_module_viewed","1010","1721951589"
"\core\event\course_viewed","1010","1721951604"
"\mod_workshop\event\submission_viewed","1010","1721951608"
"\core\event\course_viewed","1010","1722024241"
"\core\event\course_viewed","1010","1722024243"
"\core\event\course_viewed","1010","1722024319"
"\core\event\course_viewed","1010","1722024330"
"\core\event\course_viewed","1010","1722024331"
"\core\event\course_viewed","1010","1722024332"
"\core\event\course_viewed","1010","1722024339"
"\core\event\course_viewed","1010","1722024345"
"\core\event\course_viewed","1010","1722073527"
"\core\event\course_viewed","1010","1722073530"
"\core\event\course_viewed","1010","1722075539"
"\mod_resource\event\course_module_viewed","1010","1722075543"
"\core\event\course_viewed","1010","1722075563"
"\mod_workshop\event\course_module_viewed","1010","1722075567"
"\core\event\course_viewed","1010","1722075638"
"\core\event\course_viewed","1010","1722075640"
"\mod_resource\event\course_module_viewed","1010","1722075653"
"\core\event\course_viewed","1010","1722075656"
"\core\event\course_viewed","1010","1722075657"
"\mod_resource\event\course_module_viewed","1010","1722075660"
"\mod_workshop\event\assessable_uploaded","1010","1722075727"
"\mod_workshop\event\submission_viewed","1010","1722075728"
"\core\event\course_viewed","1010","1722075736"
"\mod_resource\event\course_module_viewed","1010","1722075748"
"\mod_url\event\course_module_viewed","1010","1722075752"
"\core\event\course_viewed","1010","1722075761"
"\mod_workshop\event\assessable_uploaded","1010","1722075789"
"\mod_workshop\event\submission_created","1010","1722075790"
"\core\event\course_viewed","1010","1722077868"
"\core\event\course_viewed","1010","1722077871"
"\mod_scheduler\event\booking_form_viewed","1010","1722077872"
"\mod_scheduler\event\booking_form_viewed","1010","1722077910"
"\core\event\course_viewed","1010","1722077914"
"\core\event\course_viewed","1010","1722077918"
"\mod_resource\event\course_module_viewed","1010","1722077922"
"\core\event\course_viewed","1010","1722077937"
"\core\event\course_viewed","1010","1722077938"
"\mod_resource\event\course_module_viewed","1010","1722077940"
"\core\event\course_viewed","1010","1722077959"
"\core\event\course_viewed","1010","1722077961"
"\mod_resource\event\course_module_viewed","1010","1722077963"
"\core\event\course_viewed","1010","1722077965"
"\core\event\course_viewed","1010","1722288583"
"\mod_workshop\event\course_module_viewed","1010","1722288587"
"\core\event\course_viewed","1010","1722288824"
"\core\event\course_viewed","1010","1722288827"
"\mod_resource\event\course_module_viewed","1010","1722288830"
"\core\event\course_viewed","1010","1722289959"
"\mod_url\event\course_module_viewed","1010","1722289963"
"\core\event\course_viewed","1010","1722289965"
"\core\event\course_viewed","1010","1722289970"
"\core\event\course_viewed","1010","1722289980"
"\mod_url\event\course_module_viewed","1010","1722289997"
"\mod_workshop\event\course_module_viewed","1010","1722290002"
"\mod_workshop\event\submission_viewed","1010","1722290006"
"\mod_workshop\event\course_module_viewed","1010","1722290013"
"\core\event\course_viewed","1010","1722290379"
"\mod_quiz\event\course_module_viewed","1010","1722290384"
"\core\event\course_viewed","1010","1722290387"
"\mod_resource\event\course_module_viewed","1010","1722290404"
"\mod_resource\event\course_module_viewed","1010","1722290405"
"\core\event\course_viewed","1010","1722448494"
"\core\event\course_viewed","1010","1722448495"
"\core\event\course_viewed","1010","1722448501"
"\mod_workshop\event\course_module_viewed","1010","1722448508"
"\core\event\course_viewed","1010","1722448510"
"\core\event\course_viewed","1010","1722448511"
"\core\event\course_viewed","1010","1722448512"
"\core\event\course_viewed","1010","1722448513"
"\mod_resource\event\course_module_viewed","1010","1722448536"
"\core\event\course_viewed","1010","1722448583"
"\core\event\course_viewed","1010","1722448587"
"\core\event\course_viewed","1010","1722448591"
"\core\event\course_viewed","1010","1722448594"
"\core\event\course_viewed","1010","1722448595"
"\mod_resource\event\course_module_viewed","1010","1722448601"
"\core\event\course_viewed","1010","1722451115"
"\core\event\course_viewed","1010","1722451117"
"\core\event\course_viewed","1010","1722451139"
"\mod_workshop\event\course_module_viewed","1010","1722451143"
"\core\event\course_viewed","1010","1722451148"
"\mod_quiz\event\course_module_viewed","1010","1722451149"
"\core\event\course_viewed","1010","1722451152"
"\core\event\course_viewed","1010","1722451154"
"\mod_quiz\event\course_module_viewed","1010","1722451176"
"\core\event\course_viewed","1010","1722451188"
"\core\event\course_viewed","1010","1722451190"
"\mod_workshop\event\course_module_viewed","1010","1722451194"
"\mod_workshop\event\submission_viewed","1010","1722451207"
"\mod_workshop\event\submission_updated","1010","1722451208"
"\mod_workshop\event\assessable_uploaded","1010","1722451209"
"\mod_workshop\event\submission_viewed","1010","1722451210"
"\core\event\course_viewed","1010","1722451355"
"\core\event\course_viewed","1010","1722451505"
"\core\event\course_viewed","1010","1722451509"
"\mod_resource\event\course_module_viewed","1010","1722451510"
"\core\event\course_viewed","1010","1722451511"
"\mod_quiz\event\attempt_updated","1010","1722451521"
"\core\event\course_viewed","1010","1722491845"
"\mod_workshop\event\course_module_viewed","1010","1722491852"
"\core\event\course_viewed","1010","1722491856"
"\core\event\course_viewed","1010","1722491857"
"\core\event\course_viewed","1010","1722491873"
"\core\event\course_viewed","1010","1722491874"
"\core\event\course_viewed","1010","1722491912"
"\core\event\course_viewed","1010","1722491913"
"\core\event\course_viewed","1010","1722491915"
"\core\event\course_viewed","1010","1722491934"
"\core\event\course_viewed","1010","1722494661"
"\mod_resource\event\course_module_viewed","1010","1722495844"
"\core\event\course_viewed","1010","1722495848"
"\core\event\course_viewed","1010","1722495850"
"\core\event\course_viewed","1010","1722495853"
"\core\event\course_viewed","1010","1722495855"
"\core\event\course_viewed","1010","1722495862"
"\core\event\course_viewed","1010","1722495867"
"\core\event\course_viewed","1010","1722495868"
"\core\event\course_viewed","1010","1722495871"
"\mod_resource\event\course_module_viewed","1010","1722495873"
"\mod_resource\event\course_module_viewed","1010","1722495875"
"\core\event\course_viewed","1010","1722496044"
"\core\event\course_viewed","1010","1722496057"
"\mod_workshop\event\course_module_viewed","1010","1722496062"
"\mod_workshop\event\submission_viewed","1010","1722496767"
"\mod_workshop\event\assessable_uploaded","1010","1722496768"
"\mod_workshop\event\submission_updated","1010","1722496769"
"\mod_workshop\event\submission_created","1010","1722496774"
"\mod_workshop\event\submission_updated","1010","1722496784"
"\mod_workshop\event\submission_created","1010","1722496788"
"\mod_workshop\event\submission_viewed","1010","1722496789"
"\mod_workshop\event\submission_viewed","1010","1722496792"
"\mod_workshop\event\submission_viewed","1010","1722496795"
"\core\event\course_viewed","1010","1722496795"
"\core\event\course_viewed","1010","1722496810"
"\core\event\course_viewed","1010","1722790062"
"\core\event\course_viewed","1010","1722790067"
"\core\event\course_viewed","1010","1722790069"
"\core\event\course_viewed","1010","1722790208"
"\mod_resource\event\course_module_viewed","1010","1722790209"
"\core\event\course_viewed","1010","1722790212"
"\core\event\course_viewed","1010","1722790215"
"\core\event\course_viewed","1010","1722790217"
"\core\event\course_viewed","1010","1722889923"
"\mod_workshop\event\course_module_viewed","1010","1722889927"
"\mod_workshop\event\submission_created","1010","1722890072"
"\mod_workshop\event\assessable_uploaded","1010","1722890074"
"\core\event\course_viewed","1010","1722890095"
"\mod_resource\event\course_module_viewed","1010","1722890104"
"\mod_resource\event\course_module_viewed","1010","1722890110"
"\core\event\course_viewed","1010","1722890112"
"\core\event\course_viewed","1010","1722890118"
"\core\event\course_viewed","1010","1722890119"
"\core\event\course_viewed","1010","1722890121"
"\core\event\course_viewed","1010","1722890152"
"\mod_resource\event\course_module_viewed","1010","1722890156"
"\mod_resource\event\course_module_viewed","1010","1722890157"
"\core\event\course_viewed","1010","1722890967"
"\mod_workshop\event\course_module_viewed","1010","1722890968"
"\core\event\course_viewed","1010","1722890970"
"\mod_quiz\event\course_module_viewed","1010","1722890977"
"\core\event\course_viewed","1010","1722890984"
"\mod_resource\event\course_module_viewed","1010","1722890988"
"\core\event\course_viewed","1010","1722890991"
"\core\event\course_viewed","1010","1722890993"
"\core\event\course_viewed","1010","1722890995"
"\core\event\course_viewed","1010","1722890997"
"\core\event\course_viewed","1010","1722890998"
"\core\event\course_viewed","1010","1722891002"
"\core\event\course_viewed","1010","1722891004"
"\core\event\course_viewed","1010","1722891006"
"\core\event\course_viewed","1010","1722891013"
"\mod_workshop\event\course_module_viewed","1010","1722891024"
"\core\event\course_viewed","1010","1722891310"
"\mod_resource\event\course_module_viewed","1010","1722891311"
"\core\event\course_viewed","1010","1722891318"
"\core\event\course_viewed","1010","1722891320"
"\core\event\course_viewed","1010","1722891325"
"\core\event\course_viewed","1010","1723067349"
"\mod_workshop\event\course_module_viewed","1010","1723067355"
"\mod_workshop\event\submission_viewed","1010","1723068271"
"\core\event\course_viewed","1010","1723068272"
"\mod_workshop\event\course_module_viewed","1010","1723068273"
"\core\event\course_viewed","1010","1723068276"
"\core\event\course_viewed","1010","1723068278"
"\core\event\course_viewed","1010","1723068281"
"\core\event\course_viewed","1010","1723068282"
"\core\event\course_viewed","1010","1723068289"
"\mod_workshop\event\course_module_viewed","1010","1723068293"
"\mod_workshop\event\submission_reassessed","1010","1723068306"
"\core\event\course_viewed","1010","1723068309"
"\core\event\course_viewed","1010","1723068311"
"\mod_resource\event\course_module_viewed","1010","1723068328"
"\core\event\course_viewed","1010","1723075091"
"\core\event\course_viewed","1010","1723075102"
"\mod_resource\event\course_module_viewed","1010","1723075106"
"\mod_resource\event\course_module_viewed","1010","1723075114"
"\core\event\course_viewed","1010","1723075137"
"\core\event\course_viewed","1010","1723075139"
"\mod_workshop\event\course_module_viewed","1010","1723075275"
"\mod_workshop\event\submission_assessed","1010","1723075464"
"\mod_workshop\event\course_module_viewed","1010","1723075465"
"\mod_workshop\event\submission_reassessed","1010","1723075468"
"\core\event\course_viewed","1010","1723101617"
"\gradereport_user\event\grade_report_viewed","1010","1723101619"
"\core\event\course_viewed","1010","1723101641"
"\mod_resource\event\course_module_viewed","1010","1723101643"
"\gradereport_user\event\grade_report_viewed","1010","1723101720"
"\core\event\course_viewed","1010","1723101736"
"\mod_url\event\course_module_viewed","1010","1723101737"
"\mod_workshop\event\assessable_uploaded","1010","1723102267"
"\mod_workshop\event\submission_viewed","1010","1723102268"
"\mod_workshop\event\assessable_uploaded","1010","1723102269"
"\mod_workshop\event\submission_created","1010","1723102359"
"\mod_workshop\event\submission_viewed","1010","1723102363"
"\mod_workshop\event\assessable_uploaded","1010","1723102364"
"\mod_workshop\event\submission_viewed","1010","1723102365"
"\mod_workshop\event\course_module_viewed","1010","1723102366"
"\core\event\course_viewed","1010","1723102367"
"\core\event\course_viewed","1010","1723103366"
"\gradereport_user\event\grade_report_viewed","1010","1723182204"
"\core\event\course_viewed","1010","1723182260"
"\core\event\course_viewed","1010","1723182261"
"\core\event\course_viewed","1010","1723182266"
"\core\event\course_viewed","1010","1723182271"
"\core\event\course_viewed","1010","1723182271"
"\core\event\course_viewed","1010","1723182273"
"\core\event\course_viewed","1010","1723215651"
"\mod_workshop\event\course_module_viewed","1010","1723215739"
"\mod_workshop\event\submission_updated","1010","1723215752"
"\mod_workshop\event\submission_viewed","1010","1723215753"
"\mod_workshop\event\submission_viewed","1010","1723215910"
"\mod_workshop\event\submission_viewed","1010","1723215913"
"\core\event\course_viewed","1010","1723215991"
"\gradereport_user\event\grade_report_viewed","1010","1723215994"
"\core\event\course_viewed","1010","1723215995"
"\mod_workshop\event\course_module_viewed","1010","1723215997"
"\core\event\course_viewed","1010","1723217643"
"\mod_workshop\event\course_module_viewed","1010","1723217645"
"\core\event\course_viewed","1010","1723217646"
"\mod_resource\event\course_module_viewed","1010","1723217655"
"\core\event\course_viewed","1010","1723218359"
"\mod_resource\event\course_module_viewed","1010","1723220260"
"\core\event\course_viewed","1010","1723220519"
"\core\event\course_viewed","1010","1723220520"
"\core\event\course_viewed","1010","1723220522"
"\core\event\course_viewed","1010","1723220524"
"\core\event\course_viewed","1010","1723220530"
"\mod_workshop\event\course_module_viewed","1010","1723220530"
"\mod_workshop\event\course_module_viewed","1010","1723220532"
"\mod_workshop\event\course_module_viewed","1010","1723221268"
"\mod_workshop\event\course_module_viewed","1010","1723221269"
"\core\event\course_viewed","1010","1723221300"
"\mod_resource\event\course_module_viewed","1010","1723221361"
"\core\event\course_viewed","1010","1723222398"
"\gradereport_user\event\grade_report_viewed","1010","1723222436"
"\core\event\course_viewed","1010","1723222472"
"\mod_workshop\event\course_module_viewed","1010","1723222475"
"\core\event\course_viewed","1010","1723222483"
"\core\event\course_viewed","1010","1723222486"
"\mod_forum\event\discussion_viewed","1010","1723222487"
"\mod_forum\event\discussion_viewed","1010","1723222518"
"\mod_forum\event\discussion_viewed","1010","1723222520"
"\core\event\course_viewed","1010","1723244204"
"\core\event\course_viewed","1010","1723244206"
"\mod_resource\event\course_module_viewed","1010","1723246514"
"\mod_resource\event\course_module_viewed","1010","1723247335"
"\core\event\course_viewed","1010","1723247336"
"\mod_workshop\event\course_module_viewed","1010","1723247341"
"\core\event\course_viewed","1010","1723247368"
"\mod_resource\event\course_module_viewed","1010","1723247370"
"\core\event\course_viewed","1010","1723247378"
"\mod_scheduler\event\booking_form_viewed","1010","1723247379"
"\core\event\course_viewed","1010","1723247380"
"\core\event\course_viewed","1010","1723249794"
"\mod_resource\event\course_module_viewed","1010","1723249797"
"\core\event\course_viewed","1010","1723249950"
"\mod_resource\event\course_module_viewed","1010","1723249953"
"\core\event\course_viewed","1010","1723249959"
"\mod_resource\event\course_module_viewed","1010","1723249972"
"\core\event\course_viewed","1010","1723249980"
"\core\event\course_viewed","1010","1723255592"
"\core\event\course_viewed","1010","1723255595"
"\core\event\course_viewed","1010","1723255597"
"\core\event\course_viewed","1010","1723255598"
"\mod_url\event\course_module_viewed","1010","1723257831"
"\core\event\course_viewed","1010","1723257856"
"\core\event\course_viewed","1010","1723257863"
"\core\event\course_viewed","1010","1723257880"
"\core\event\course_viewed","1010","1723257883"
"\core\event\course_viewed","1010","1723257886"
"\core\event\course_viewed","1010","1723355365"
"\core\event\course_viewed","1010","1723355367"
"\core\event\course_viewed","1010","1723355443"
"\core\event\course_viewed","1010","1723355452"
"\mod_scheduler\event\booking_form_viewed","1010","1723355453"
"\core\event\course_viewed","1010","1723357419"
"\mod_quiz\event\attempt_updated","1010","1723357431"
"\mod_quiz\event\attempt_viewed","1010","1723357432"
"\mod_quiz\event\attempt_updated","1010","1723357434"
"\mod_quiz\event\attempt_viewed","1010","1723357462"
"\core\event\course_viewed","1010","1723519015"
"\core\event\course_viewed","1010","1723519018"
"\mod_workshop\event\course_module_viewed","1010","1723519020"
"\core\event\course_viewed","1010","1723519028"
"\mod_workshop\event\course_module_viewed","1010","1723519032"
"\core\event\course_viewed","1010","1723519035"
"\mod_resource\event\course_module_viewed","1010","1723519039"
"\core\event\course_viewed","1010","1723519180"
"\gradereport_user\event\grade_report_viewed","1010","1723519182"
"\core\event\course_viewed","1010","1723519204"
"\core\event\course_viewed","1010","1723519205"
"\mod_resource\event\course_module_viewed","1010","1723519414"
"\core\event\course_viewed","1010","1723521724"
"\core\event\course_viewed","1010","1723521725"
"\core\event\course_viewed","1010","1723626672"
"\mod_workshop\event\course_module_viewed","1010","1723626676"
"\core\event\course_viewed","1010","1723626678"
"\core\event\course_viewed","1010","1723626686"
"\core\event\course_viewed","1010","1723626707"
"\core\event\course_viewed","1010","1723626710"
"\mod_url\event\course_module_viewed","1010","1723626716"
"\core\event\course_viewed","1010","1723626721"
"\core\event\course_viewed","1010","1723626722"
"\mod_resource\event\course_module_viewed","1010","1723626724"
"\mod_quiz\event\course_module_viewed","1010","1723626727"
"\core\event\course_viewed","1010","1723626729"
"\gradereport_user\event\grade_report_viewed","1010","1723626731"
"\gradereport_user\event\grade_report_viewed","1010","1723628586"
"\core\event\course_viewed","1010","1723629298"
"\core\event\course_viewed","1010","1723629305"
"\core\event\course_viewed","1010","1723629306"
"\core\event\course_viewed","1010","1723629307"
"\core\event\course_viewed","1010","1723629308"
"\core\event\course_viewed","1010","1723629309"
"\core\event\course_viewed","1010","1723629312"
"\core\event\course_viewed","1010","1723629314"
"\core\event\course_viewed","1010","1723629319"
"\core\event\course_viewed","1010","1723629320"
"\mod_resource\event\course_module_viewed","1010","1723629333"
"\core\event\course_viewed","1010","1723629347"
"\mod_workshop\event\course_module_viewed","1010","1723629349"
"\core\event\course_viewed","1010","1723629358"
"\mod_workshop\event\course_module_viewed","1010","1723629359"
"\core\event\course_viewed","1010","1723629361"
"\gradereport_user\event\grade_report_viewed","1010","1723629364"
"\core\event\course_viewed","1010","1723629364"
"\core\event\course_viewed","1010","1723629366"
"\core\event\course_viewed","1010","1723629369"
"\core\event\course_viewed","1010","1723629372"
"\mod_workshop\event\course_module_viewed","1010","1723629468"
"\core\event\course_viewed","1010","1723634442"
"\core\event\course_viewed","1010","1723634443"
"\core\event\course_viewed","1010","1723715497"
"\mod_feedback\event\course_module_viewed","1010","1723715505"
"\mod_feedback\event\response_submitted","1010","1723715557"
"\core\event\course_viewed","1010","1723715561"
"\mod_forum\event\discussion_viewed","1010","1723715878"
"\core\event\course_viewed","1010","1723783265"
"\mod_workshop\event\course_module_viewed","1010","1723783267"
"\mod_workshop\event\submission_assessed","1010","1723783275"
"\mod_workshop\event\course_module_viewed","1010","1723783276"
"\core\event\course_viewed","1010","1723783278"
"\core\event\course_viewed","1010","1723783326"
"\core\event\course_viewed","1010","1723783360"
"\mod_resource\event\course_module_viewed","1010","1723783364"
"\core\event\course_viewed","1010","1723783428"
"\mod_workshop\event\course_module_viewed","1010","1723783433"
"\mod_workshop\event\submission_reassessed","1010","1723783433"
"\mod_workshop\event\course_module_viewed","1010","1723787757"
"\mod_workshop\event\assessable_uploaded","1010","1723787764"
"\mod_workshop\event\submission_viewed","1010","1723787771"
"\mod_workshop\event\submission_updated","1010","1723787772"
"\core\event\course_viewed","1010","1723817960"
"\mod_workshop\event\course_module_viewed","1010","1723817963"
"\core\event\course_viewed","1010","1723817964"
"\mod_workshop\event\course_module_viewed","1010","1723817968"
"\core\event\course_viewed","1010","1723817995"
"\mod_workshop\event\course_module_viewed","1010","1723818001"
"\core\event\course_viewed","1010","1723818123"
"\core\event\course_viewed","1010","1723818127"
"\core\event\course_viewed","1010","1723824231"
"\core\event\course_viewed","1010","1723824233"
"\core\event\course_viewed","1010","1723824236"
"\mod_resource\event\course_module_viewed","1010","1723824238"
"\mod_resource\event\course_module_viewed","1010","1723824239"
"\core\event\course_viewed","1010","1723826596"
"\mod_resource\event\course_module_viewed","1010","1723826605"
"\mod_resource\event\course_module_viewed","1010","1723826608"
"\core\event\course_viewed","1010","1723826638"
"\core\event\course_viewed","1010","1723826641"
"\mod_resource\event\course_module_viewed","1010","1723826646"
"\mod_quiz\event\course_module_viewed","1010","1723826678"
"\core\event\course_viewed","1010","1724048812"
"\core\event\course_viewed","1010","1724048814"
"\core\event\course_viewed","1010","1724048815"
"\core\event\course_viewed","1010","1724048816"
"\core\event\course_viewed","1010","1724048896"
"\mod_workshop\event\course_module_viewed","1010","1724048897"
"\mod_workshop\event\submission_viewed","1010","1724048906"
"\core\event\course_viewed","1010","1724048907"
"\core\event\course_viewed","1010","1724049407"
"\gradereport_user\event\grade_report_viewed","1010","1724049409"
"\core\event\course_viewed","1010","1724049411"
"\core\event\course_viewed","1010","1724049420"
"\core\event\course_viewed","1010","1724049477"
"\mod_workshop\event\course_module_viewed","1010","1724049480"
"\core\event\course_viewed","1010","1724049490"
"\core\event\course_viewed","1010","1724049493"
"\core\event\course_viewed","1010","1724049500"
"\mod_workshop\event\course_module_viewed","1010","1724049502"
"\core\event\course_viewed","1010","1724049503"
"\core\event\course_viewed","1010","1724049505"
"\core\event\course_viewed","1010","1724049515"
"\core\event\course_viewed","1010","1724049516"
"\core\event\course_viewed","1010","1724049517"
"\core\event\course_viewed","1010","1724049528"
"\core\event\course_viewed","1010","1724049550"
"\core\event\course_viewed","1010","1724049552"
"\core\event\course_viewed","1010","1724049555"
"\mod_workshop\event\course_module_viewed","1010","1724049558"
"\core\event\course_viewed","1010","1724049559"
"\core\event\course_viewed","1010","1724049560"
"\mod_workshop\event\course_module_viewed","1010","1724049562"
"\mod_workshop\event\course_module_viewed","1010","1724049563"
"\mod_workshop\event\submission_viewed","1010","1724049564"
"\core\event\course_viewed","1010","1724179903"
"\mod_resource\event\course_module_viewed","1010","1724179907"
"\core\event\course_viewed","1010","1724179909"
"\core\event\course_viewed","1010","1724180598"
"\core\event\course_viewed","1010","1724180599"
"\core\event\course_viewed","1010","1724180601"
"\core\event\course_viewed","1010","1724180701"
"\mod_quiz\event\attempt_updated","1010","1724180702"
"\core\event\course_viewed","1010","1724221252"
"\core\event\course_viewed","1010","1724222212"
"\core\event\course_viewed","1010","1724222213"
"\core\event\course_viewed","1010","1724222226"
"\core\event\course_viewed","1010","1724222274"
"\gradereport_user\event\grade_report_viewed","1010","1724222276"
"\core\event\course_viewed","1010","1724222436"
"\mod_resource\event\course_module_viewed","1010","1724222443"
"\core\event\course_viewed","1010","1724222447"
"\core\event\course_viewed","1010","1724222500"
"\mod_workshop\event\course_module_viewed","1010","1724222503"
"\core\event\course_viewed","1010","1724222505"
"\mod_workshop\event\course_module_viewed","1010","1724222508"
"\mod_workshop\event\submission_viewed","1010","1724223031"
"\core\event\course_viewed","1010","1724223357"
"\core\event\course_viewed","1010","1724223454"
"\core\event\course_viewed","1010","1724223457"
"\mod_workshop\event\course_module_viewed","1010","1724223462"
"\core\event\course_viewed","1010","1724223500"
"\core\event\course_viewed","1010","1724223524"
"\mod_workshop\event\course_module_viewed","1010","1724223533"
"\mod_workshop\event\submission_viewed","1010","1724223534"
"\mod_workshop\event\submission_viewed","1010","1724223548"
"\mod_workshop\event\submission_viewed","1010","1724223555"
"\core\event\course_viewed","1010","1724223711"
"\core\event\course_viewed","1010","1724223979"
"\mod_resource\event\course_module_viewed","1010","1724224040"
"\core\event\course_viewed","1010","1724284376"
"\mod_resource\event\course_module_viewed","1010","1724284391"
"\core\event\course_viewed","1010","1724284811"
"\mod_resource\event\course_module_viewed","1010","1724284825"
"\mod_workshop\event\course_module_viewed","1010","1724284827"
"\core\event\course_viewed","1010","1724284828"
"\mod_url\event\course_module_viewed","1010","1724284832"
"\core\event\course_viewed","1010","1724284841"
"\mod_workshop\event\course_module_viewed","1010","1724284845"
"\mod_workshop\event\submission_assessed","1010","1724285818"
"\mod_workshop\event\course_module_viewed","1010","1724285819"
"\core\event\course_viewed","1010","1724285821"
"\core\event\course_viewed","1010","1724285822"
"\core\event\course_viewed","1010","1724285824"
"\core\event\course_viewed","1010","1724285829"
"\core\event\user_graded","1010","1724288138"
"\mod_quiz\event\course_module_viewed","1010","1724288178"
"\mod_quiz\event\course_module_viewed","1010","1724292898"
"\core\event\course_viewed","1010","1724292901"
"\core\event\course_viewed","1010","1724292906"
"\core\event\course_viewed","1010","1724292908"
"\core\event\course_viewed","1010","1724292909"
"\mod_resource\event\course_module_viewed","1010","1724292912"
"\core\event\course_viewed","1010","1724294404"
"\core\event\course_viewed","1010","1724294406"
"\core\event\course_viewed","1010","1724294414"
"\core\event\course_viewed","1010","1724294423"
"\gradereport_user\event\grade_report_viewed","1010","1724294432"
"\mod_quiz\event\attempt_updated","1010","1724294476"
"\mod_quiz\event\attempt_updated","1010","1724294481"
"\mod_quiz\event\attempt_viewed","1010","1724294581"
"\mod_quiz\event\attempt_started","1010","1724294582"
"\core\event\course_viewed","1010","1724349807"
"\core\event\course_viewed","1010","1724349813"
"\mod_workshop\event\course_module_viewed","1010","1724349815"
"\mod_workshop\event\submission_assessed","1010","1724349985"
"\mod_workshop\event\submission_reassessed","1010","1724349987"
"\mod_workshop\event\course_module_viewed","1010","1724349989"
"\core\event\course_viewed","1010","1724349991"
"\core\event\course_viewed","1010","1724349993"
"\core\event\course_viewed","1010","1724349994"
"\core\event\course_viewed","1010","1724349995"
"\core\event\course_viewed","1010","1724396115"
"\core\event\course_viewed","1010","1724396117"
"\core\event\course_viewed","1010","1724396119"
"\mod_url\event\course_module_viewed","1010","1724396122"
"\core\event\course_viewed","1010","1724400037"
"\mod_workshop\event\course_module_viewed","1010","1724401899"
"\core\event\course_viewed","1010","1724512008"
"\core\event\course_viewed","1010","1724512033"
"\mod_workshop\event\course_module_viewed","1010","1724512042"
"\core\event\course_viewed","1010","1724512169"
"\core\event\course_viewed","1010","1724512171"
"\mod_resource\event\course_module_viewed","1010","1724516316"
"\core\event\course_viewed","1010","1724516330"
"\core\event\course_viewed","1010","1724516332"
"\mod_workshop\event\course_module_viewed","1010","1724516333"
"\core\event\course_viewed","1010","1724516336"
"\core\event\course_viewed","1010","1724516344"
"\mod_quiz\event\course_module_viewed","1010","1724516348"
"\core\event\course_viewed","1010","1724516354"
"\mod_url\event\course_module_viewed","1010","1724516356"
"\core\event\course_viewed","1010","1724516366"
"\mod_quiz\event\course_module_viewed","1010","1724516370"
"\mod_quiz\event\attempt_viewed","1010","1724516371"
"\mod_quiz\event\attempt_viewed","1010","1724516376"
"\mod_quiz\event\attempt_updated","1010","1724516443"
"\mod_quiz\event\attempt_viewed","1010","1724516444"
"\core\event\course_viewed","1010","1724559749"
"\core\event\course_viewed","1010","1724559751"
"\core\event\course_viewed","1010","1724559753"
"\core\event\course_viewed","1010","1724559756"
"\mod_resource\event\course_module_viewed","1010","1724559758"
"\core\event\course_viewed","1010","1724561419"
"\core\event\course_viewed","1010","1724561423"
"\core\event\course_viewed","1010","1724561425"
"\mod_workshop\event\course_module_viewed","1010","1724561427"
"\core\event\course_viewed","1010","1724561428"
"\core\event\course_viewed","1010","1724561430"
"\core\event\course_viewed","1010","1724561431"
"\mod_url\event\course_module_viewed","1010","1724561434"
"\mod_workshop\event\submission_assessed","1010","1724561630"
"\mod_workshop\event\submission_assessed","1010","1724561770"
"\core\event\course_viewed","1010","1724661020"
"\core\event\course_viewed","1010","1724661023"
"\core\event\course_viewed","1010","1724661024"
"\core\event\course_viewed","1010","1724661025"
"\mod_resource\event\course_module_viewed","1010","1724662859"
"\core\event\course_viewed","1010","1724662949"
"\core\event\course_viewed","1010","1724662951"
"\core\event\course_viewed","1010","1724668664"
"\mod_workshop\event\course_module_viewed","1010","1724668667"
"\core\event\course_viewed","1010","1724668684"
"\core\event\course_viewed","1010","1724668685"
"\core\event\course_viewed","1010","1724668686"
"\mod_workshop\event\course_module_viewed","1010","1724668689"
"\mod_workshop\event\submission_viewed","1010","1724668697"
"\mod_workshop\event\submission_updated","1010","1724668697"
"\mod_workshop\event\submission_viewed","1010","1724668728"
"\core\event\course_viewed","1010","1724672809"
"\gradereport_user\event\grade_report_viewed","1010","1724860619"
"\core\event\course_viewed","1010","1724862029"
"\mod_url\event\course_module_viewed","1010","1724862240"
"\core\event\course_viewed","1010","1724864745"
"\core\event\course_viewed","1010","1724864748"
"\core\event\course_viewed","1010","1724864750"
"\core\event\course_viewed","1010","1724864754"
"\mod_workshop\event\course_module_viewed","1010","1724864757"
"\core\event\course_viewed","1010","1724864794"
"\mod_resource\event\course_module_viewed","1010","1724864799"
"\mod_resource\event\course_module_viewed","1010","1724864809"
"\core\event\course_viewed","1010","1724865147"
"\core\event\course_viewed","1010","1724865149"
"\core\event\course_viewed","1010","1724865150"
"\core\event\course_viewed","1010","1724914266"
"\core\event\course_viewed","1010","1724914268"
"\core\event\course_viewed","1010","1724914272"
"\mod_resource\event\course_module_viewed","1010","1724914275"
"\core\event\course_viewed","1010","1724914451"
"\mod_resource\event\course_module_viewed","1010","1724914455"
"\core\event\course_viewed","1010","1724915575"
"\core\event\course_viewed","1010","1724915585"
"\mod_workshop\event\course_module_viewed","1010","1724915610"
"\mod_workshop\event\submission_viewed","1010","1724915614"
"\mod_workshop\event\submission_created","1010","1724915615"
"\mod_workshop\event\submission_updated","1010","1724915616"
"\mod_workshop\event\submission_created","1010","1724915918"
"\mod_workshop\event\submission_updated","1010","1724915919"
"\mod_workshop\event\assessable_uploaded","1010","1724915920"
"\mod_workshop\event\submission_created","1010","1724915921"
"\core\event\course_viewed","1010","1724915922"
"\core\event\course_viewed","1010","1724915925"
"\core\event\course_viewed","1010","1724916149"
"\mod_resource\event\course_module_viewed","1010","1724916158"
"\core\event\course_viewed","1010","1724916173"
"\mod_resource\event\course_module_viewed","1010","1724916176"
"\core\event\course_viewed","1010","1724916235"
"\core\event\course_viewed","1010","1724916237"
"\gradereport_user\event\grade_report_viewed","1010","1724916238"
"\mod_workshop\event\course_module_viewed","1010","1724916239"
"\mod_resource\event\course_module_viewed","1010","1724917123"
"\core\event\course_viewed","1010","1724917124"
"\mod_mail\event\course_module_viewed","1010","1724917134"
"\mod_resource\event\course_module_viewed","1010","1724917135"
"\core\event\course_viewed","1010","1724917906"
"\mod_url\event\course_module_viewed","1010","1724917910"
"\core\event\course_viewed","1010","1724918119"
"\mod_resource\event\course_module_viewed","1010","1724918121"
"\core\event\course_viewed","1010","1724918130"
"\core\event\course_viewed","1010","1724918133"
"\core\event\course_viewed","1010","1724918139"
"\core\event\course_viewed","1010","1724918141"
"\core\event\course_viewed","1010","1724918317"
"\core\event\course_viewed","1010","1725053121"
"\gradereport_user\event\grade_report_viewed","1010","1725053124"
"\core\event\course_viewed","1010","1725053128"
"\mod_workshop\event\course_module_viewed","1010","1725054727"
"\core\event\course_viewed","1010","1725917125"
"\core\event\course_viewed","1010","1725917141"
"\core\event\course_viewed","1010","1725917150"
"\core\event\course_viewed","1010","1725917152"
"\mod_resource\event\course_module_viewed","1010","1725917159"
"\core\event\course_viewed","1010","1725917284"
"\core\event\course_viewed","1010","1725917293"
"\core\event\course_viewed","1010","1725978350"
"\mod_resource\event\course_module_viewed","1010","1725978375"
"\core\event\course_viewed","1010","1725978638"
"\core\event\course_viewed","1010","1725978846"
"\mod_resource\event\course_module_viewed","1010","1725978849"
"\core\event\course_viewed","1010","1725978859"
"\mod_workshop\event\course_module_viewed","1010","1725978863"
"\core\event\course_viewed","1010","1725978866"
"\core\event\course_viewed","1010","1726078857"
"\core\event\course_viewed","1010","1726078863"
"\mod_forum\event\course_module_viewed","1010","1726078865"
"\mod_forum\event\discussion_viewed","1010","1726078869"
"\core\event\course_viewed","1010","1726110377"
"\mod_resource\event\course_module_viewed","1010","1726110383"
"\core\event\course_viewed","1010","1726110388"
"\core\event\course_viewed","1010","1726110390"
"\core\event\course_viewed","1010","1726110399"
"\core\event\course_viewed","1010","1726110402"
"\core\event\course_viewed","1010","1726110417"
"\mod_resource\event\course_module_viewed","1010","1726110422"
"\core\event\course_viewed","1010","1726110425"
"\core\event\course_viewed","1010","1726110425"
"\core\event\course_viewed","1010","1726110428"
"\core\event\course_viewed","1010","1726110431"
"\mod_workshop\event\course_module_viewed","1010","1726340433"
"\mod_workshop\event\submission_updated","1010","1726340514"
"\mod_workshop\event\submission_created","1010","1726340515"
"\mod_workshop\event\submission_viewed","1010","1726340516"
"\core\event\course_viewed","1010","1726415572"
"\mod_resource\event\course_module_viewed","1010","1726415574"
"\mod_choice\event\answer_created","1010","1726415596"
"\core\event\course_viewed","1010","1726415649"
"\core\event\course_viewed","1010","1726415652"
"\core\event\course_viewed","1010","1726415653"
"\core\event\course_viewed","1010","1726415657"
"\core\event\course_viewed","1010","1726415660"
"\core\event\course_viewed","1010","1726415662"
"\mod_url\event\course_module_viewed","1010","1726415663"
"\mod_url\event\course_module_viewed","1010","1726415673"
"\core\event\course_viewed","1010","1726452943"
"\mod_workshop\event\course_module_viewed","1010","1726452946"
"\mod_workshop\event\course_module_viewed","1010","1726453028"
"\mod_workshop\event\submission_assessed","1010","1726453096"
"\mod_workshop\event\course_module_viewed","1010","1726453097"
"\core\event\course_viewed","1010","1726563088"
"\mod_resource\event\course_module_viewed","1010","1726563099"
"\core\event\course_viewed","1010","1726563425"
"\mod_resource\event\course_module_viewed","1010","1726563427"
"\mod_workshop\event\course_module_viewed","1010","1726565364"
"\mod_workshop\event\submission_assessed","1010","1726565647"
"\core\event\course_viewed","1010","1726589445"
"\core\event\course_viewed","1010","1726589448"
"\mod_resource\event\course_module_viewed","1010","1726623418"
"\mod_resource\event\course_module_viewed","1010","1726625649"
"\core\event\course_viewed","1010","1726627069"
"\core\event\course_viewed","1010","1726627220"
"\core\event\course_viewed","1010","1726627225"
"\core\event\course_viewed","1010","1726632438"
"\mod_resource\event\course_module_viewed","1010","1726632440"
"\mod_resource\event\course_module_viewed","1010","1726632447"
"\core\event\course_viewed","1010","1726633486"
"\mod_choice\event\course_module_viewed","1010","1726633488"
"\mod_choice\event\answer_created","1010","1726633489"
"\core\event\course_viewed","1010","1726633492"
"\mod_resource\event\course_module_viewed","1010","1726633495"
"\mod_workshop\event\course_module_viewed","1010","1726633559"
"\core\event\course_viewed","1010","1726633561"
"\core\event\course_viewed","1010","1726633562"
"\core\event\course_viewed","1010","1726633664"
"\mod_resource\event\course_module_viewed","1010","1726633674"
"\core\event\course_viewed","1010","1726633681"
"\core\event\course_viewed","1010","1726633684"
"\core\event\course_viewed","1010","1726633692"
"\mod_choicegroup\event\course_module_viewed","1010","1726633695"
"\core\event\course_viewed","1010","1726634772"
"\mod_resource\event\course_module_viewed","1010","1726634774"
"\core\event\course_viewed","1010","1726634895"
"\mod_url\event\course_module_viewed","1010","1726634898"
"\core\event\course_viewed","1010","1726634899"
"\mod_url\event\course_module_viewed","1010","1726634900"
"\core\event\course_viewed","1010","1726634908"
"\mod_workshop\event\course_module_viewed","1010","1726634913"
"\core\event\course_viewed","1010","1726634915"
"\gradereport_user\event\grade_report_viewed","1010","1726634919"
"\gradereport_user\event\grade_report_viewed","1010","1726635081"
"\mod_workshop\event\course_module_viewed","1010","1726635095"
"\core\event\course_viewed","1010","1726635134"
"\core\event\course_viewed","1010","1726635217"
"\core\event\course_viewed","1010","1726635230"
"\core\event\course_viewed","1010","1726635232"
"\mod_workshop\event\course_module_viewed","1010","1726635235"
"\core\event\course_viewed","1010","1726693912"
"\core\event\course_viewed","1010","1726693912"
"\mod_workshop\event\course_module_viewed","1010","1726693915"
"\core\event\course_viewed","1010","1726693922"
"\core\event\course_viewed","1010","1726693925"
"\core\event\course_viewed","1010","1726694063"
"\mod_workshop\event\course_module_viewed","1010","1726694065"
"\mod_quiz\event\course_module_viewed","1010","1726694088"
"\mod_quiz\event\attempt_viewed","1010","1726694092"
"\mod_quiz\event\attempt_updated","1010","1726694184"
"\mod_quiz\event\attempt_viewed","1010","1726694185"
"\mod_quiz\event\attempt_updated","1010","1726694231"
"\mod_quiz\event\attempt_viewed","1010","1726694232"
"\mod_quiz\event\attempt_viewed","1010","1726694238"
"\mod_quiz\event\attempt_updated","1010","1726694291"
"\mod_quiz\event\attempt_viewed","1010","1726694292"
"\mod_quiz\event\attempt_updated","1010","1726694298"
"\mod_quiz\event\attempt_viewed","1010","1726694335"
"\mod_quiz\event\attempt_updated","1010","1726694337"
"\mod_quiz\event\attempt_submitted","1010","1726694339"
"\core\event\course_viewed","1010","1726694782"
"\core\event\course_viewed","1010","1726694788"
"\core\event\course_viewed","1010","1726694790"
"\mod_url\event\course_module_viewed","1010","1726694791"
"\core\event\course_viewed","1010","1726694795"
"\mod_resource\event\course_module_viewed","1010","1726694797"
"\mod_resource\event\course_module_viewed","1010","1726694811"
"\core\event\course_viewed","1010","1726695274"
"\mod_resource\event\course_module_viewed","1010","1726695276"
"\core\event\course_viewed","1010","1726695279"
"\core\event\course_viewed","1010","1726695284"
"\mod_workshop\event\course_module_viewed","1010","1726695287"
"\core\event\course_viewed","1010","1727056041"
"\core\event\course_viewed","1010","1727056046"
"\core\event\course_viewed","1010","1727225700"
"\core\event\course_viewed","1010","1727225705"
"\mod_workshop\event\course_module_viewed","1010","1727225707"
"\mod_workshop\event\submission_viewed","1010","1727225748"
"\mod_workshop\event\submission_updated","1010","1727225749"
"\core\event\course_viewed","1010","1727256260"
"\core\event\course_viewed","1010","1727256272"
"\core\event\course_viewed","1010","1727256275"
"\core\event\course_viewed","1010","1727256276"
"\mod_quiz\event\course_module_viewed","1010","1727256278"
"\mod_quiz\event\attempt_started","1010","1727256283"
"\mod_quiz\event\attempt_viewed","1010","1727256287"
"\mod_quiz\event\attempt_viewed","1010","1727256313"
"\mod_quiz\event\course_module_viewed","1010","1727256324"
"\mod_quiz\event\attempt_started","1010","1727256326"
"\mod_quiz\event\attempt_viewed","1010","1727256327"
"\mod_quiz\event\attempt_updated","1010","1727256331"
"\mod_quiz\event\attempt_viewed","1010","1727256533"
"\mod_quiz\event\attempt_viewed","1010","1727256555"
"\mod_quiz\event\attempt_updated","1010","1727256558"
"\mod_quiz\event\attempt_updated","1010","1727391048"
"\mod_quiz\event\attempt_viewed","1010","1727391063"
"\mod_quiz\event\attempt_viewed","1010","1727391063"
"\mod_quiz\event\attempt_updated","1010","1727391163"
"\mod_quiz\event\attempt_updated","1010","1727391169"
"\mod_quiz\event\attempt_viewed","1010","1727391170"
"\mod_quiz\event\attempt_updated","1010","1727391171"
"\mod_quiz\event\attempt_viewed","1010","1727391172"
"\mod_quiz\event\attempt_viewed","1010","1727391179"
"\mod_quiz\event\attempt_viewed","1010","1727391183"
"\mod_quiz\event\attempt_updated","1010","1727391209"
"\mod_quiz\event\attempt_viewed","1010","1727391210"
"\mod_quiz\event\attempt_updated","1010","1727391211"
"\mod_quiz\event\attempt_viewed","1010","1727391212"
"\core\event\course_viewed","1010","1727693084"
"\core\event\course_viewed","1010","1727693086"
"\mod_page\event\course_module_viewed","1010","1727697992"
"\mod_quiz\event\course_module_viewed","1010","1727698002"
"\mod_quiz\event\attempt_started","1010","1727698005"
"\mod_quiz\event\attempt_viewed","1010","1727698009"
"\mod_quiz\event\attempt_viewed","1010","1727698025"
"\mod_quiz\event\attempt_updated","1010","1727698074"
"\mod_quiz\event\attempt_viewed","1010","1727698075"
"\mod_quiz\event\attempt_updated","1010","1727698134"
"\mod_quiz\event\attempt_viewed","1010","1727698135"
"\mod_quiz\event\attempt_updated","1010","1727698136"
"\mod_quiz\event\attempt_viewed","1010","1727698137"
"\mod_quiz\event\attempt_updated","1010","1727699416"
"\mod_quiz\event\attempt_updated","1010","1727699527"
"\core\event\user_graded","1010","1727699530"
"\mod_quiz\event\attempt_submitted","1010","1727699531"
"\core\event\user_graded","1010","1727699532"
"\mod_quiz\event\attempt_submitted","1010","1727699537"
"\mod_quiz\event\attempt_reviewed","1010","1727699537"
"\mod_quiz\event\course_module_viewed","1010","1727699545"
"\core\event\course_viewed","1010","1727734759"
"\core\event\course_viewed","1010","1727734761"
"\gradereport_user\event\grade_report_viewed","1010","1727734765"
"\core\event\course_viewed","1010","1727734779"
"\core\event\course_viewed","1010","1727734783"
"\core\event\course_viewed","1010","1727734818"
"\core\event\course_viewed","1010","1727734819"
"\mod_workshop\event\course_module_viewed","1010","1727734821"
"\core\event\course_viewed","1010","1727734823"
"\gradereport_user\event\grade_report_viewed","1010","1727734825"
"\core\event\course_viewed","1010","1727734901"
"\mod_workshop\event\submission_assessed","1010","1727737276"
"\core\event\course_viewed","1010","1727757201"
"\core\event\course_viewed","1010","1727757202"
"\mod_workshop\event\course_module_viewed","1010","1727757216"
"\core\event\course_viewed","1010","1727757218"
"\core\event\course_viewed","1010","1727757226"
"\core\event\course_viewed","1010","1727757229"
"\core\event\course_viewed","1010","1727757234"
"\mod_quiz\event\attempt_updated","1010","1727757235"
"\mod_quiz\event\attempt_viewed","1010","1727757236"
"\mod_quiz\event\attempt_updated","1010","1727757238"
"\mod_quiz\event\attempt_viewed","1010","1727757239"
"\core\event\course_viewed","1010","1727757346"
"\core\event\course_viewed","1010","1727757349"
"\core\event\course_viewed","1010","1727757351"
"\core\event\course_viewed","1010","1727757354"
"\mod_resource\event\course_module_viewed","1010","1727757355"
"\mod_workshop\event\submission_viewed","1010","1727757943"
"\core\event\course_viewed","1010","1727757954"
"\mod_resource\event\course_module_viewed","1010","1727757957"
"\mod_resource\event\course_module_viewed","1010","1727758209"
"\core\event\course_viewed","1010","1727758226"
"\core\event\course_viewed","1010","1727758229"
"\mod_resource\event\course_module_viewed","1010","1727758232"
"\mod_resource\event\course_module_viewed","1010","1727758314"
"\core\event\course_viewed","1010","1727758323"
"\core\event\course_viewed","1010","1727758332"
"\mod_resource\event\course_module_viewed","1010","1727758336"
"\core\event\course_viewed","1010","1727758341"
"\core\event\course_viewed","1010","1727758342"
"\core\event\course_viewed","1010","1727758344"
"\mod_workshop\event\course_module_viewed","1010","1727758350"
"\core\event\course_viewed","1010","1727758394"
"\mod_forum\event\course_module_viewed","1010","1727758399"
"\mod_mail\event\course_module_viewed","1010","1727758401"
"\mod_mail\event\course_module_viewed","1010","1727758402"
"\core\event\course_viewed","1010","1727758493"
"\core\event\course_viewed","1010","1727758495"
"\core\event\course_viewed","1010","1727758781"
"\core\event\course_viewed","1010","1727758784"
"\core\event\course_viewed","1010","1727758786"
"\mod_workshop\event\course_module_viewed","1010","1727758797"
"\mod_workshop\event\course_module_viewed","1010","1727759100"
"\core\event\course_viewed","1010","1727798662"
"\mod_resource\event\course_module_viewed","1010","1727798667"
"\mod_resource\event\course_module_viewed","1010","1727798670"
"\core\event\course_viewed","1010","1727798684"
"\core\event\course_viewed","1010","1727800749"
"\core\event\course_viewed","1010","1727800751"
"\core\event\course_viewed","1010","1727869445"
"\mod_resource\event\course_module_viewed","1010","1727869556"
"\mod_resource\event\course_module_viewed","1010","1727869557"
"\core\event\course_viewed","1010","1727869560"
"\core\event\course_viewed","1010","1727869561"
"\core\event\course_viewed","1010","1727869563"
"\mod_resource\event\course_module_viewed","1010","1727869566"
"\mod_resource\event\course_module_viewed","1010","1727869573"
"\core\event\course_viewed","1010","1727870571"
"\mod_resource\event\course_module_viewed","1010","1727870573"
"\core\event\course_viewed","1010","1727871260"
"\core\event\course_viewed","1010","1727871265"
"\core\event\course_viewed","1010","1727892011"
"\core\event\course_viewed","1010","1727892012"
"\core\event\course_viewed","1010","1727892016"
"\mod_forum\event\discussion_viewed","1010","1727892018"
"\core\event\course_viewed","1010","1727892037"
"\core\event\course_viewed","1010","1727892039"
"\core\event\course_viewed","1010","1727892041"
"\core\event\course_viewed","1010","1727892074"
"\core\event\course_viewed","1010","1727892137"
"\mod_resource\event\course_module_viewed","1010","1727892138"
"\mod_resource\event\course_module_viewed","1010","1727893593"
"\core\event\course_viewed","1010","1727893606"
"\core\event\course_viewed","1010","1728069143"
"\mod_workshop\event\course_module_viewed","1010","1728069172"
"\core\event\course_viewed","1010","1728069180"
"\core\event\course_viewed","1010","1728069183"
"\core\event\course_viewed","1010","1728069201"
"\core\event\course_viewed","1010","1728069202"
"\gradereport_user\event\grade_report_viewed","1010","1728069206"
"\core\event\course_viewed","1010","1728069220"
"\core\event\course_viewed","1010","1728069225"
"\mod_url\event\course_module_viewed","1010","1728069237"
"\core\event\course_viewed","1010","1728069242"
"\mod_resource\event\course_module_viewed","1010","1728069244"
"\core\event\course_viewed","1010","1728069405"
"\mod_resource\event\course_module_viewed","1010","1728069422"
"\core\event\course_viewed","1010","1728109204"
"\mod_workshop\event\course_module_viewed","1010","1728110403"
"\mod_workshop\event\submission_viewed","1010","1728110416"
"\mod_workshop\event\submission_assessed","1010","1728110681"
"\mod_workshop\event\submission_assessed","1010","1728110723"
"\mod_workshop\event\submission_assessed","1010","1728110812"
"\mod_workshop\event\submission_assessed","1010","1728110815"
"\mod_workshop\event\submission_assessed","1010","1728110818"
"\mod_workshop\event\course_module_viewed","1010","1728110819"
"\core\event\course_viewed","1010","1728110885"
"\core\event\course_viewed","1010","1728110886"
"\mod_workshop\event\course_module_viewed","1010","1728110888"
"\core\event\course_viewed","1010","1728110897"
"\mod_workshop\event\course_module_viewed","1010","1728113476"
"\mod_workshop\event\submission_assessed","1010","1728113495"
"\mod_workshop\event\submission_assessed","1010","1728113524"
"\mod_workshop\event\course_module_viewed","1010","1728113616"
"\mod_workshop\event\submission_viewed","1010","1728113623"
"\core\event\course_viewed","1010","1728113628"
"\core\event\course_viewed","1010","1728113638"
"\core\event\course_viewed","1010","1728113644"
"\mod_resource\event\course_module_viewed","1010","1728113646"
"\mod_resource\event\course_module_viewed","1010","1728113656"
"\core\event\course_viewed","1010","1728117250"
"\mod_workshop\event\course_module_viewed","1010","1728117254"
"\mod_workshop\event\course_module_viewed","1010","1728117498"
"\core\event\course_viewed","1010","1728117523"
"\core\event\course_viewed","1010","1728117524"
"\mod_resource\event\course_module_viewed","1010","1728117526"
"\core\event\course_viewed","1010","1728221215"
"\core\event\course_viewed","1010","1728221219"
"\core\event\course_viewed","1010","1728221220"
"\mod_workshop\event\course_module_viewed","1010","1728221221"
"\core\event\course_viewed","1010","1728221224"
"\core\event\course_viewed","1010","1728221228"
"\mod_resource\event\course_module_viewed","1010","1728221291"
"\core\event\course_viewed","1010","1728221316"
"\mod_resource\event\course_module_viewed","1010","1728221317"
"\core\event\course_viewed","1010","1728221428"
"\core\event\course_viewed","1010","1728221429"
"\core\event\course_viewed","1010","1728221462"
"\core\event\course_viewed","1010","1728221464"
"\core\event\course_viewed","1010","1728221476"
"\core\event\course_viewed","1010","1728221478"
"\core\event\course_viewed","1010","1728221481"
"\core\event\course_viewed","1010","1728221483"
"\core\event\course_viewed","1010","1728221485"
"\core\event\course_viewed","1010","1728221487"
"\core\event\course_viewed","1010","1728221488"
"\core\event\course_viewed","1010","1728221677"
"\core\event\course_viewed","1010","1728221679"
"\core\event\course_viewed","1010","1728221681"
"\mod_url\event\course_module_viewed","1010","1728221685"
"\core\event\course_viewed","1010","1728221688"
"\core\event\course_viewed","1010","1728221701"
"\core\event\course_viewed","1010","1728221703"
"\mod_resource\event\course_module_viewed","1010","1728221709"
"\mod_resource\event\course_module_viewed","1010","1728221714"
"\core\event\course_viewed","1010","1728221866"
"\core\event\course_viewed","1010","1728221869"
"\mod_workshop\event\course_module_viewed","1010","1728221871"
"\core\event\course_viewed","1010","1728309371"
"\core\event\course_viewed","1010","1728309376"
"\mod_workshop\event\course_module_viewed","1010","1728309378"
"\mod_workshop\event\submission_viewed","1010","1728309379"
"\core\event\course_viewed","1010","1728309738"
"\mod_workshop\event\course_module_viewed","1010","1728309743"
"\core\event\course_viewed","1010","1728309772"
"\core\event\user_list_viewed","1010","1728309776"
"\core\event\user_profile_viewed","1010","1728309781"
"\core\event\course_viewed","1010","1728309784"
"\core\event\course_viewed","1010","1728311096"
"\mod_workshop\event\course_module_viewed","1010","1728311098"
"\core\event\course_viewed","1010","1728311107"
"\mod_workshop\event\course_module_viewed","1010","1728311109"
"\mod_workshop\event\submission_assessed","1010","1728311155"
"\core\event\course_viewed","1010","1728311309"
"\core\event\course_viewed","1010","1728311313"
"\mod_scheduler\event\booking_form_viewed","1010","1728311317"
"\mod_resource\event\course_module_viewed","1010","1728315369"
"\mod_resource\event\course_module_viewed","1010","1728315473"
"\core\event\course_viewed","1010","1728315484"
"\core\event\course_viewed","1010","1728315485"
"\mod_workshop\event\course_module_viewed","1010","1728315489"
"\mod_workshop\event\submission_viewed","1010","1728315494"
"\core\event\course_viewed","1010","1728317134"
"\mod_workshop\event\course_module_viewed","1010","1728317142"
"\mod_workshop\event\submission_viewed","1010","1728317154"
"\mod_workshop\event\assessable_uploaded","1010","1728384063"
"\mod_workshop\event\submission_viewed","1010","1728384064"
"\mod_workshop\event\submission_created","1010","1728384065"
"\mod_forum\event\course_module_viewed","1010","1728384071"
"\mod_forum\event\discussion_viewed","1010","1728384074"
"\core\event\course_viewed","1010","1728384086"
"\mod_quiz\event\attempt_updated","1010","1728384089"
"\mod_quiz\event\attempt_viewed","1010","1728384095"
"\mod_quiz\event\attempt_autosaved","1010","1728384236"
"\mod_quiz\event\attempt_updated","1010","1728384334"
"\core\event\course_viewed","1010","1728424332"
"\core\event\course_viewed","1010","1728424603"
"\mod_forum\event\discussion_viewed","1010","1728424605"
"\core\event\course_viewed","1010","1728424657"
"\mod_workshop\event\course_module_viewed","1010","1728424659"
"\core\event\course_viewed","1010","1728424662"
"\core\event\course_viewed","1010","1728424668"
"\core\event\course_viewed","1010","1728424669"
"\core\event\course_viewed","1010","1728424671"
"\mod_workshop\event\course_module_viewed","1010","1728424674"
"\core\event\course_viewed","1010","1728424723"
"\core\event\course_viewed","1010","1728427845"
"\core\event\course_viewed","1010","1728433475"
"\core\event\course_viewed","1010","1728433480"
"\mod_workshop\event\course_module_viewed","1010","1728433487"
"\core\event\course_viewed","1010","1728433491"
"\mod_resource\event\course_module_viewed","1010","1728433498"
"\core\event\course_viewed","1010","1728433564"
"\core\event\course_viewed","1010","1728433577"
"\core\event\course_viewed","1010","1728433579"
"\gradereport_user\event\grade_report_viewed","1010","1728433580"
"\core\event\user_list_viewed","1010","1728433588"
"\core\event\course_viewed","1010","1728526738"
"\core\event\course_viewed","1010","1728526739"
"\core\event\course_viewed","1010","1728526937"
"\mod_quiz\event\course_module_viewed","1010","1728526939"
"\core\event\course_viewed","1010","1728526943"
"\core\event\course_viewed","1010","1728526947"
"\mod_url\event\course_module_viewed","1010","1728526949"
"\core\event\course_viewed","1010","1728556890"
"\gradereport_user\event\grade_report_viewed","1010","1728556894"
"\core\event\course_viewed","1010","1728556902"
"\core\event\course_viewed","1010","1728556903"
"\core\event\course_viewed","1010","1728556908"
"\core\event\course_viewed","1010","1728556910"
"\mod_resource\event\course_module_viewed","1010","1728556912"
"\core\event\course_viewed","1010","1728871419"
"\gradereport_user\event\grade_report_viewed","1010","1728871422"
"\core\event\course_viewed","1010","1728871423"
"\mod_resource\event\course_module_viewed","1010","1728871426"
"\mod_resource\event\course_module_viewed","1010","1728871438"
"\core\event\course_viewed","1010","1728871440"
"\core\event\course_viewed","1010","1728871444"
"\core\event\course_viewed","1010","1728871445"
"\mod_mail\event\course_module_viewed","1010","1728873905"
"\mod_mail\event\course_module_viewed","1010","1728873908"
"\mod_mail\event\message_send","1010","1728873915"
"\mod_mail\event\course_module_viewed","1010","1728873925"
"\mod_mail\event\course_module_viewed","1010","1728873933"
"\mod_mail\event\course_module_viewed","1010","1728874479"
"\mod_mail\event\course_module_viewed","1010","1728874482"
"\mod_mail\event\course_module_viewed","1010","1728874485"
"\core\event\course_viewed","1010","1728874486"
"\core\event\course_viewed","1010","1728874488"
"\core\event\course_viewed","1010","1728874490"
"\core\event\course_viewed","1010","1728874491"
"\core\event\course_viewed","1010","1728874492"
"\core\event\course_viewed","1010","1728874496"
"\core\event\course_viewed","1010","1728874505"
"\mod_workshop\event\course_module_viewed","1010","1728874512"
"\mod_workshop\event\submission_viewed","1010","1728874583"
"\mod_workshop\event\submission_created","1010","1728874584"
